[INFO] [1790553040.773079052] [pose_estimator]: Logging RPE to /workspace/VNAV-labs/lab6/results/rpe_2pt.csv
[WARN] [1790553050.894544584] [pose_estimator]: Closest ground-truth pose is 0.205 s from the image (image 25.255, buffer [24.000, 25.750])
Matched 484 keypoints
[INFO] [1790553051.659995293] [pose_estimator]: RANSAC: 436 inliers / 484, 3 iterations
[INFO] [1790553051.681512959] [pose_estimator]: RPE: trans 0.0115 | rot 0.00000 (0.000 deg)
Matched 408 keypoints
[INFO] [1790553052.471608210] [pose_estimator]: RANSAC: 328 inliers / 408, 5 iterations
[INFO] [1790553052.473294793] [pose_estimator]: RPE: trans 0.0093 | rot 0.00000 (0.000 deg)
Matched 313 keypoints
[INFO] [1790553052.597045126] [pose_estimator]: RANSAC: 250 inliers / 313, 5 iterations
[INFO] [1790553052.597212376] [pose_estimator]: RPE: trans 0.0022 | rot 0.00000 (0.000 deg)
Matched 504 keypoints
[INFO] [1790553052.730257793] [pose_estimator]: RANSAC: 443 inliers / 504, 4 iterations
[INFO] [1790553052.731711585] [pose_estimator]: RPE: trans 0.0033 | rot 0.00000 (0.000 deg)
Matched 515 keypoints
[INFO] [1790553052.898785043] [pose_estimator]: RANSAC: 435 inliers / 515, 4 iterations
[INFO] [1790553052.900163751] [pose_estimator]: RPE: trans 0.0817 | rot 0.00000 (0.000 deg)
Matched 507 keypoints
[INFO] [1790553053.064448460] [pose_estimator]: RANSAC: 455 inliers / 507, 3 iterations
[INFO] [1790553053.070965627] [pose_estimator]: RPE: trans 0.0320 | rot 0.00000 (0.000 deg)
Matched 534 keypoints
[INFO] [1790553053.200849377] [pose_estimator]: RANSAC: 478 inliers / 534, 3 iterations
[INFO] [1790553053.205822710] [pose_estimator]: RPE: trans 0.0290 | rot 0.00000 (0.000 deg)
Matched 501 keypoints
[INFO] [1790553053.330850085] [pose_estimator]: RANSAC: 432 inliers / 501, 4 iterations
[INFO] [1790553053.333243502] [pose_estimator]: RPE: trans 0.1048 | rot 0.00000 (0.000 deg)
Matched 517 keypoints
[INFO] [1790553053.460538377] [pose_estimator]: RANSAC: 451 inliers / 517, 4 iterations
[INFO] [1790553053.460671835] [pose_estimator]: RPE: trans 0.0266 | rot 0.00000 (0.000 deg)
Matched 512 keypoints
[INFO] [1790553053.581622418] [pose_estimator]: RANSAC: 440 inliers / 512, 4 iterations
[INFO] [1790553053.581805752] [pose_estimator]: RPE: trans 0.0597 | rot 0.00000 (0.000 deg)
Matched 518 keypoints
[INFO] [1790553053.704381335] [pose_estimator]: RANSAC: 432 inliers / 518, 4 iterations
[INFO] [1790553053.704549585] [pose_estimator]: RPE: trans 0.0014 | rot 0.00000 (0.000 deg)
Matched 453 keypoints
[INFO] [1790553053.825506919] [pose_estimator]: RANSAC: 390 inliers / 453, 4 iterations
[INFO] [1790553053.825663752] [pose_estimator]: RPE: trans 0.0319 | rot 0.00000 (0.000 deg)
Matched 508 keypoints
[INFO] [1790553053.944758835] [pose_estimator]: RANSAC: 430 inliers / 508, 4 iterations
[INFO] [1790553053.944884002] [pose_estimator]: RPE: trans 0.0052 | rot 0.00000 (0.000 deg)
Matched 500 keypoints
[INFO] [1790553054.064416585] [pose_estimator]: RANSAC: 424 inliers / 500, 4 iterations
[INFO] [1790553054.064675002] [pose_estimator]: RPE: trans 0.0933 | rot 0.00000 (0.000 deg)
Matched 480 keypoints
[INFO] [1790553054.184630544] [pose_estimator]: RANSAC: 412 inliers / 480, 4 iterations
[INFO] [1790553054.184783044] [pose_estimator]: RPE: trans 0.0203 | rot 0.00000 (0.000 deg)
Matched 507 keypoints
[INFO] [1790553054.305448294] [pose_estimator]: RANSAC: 412 inliers / 507, 5 iterations
[INFO] [1790553054.305594169] [pose_estimator]: RPE: trans 0.1145 | rot 0.00000 (0.000 deg)
Matched 430 keypoints
[INFO] [1790553054.424969127] [pose_estimator]: RANSAC: 362 inliers / 430, 4 iterations
[INFO] [1790553054.425113086] [pose_estimator]: RPE: trans 0.0092 | rot 0.00000 (0.000 deg)
Matched 430 keypoints
[INFO] [1790553054.540810919] [pose_estimator]: RANSAC: 355 inliers / 430, 5 iterations
[INFO] [1790553054.540974086] [pose_estimator]: RPE: trans 0.0090 | rot 0.00000 (0.000 deg)
Matched 411 keypoints
[INFO] [1790553054.658518836] [pose_estimator]: RANSAC: 320 inliers / 411, 5 iterations
[INFO] [1790553054.658676502] [pose_estimator]: RPE: trans 0.1358 | rot 0.00000 (0.000 deg)
Matched 383 keypoints
[INFO] [1790553054.781232627] [pose_estimator]: RANSAC: 313 inliers / 383, 5 iterations
[INFO] [1790553054.781418711] [pose_estimator]: RPE: trans 0.0596 | rot 0.00000 (0.000 deg)
Matched 413 keypoints
[INFO] [1790553054.895852586] [pose_estimator]: RANSAC: 326 inliers / 413, 5 iterations
[INFO] [1790553054.896754419] [pose_estimator]: RPE: trans 0.0253 | rot 0.00000 (0.000 deg)
Matched 369 keypoints
[INFO] [1790553055.013823669] [pose_estimator]: RANSAC: 281 inliers / 369, 6 iterations
[INFO] [1790553055.013976294] [pose_estimator]: RPE: trans 0.1222 | rot 0.00000 (0.000 deg)
Matched 344 keypoints
[INFO] [1790553055.126616086] [pose_estimator]: RANSAC: 279 inliers / 344, 5 iterations
[INFO] [1790553055.126767378] [pose_estimator]: RPE: trans 0.0054 | rot 0.00000 (0.000 deg)
Matched 370 keypoints
[INFO] [1790553055.242012211] [pose_estimator]: RANSAC: 314 inliers / 370, 4 iterations
[INFO] [1790553055.242195128] [pose_estimator]: RPE: trans 0.0186 | rot 0.00000 (0.000 deg)
Matched 386 keypoints
[INFO] [1790553055.373916961] [pose_estimator]: RANSAC: 316 inliers / 386, 5 iterations
[INFO] [1790553055.378382378] [pose_estimator]: RPE: trans 0.0099 | rot 0.00000 (0.000 deg)
Matched 401 keypoints
[INFO] [1790553055.502364253] [pose_estimator]: RANSAC: 294 inliers / 401, 6 iterations
[INFO] [1790553055.502548086] [pose_estimator]: RPE: trans 0.0802 | rot 0.00000 (0.000 deg)
Matched 331 keypoints
[INFO] [1790553055.614865794] [pose_estimator]: RANSAC: 264 inliers / 331, 5 iterations
[INFO] [1790553055.615040128] [pose_estimator]: RPE: trans 0.0627 | rot 0.00000 (0.000 deg)
Matched 351 keypoints
[INFO] [1790553055.735205878] [pose_estimator]: RANSAC: 281 inliers / 351, 5 iterations
[INFO] [1790553055.735375003] [pose_estimator]: RPE: trans 0.0383 | rot 0.00000 (0.000 deg)
Matched 346 keypoints
[INFO] [1790553055.850961878] [pose_estimator]: RANSAC: 266 inliers / 346, 6 iterations
[INFO] [1790553055.851128545] [pose_estimator]: RPE: trans 0.1017 | rot 0.00000 (0.000 deg)
Matched 297 keypoints
[INFO] [1790553055.959869836] [pose_estimator]: RANSAC: 239 inliers / 297, 5 iterations
[INFO] [1790553055.960040670] [pose_estimator]: RPE: trans 0.0044 | rot 0.00000 (0.000 deg)
Matched 308 keypoints
[INFO] [1790553056.069536670] [pose_estimator]: RANSAC: 251 inliers / 308, 5 iterations
[INFO] [1790553056.069688211] [pose_estimator]: RPE: trans 0.0472 | rot 0.00000 (0.000 deg)
Matched 314 keypoints
[INFO] [1790553056.181828961] [pose_estimator]: RANSAC: 273 inliers / 314, 4 iterations
[INFO] [1790553056.182955003] [pose_estimator]: RPE: trans 0.0605 | rot 0.00000 (0.000 deg)
Matched 298 keypoints
[INFO] [1790553056.301622753] [pose_estimator]: RANSAC: 247 inliers / 298, 5 iterations
[INFO] [1790553056.303811253] [pose_estimator]: RPE: trans 0.0174 | rot 0.00000 (0.000 deg)
Matched 300 keypoints
[INFO] [1790553056.411177920] [pose_estimator]: RANSAC: 249 inliers / 300, 4 iterations
[INFO] [1790553056.411338628] [pose_estimator]: RPE: trans 0.0077 | rot 0.00000 (0.000 deg)
Matched 316 keypoints
[INFO] [1790553056.517658503] [pose_estimator]: RANSAC: 248 inliers / 316, 5 iterations
[INFO] [1790553056.517828170] [pose_estimator]: RPE: trans 0.0247 | rot 0.00000 (0.000 deg)
Matched 300 keypoints
[INFO] [1790553056.628444837] [pose_estimator]: RANSAC: 248 inliers / 300, 5 iterations
[INFO] [1790553056.631752920] [pose_estimator]: RPE: trans 0.0383 | rot 0.00000 (0.000 deg)
Matched 310 keypoints
[INFO] [1790553056.746911962] [pose_estimator]: RANSAC: 232 inliers / 310, 7 iterations
[INFO] [1790553056.747052170] [pose_estimator]: RPE: trans 0.1410 | rot 0.00000 (0.000 deg)
Matched 295 keypoints
[INFO] [1790553056.857985795] [pose_estimator]: RANSAC: 214 inliers / 295, 7 iterations
[INFO] [1790553056.858131545] [pose_estimator]: RPE: trans 0.1405 | rot 0.00000 (0.000 deg)
Matched 286 keypoints
[INFO] [1790553056.962760878] [pose_estimator]: RANSAC: 233 inliers / 286, 5 iterations
[INFO] [1790553056.962917253] [pose_estimator]: RPE: trans 0.0780 | rot 0.00000 (0.000 deg)
Matched 291 keypoints
[INFO] [1790553057.074483253] [pose_estimator]: RANSAC: 233 inliers / 291, 5 iterations
[INFO] [1790553057.093314212] [pose_estimator]: RPE: trans 0.0222 | rot 0.00000 (0.000 deg)
Matched 296 keypoints
[INFO] [1790553057.222633504] [pose_estimator]: RANSAC: 251 inliers / 296, 4 iterations
[INFO] [1790553057.233338337] [pose_estimator]: RPE: trans 0.0210 | rot 0.00000 (0.000 deg)
Matched 296 keypoints
[INFO] [1790553057.349124545] [pose_estimator]: RANSAC: 236 inliers / 296, 5 iterations
[INFO] [1790553057.349284170] [pose_estimator]: RPE: trans 0.0076 | rot 0.00000 (0.000 deg)
Matched 292 keypoints
[INFO] [1790553057.459553295] [pose_estimator]: RANSAC: 242 inliers / 292, 4 iterations
[INFO] [1790553057.464160504] [pose_estimator]: RPE: trans 0.0713 | rot 0.00000 (0.000 deg)
Matched 336 keypoints
[INFO] [1790553057.589566754] [pose_estimator]: RANSAC: 283 inliers / 336, 4 iterations
[INFO] [1790553057.594701962] [pose_estimator]: RPE: trans 0.0320 | rot 0.00000 (0.000 deg)
Matched 354 keypoints
[INFO] [1790553057.707385587] [pose_estimator]: RANSAC: 290 inliers / 354, 5 iterations
[INFO] [1790553057.707540337] [pose_estimator]: RPE: trans 0.1026 | rot 0.00000 (0.000 deg)
Matched 318 keypoints
[INFO] [1790553057.817003670] [pose_estimator]: RANSAC: 263 inliers / 318, 4 iterations
[INFO] [1790553057.817146087] [pose_estimator]: RPE: trans 0.0578 | rot 0.00000 (0.000 deg)
Matched 310 keypoints
[INFO] [1790553057.930632754] [pose_estimator]: RANSAC: 235 inliers / 310, 6 iterations
[INFO] [1790553057.937973004] [pose_estimator]: RPE: trans 0.0173 | rot 0.00000 (0.000 deg)
Matched 341 keypoints
[INFO] [1790553058.073632837] [pose_estimator]: RANSAC: 261 inliers / 341, 6 iterations
[INFO] [1790553058.091615296] [pose_estimator]: RPE: trans 0.0402 | rot 0.00000 (0.000 deg)
Matched 336 keypoints
[INFO] [1790553058.227481629] [pose_estimator]: RANSAC: 255 inliers / 336, 6 iterations
[INFO] [1790553058.240348046] [pose_estimator]: RPE: trans 0.0678 | rot 0.00000 (0.000 deg)
Matched 319 keypoints
[INFO] [1790553058.369602129] [pose_estimator]: RANSAC: 267 inliers / 319, 4 iterations
[INFO] [1790553058.379380337] [pose_estimator]: RPE: trans 0.1044 | rot 0.00000 (0.000 deg)
Matched 324 keypoints
[INFO] [1790553058.503315212] [pose_estimator]: RANSAC: 253 inliers / 324, 5 iterations
[INFO] [1790553058.513431879] [pose_estimator]: RPE: trans 0.0559 | rot 0.00000 (0.000 deg)
Matched 275 keypoints
[INFO] [1790553058.628230754] [pose_estimator]: RANSAC: 210 inliers / 275, 6 iterations
[INFO] [1790553058.640327671] [pose_estimator]: RPE: trans 0.1231 | rot 0.00000 (0.000 deg)
Matched 297 keypoints
[INFO] [1790553058.761145379] [pose_estimator]: RANSAC: 244 inliers / 297, 7 iterations
[INFO] [1790553058.763893963] [pose_estimator]: RPE: trans 0.1191 | rot 0.00000 (0.000 deg)
Matched 331 keypoints
[INFO] [1790553058.882396004] [pose_estimator]: RANSAC: 252 inliers / 331, 6 iterations
[INFO] [1790553058.886880838] [pose_estimator]: RPE: trans 0.1687 | rot 0.00000 (0.000 deg)
Matched 323 keypoints
[INFO] [1790553059.002068629] [pose_estimator]: RANSAC: 250 inliers / 323, 6 iterations
[INFO] [1790553059.002235629] [pose_estimator]: RPE: trans 0.1091 | rot 0.00000 (0.000 deg)
Matched 312 keypoints
[INFO] [1790553059.114398879] [pose_estimator]: RANSAC: 256 inliers / 312, 5 iterations
[INFO] [1790553059.114551463] [pose_estimator]: RPE: trans 0.0425 | rot 0.00000 (0.000 deg)
Matched 332 keypoints
[INFO] [1790553059.225079296] [pose_estimator]: RANSAC: 271 inliers / 332, 5 iterations
[INFO] [1790553059.225240921] [pose_estimator]: RPE: trans 0.0350 | rot 0.00000 (0.000 deg)
Matched 355 keypoints
[INFO] [1790553059.336345546] [pose_estimator]: RANSAC: 271 inliers / 355, 6 iterations
[INFO] [1790553059.336464088] [pose_estimator]: RPE: trans 0.0446 | rot 0.00000 (0.000 deg)
Matched 360 keypoints
[INFO] [1790553059.475446130] [pose_estimator]: RANSAC: 264 inliers / 360, 6 iterations
[INFO] [1790553059.478393880] [pose_estimator]: RPE: trans 0.1707 | rot 0.00000 (0.000 deg)
Matched 315 keypoints
[INFO] [1790553059.593133130] [pose_estimator]: RANSAC: 242 inliers / 315, 6 iterations
[INFO] [1790553059.593298005] [pose_estimator]: RPE: trans 0.0240 | rot 0.00000 (0.000 deg)
Matched 311 keypoints
[INFO] [1790553059.702041880] [pose_estimator]: RANSAC: 249 inliers / 311, 5 iterations
[INFO] [1790553059.702205130] [pose_estimator]: RPE: trans 0.0510 | rot 0.00000 (0.000 deg)
Matched 333 keypoints
[INFO] [1790553059.814284213] [pose_estimator]: RANSAC: 272 inliers / 333, 5 iterations
[INFO] [1790553059.817050880] [pose_estimator]: RPE: trans 0.1354 | rot 0.00000 (0.000 deg)
Matched 338 keypoints
[INFO] [1790553059.935993005] [pose_estimator]: RANSAC: 277 inliers / 338, 5 iterations
[INFO] [1790553059.937923130] [pose_estimator]: RPE: trans 0.0560 | rot 0.00000 (0.000 deg)
Matched 290 keypoints
[INFO] [1790553060.057675005] [pose_estimator]: RANSAC: 241 inliers / 290, 5 iterations
[INFO] [1790553060.057863838] [pose_estimator]: RPE: trans 0.1303 | rot 0.00000 (0.000 deg)
Matched 314 keypoints
[INFO] [1790553060.172839422] [pose_estimator]: RANSAC: 257 inliers / 314, 5 iterations
[INFO] [1790553060.172996130] [pose_estimator]: RPE: trans 0.1720 | rot 0.00000 (0.000 deg)
Matched 305 keypoints
[INFO] [1790553060.285044380] [pose_estimator]: RANSAC: 250 inliers / 305, 5 iterations
[INFO] [1790553060.287001880] [pose_estimator]: RPE: trans 0.0780 | rot 0.00000 (0.000 deg)
Matched 311 keypoints
[INFO] [1790553060.398752047] [pose_estimator]: RANSAC: 258 inliers / 311, 4 iterations
[INFO] [1790553060.398916005] [pose_estimator]: RPE: trans 0.0556 | rot 0.00000 (0.000 deg)
Matched 259 keypoints
[INFO] [1790553060.508123088] [pose_estimator]: RANSAC: 209 inliers / 259, 5 iterations
[INFO] [1790553060.508296338] [pose_estimator]: RPE: trans 0.0111 | rot 0.00000 (0.000 deg)
Matched 308 keypoints
[INFO] [1790553060.618009505] [pose_estimator]: RANSAC: 233 inliers / 308, 6 iterations
[INFO] [1790553060.618159547] [pose_estimator]: RPE: trans 0.0828 | rot 0.00000 (0.000 deg)
Matched 299 keypoints
[INFO] [1790553060.727111380] [pose_estimator]: RANSAC: 243 inliers / 299, 5 iterations
[INFO] [1790553060.729736339] [pose_estimator]: RPE: trans 0.0401 | rot 0.00000 (0.000 deg)
Matched 292 keypoints
[INFO] [1790553060.843235380] [pose_estimator]: RANSAC: 237 inliers / 292, 5 iterations
[INFO] [1790553060.843411672] [pose_estimator]: RPE: trans 0.0074 | rot 0.00000 (0.000 deg)
Matched 270 keypoints
[INFO] [1790553060.953036089] [pose_estimator]: RANSAC: 226 inliers / 270, 4 iterations
[INFO] [1790553060.953193839] [pose_estimator]: RPE: trans 0.0659 | rot 0.00000 (0.000 deg)
Matched 248 keypoints
[INFO] [1790553061.060410297] [pose_estimator]: RANSAC: 196 inliers / 248, 5 iterations
[INFO] [1790553061.060574547] [pose_estimator]: RPE: trans 0.0712 | rot 0.00000 (0.000 deg)
Matched 282 keypoints
[INFO] [1790553061.168667839] [pose_estimator]: RANSAC: 239 inliers / 282, 4 iterations
[INFO] [1790553061.170185255] [pose_estimator]: RPE: trans 0.1176 | rot 0.00000 (0.000 deg)
Matched 288 keypoints
[INFO] [1790553061.280983880] [pose_estimator]: RANSAC: 231 inliers / 288, 5 iterations
[INFO] [1790553061.281150214] [pose_estimator]: RPE: trans 0.7859 | rot 0.00000 (0.000 deg)
Matched 311 keypoints
[INFO] [1790553061.388364256] [pose_estimator]: RANSAC: 264 inliers / 311, 4 iterations
[INFO] [1790553061.388529506] [pose_estimator]: RPE: trans 0.0445 | rot 0.00000 (0.000 deg)
Matched 296 keypoints
[INFO] [1790553061.496194131] [pose_estimator]: RANSAC: 248 inliers / 296, 4 iterations
[INFO] [1790553061.496396631] [pose_estimator]: RPE: trans 0.0165 | rot 0.00000 (0.000 deg)
Matched 245 keypoints
[INFO] [1790553061.607634381] [pose_estimator]: RANSAC: 212 inliers / 245, 4 iterations
[INFO] [1790553061.608979172] [pose_estimator]: RPE: trans 0.1053 | rot 0.00000 (0.000 deg)
Matched 309 keypoints
[INFO] [1790553061.726481131] [pose_estimator]: RANSAC: 255 inliers / 309, 5 iterations
[INFO] [1790553061.726638214] [pose_estimator]: RPE: trans 0.0281 | rot 0.00000 (0.000 deg)
Matched 290 keypoints
[INFO] [1790553061.835790131] [pose_estimator]: RANSAC: 239 inliers / 290, 5 iterations
[INFO] [1790553061.835942006] [pose_estimator]: RPE: trans 0.0430 | rot 0.00000 (0.000 deg)
Matched 345 keypoints
[INFO] [1790553061.957286797] [pose_estimator]: RANSAC: 291 inliers / 345, 4 iterations
[INFO] [1790553061.961641006] [pose_estimator]: RPE: trans 0.0784 | rot 0.00000 (0.000 deg)
Matched 293 keypoints
[INFO] [1790553062.082633381] [pose_estimator]: RANSAC: 237 inliers / 293, 5 iterations
[INFO] [1790553062.087981214] [pose_estimator]: RPE: trans 0.0974 | rot 0.00000 (0.000 deg)
Matched 350 keypoints
[INFO] [1790553062.205720173] [pose_estimator]: RANSAC: 306 inliers / 350, 4 iterations
[INFO] [1790553062.205879506] [pose_estimator]: RPE: trans 0.0640 | rot 0.00000 (0.000 deg)
Matched 338 keypoints
[INFO] [1790553062.317156423] [pose_estimator]: RANSAC: 287 inliers / 338, 5 iterations
[INFO] [1790553062.317293506] [pose_estimator]: RPE: trans 0.0079 | rot 0.00000 (0.000 deg)
Matched 374 keypoints
[INFO] [1790553062.428030298] [pose_estimator]: RANSAC: 325 inliers / 374, 4 iterations
[INFO] [1790553062.428168256] [pose_estimator]: RPE: trans 0.0181 | rot 0.00000 (0.000 deg)
Matched 360 keypoints
[INFO] [1790553062.541667339] [pose_estimator]: RANSAC: 306 inliers / 360, 4 iterations
[INFO] [1790553062.541807048] [pose_estimator]: RPE: trans 0.0788 | rot 0.00000 (0.000 deg)
Matched 405 keypoints
[INFO] [1790553062.658827589] [pose_estimator]: RANSAC: 342 inliers / 405, 5 iterations
[INFO] [1790553062.658991839] [pose_estimator]: RPE: trans 0.0621 | rot 0.00000 (0.000 deg)
Matched 359 keypoints
[INFO] [1790553062.774877298] [pose_estimator]: RANSAC: 319 inliers / 359, 3 iterations
[INFO] [1790553062.775049506] [pose_estimator]: RPE: trans 0.0101 | rot 0.00000 (0.000 deg)
Matched 399 keypoints
[INFO] [1790553062.939969840] [pose_estimator]: RANSAC: 358 inliers / 399, 3 iterations
[INFO] [1790553062.940137423] [pose_estimator]: RPE: trans 0.0733 | rot 0.00000 (0.000 deg)
Matched 288 keypoints
[INFO] [1790553063.049964131] [pose_estimator]: RANSAC: 242 inliers / 288, 4 iterations
[INFO] [1790553063.050145215] [pose_estimator]: RPE: trans 0.0898 | rot 0.00000 (0.000 deg)
Matched 289 keypoints
[INFO] [1790553063.155719715] [pose_estimator]: RANSAC: 233 inliers / 289, 5 iterations
[INFO] [1790553063.155883465] [pose_estimator]: RPE: trans 0.1533 | rot 0.00000 (0.000 deg)
Matched 252 keypoints
[INFO] [1790553063.282045256] [pose_estimator]: RANSAC: 208 inliers / 252, 5 iterations
[INFO] [1790553063.286043006] [pose_estimator]: RPE: trans 0.0194 | rot 0.00000 (0.000 deg)
Matched 274 keypoints
[INFO] [1790553063.410250631] [pose_estimator]: RANSAC: 234 inliers / 274, 4 iterations
[INFO] [1790553063.423670590] [pose_estimator]: RPE: trans 0.0143 | rot 0.00000 (0.000 deg)
Matched 280 keypoints
[INFO] [1790553063.552620465] [pose_estimator]: RANSAC: 240 inliers / 280, 4 iterations
[INFO] [1790553063.552790048] [pose_estimator]: RPE: trans 0.0723 | rot 0.00000 (0.000 deg)
Matched 259 keypoints
[INFO] [1790553063.660941465] [pose_estimator]: RANSAC: 208 inliers / 259, 5 iterations
[INFO] [1790553063.661085632] [pose_estimator]: RPE: trans 0.2253 | rot 0.00000 (0.000 deg)
Matched 265 keypoints
[INFO] [1790553063.771319798] [pose_estimator]: RANSAC: 222 inliers / 265, 5 iterations
[INFO] [1790553063.777437673] [pose_estimator]: RPE: trans 0.0871 | rot 0.00000 (0.000 deg)
Matched 246 keypoints
[INFO] [1790553063.898058882] [pose_estimator]: RANSAC: 198 inliers / 246, 5 iterations
[INFO] [1790553063.902740173] [pose_estimator]: RPE: trans 0.1478 | rot 0.00000 (0.000 deg)
Matched 248 keypoints
[INFO] [1790553064.011407215] [pose_estimator]: RANSAC: 191 inliers / 248, 6 iterations
[INFO] [1790553064.011573007] [pose_estimator]: RPE: trans 0.1446 | rot 0.00000 (0.000 deg)
Matched 241 keypoints
[INFO] [1790553064.145572382] [pose_estimator]: RANSAC: 195 inliers / 241, 5 iterations
[INFO] [1790553064.147629673] [pose_estimator]: RPE: trans 0.0764 | rot 0.00000 (0.000 deg)
Matched 242 keypoints
[INFO] [1790553064.262542215] [pose_estimator]: RANSAC: 179 inliers / 242, 6 iterations
[INFO] [1790553064.264809965] [pose_estimator]: RPE: trans 0.0691 | rot 0.00000 (0.000 deg)
Matched 229 keypoints
[INFO] [1790553064.372090174] [pose_estimator]: RANSAC: 161 inliers / 229, 7 iterations
[INFO] [1790553064.372697424] [pose_estimator]: RPE: trans 0.2085 | rot 0.00000 (0.000 deg)
Matched 262 keypoints
[INFO] [1790553064.480430965] [pose_estimator]: RANSAC: 190 inliers / 262, 7 iterations
[INFO] [1790553064.480562382] [pose_estimator]: RPE: trans 0.0798 | rot 0.00000 (0.000 deg)
Matched 278 keypoints
[INFO] [1790553064.598652299] [pose_estimator]: RANSAC: 208 inliers / 278, 6 iterations
[INFO] [1790553064.599261215] [pose_estimator]: RPE: trans 0.1215 | rot 0.00000 (0.000 deg)
Matched 246 keypoints
[INFO] [1790553064.718037049] [pose_estimator]: RANSAC: 188 inliers / 246, 6 iterations
[INFO] [1790553064.726471674] [pose_estimator]: RPE: trans 0.0733 | rot 0.00000 (0.000 deg)
Matched 234 keypoints
[INFO] [1790553064.857939590] [pose_estimator]: RANSAC: 167 inliers / 234, 7 iterations
[INFO] [1790553064.858151382] [pose_estimator]: RPE: trans 0.0983 | rot 0.00000 (0.000 deg)
Matched 270 keypoints
[INFO] [1790553064.980247507] [pose_estimator]: RANSAC: 188 inliers / 270, 7 iterations
[INFO] [1790553064.982850174] [pose_estimator]: RPE: trans 0.0635 | rot 0.00000 (0.000 deg)
Matched 308 keypoints
[INFO] [1790553065.114269882] [pose_estimator]: RANSAC: 227 inliers / 308, 6 iterations
[INFO] [1790553065.114438091] [pose_estimator]: RPE: trans 0.0807 | rot 0.00000 (0.000 deg)
Matched 211 keypoints
[INFO] [1790553065.224008799] [pose_estimator]: RANSAC: 163 inliers / 211, 6 iterations
[INFO] [1790553065.224179549] [pose_estimator]: RPE: trans 0.0353 | rot 0.00000 (0.000 deg)
Matched 278 keypoints
[INFO] [1790553065.332336174] [pose_estimator]: RANSAC: 201 inliers / 278, 7 iterations
[INFO] [1790553065.332509882] [pose_estimator]: RPE: trans 0.0144 | rot 0.00000 (0.000 deg)
Matched 269 keypoints
[INFO] [1790553065.440290549] [pose_estimator]: RANSAC: 191 inliers / 269, 7 iterations
[INFO] [1790553065.440875257] [pose_estimator]: RPE: trans 0.1317 | rot 0.00000 (0.000 deg)
Matched 260 keypoints
[INFO] [1790553065.552032924] [pose_estimator]: RANSAC: 184 inliers / 260, 7 iterations
[INFO] [1790553065.552209382] [pose_estimator]: RPE: trans 0.1791 | rot 0.00000 (0.000 deg)
Matched 227 keypoints
[INFO] [1790553065.667183299] [pose_estimator]: RANSAC: 180 inliers / 227, 5 iterations
[INFO] [1790553065.667334549] [pose_estimator]: RPE: trans 0.0322 | rot 0.00000 (0.000 deg)
Matched 281 keypoints
[INFO] [1790553065.777585549] [pose_estimator]: RANSAC: 203 inliers / 281, 7 iterations
[INFO] [1790553065.777745883] [pose_estimator]: RPE: trans 0.0632 | rot 0.00000 (0.000 deg)
Matched 250 keypoints
[INFO] [1790553065.885377341] [pose_estimator]: RANSAC: 206 inliers / 250, 5 iterations
[INFO] [1790553065.885499008] [pose_estimator]: RPE: trans 0.0395 | rot 0.00000 (0.000 deg)
Matched 282 keypoints
[INFO] [1790553065.997183799] [pose_estimator]: RANSAC: 242 inliers / 282, 4 iterations
[INFO] [1790553065.997323383] [pose_estimator]: RPE: trans 0.0241 | rot 0.00000 (0.000 deg)
Matched 324 keypoints
[INFO] [1790553066.109264258] [pose_estimator]: RANSAC: 254 inliers / 324, 5 iterations
[INFO] [1790553066.109407591] [pose_estimator]: RPE: trans 0.0130 | rot 0.00000 (0.000 deg)
Matched 333 keypoints
[INFO] [1790553066.221352466] [pose_estimator]: RANSAC: 261 inliers / 333, 6 iterations
[INFO] [1790553066.221521216] [pose_estimator]: RPE: trans 0.1232 | rot 0.00000 (0.000 deg)
Matched 345 keypoints
[INFO] [1790553066.336954591] [pose_estimator]: RANSAC: 275 inliers / 345, 5 iterations
[INFO] [1790553066.337098550] [pose_estimator]: RPE: trans 0.0760 | rot 0.00000 (0.000 deg)
Matched 340 keypoints
[INFO] [1790553066.448036008] [pose_estimator]: RANSAC: 294 inliers / 340, 4 iterations
[INFO] [1790553066.448192216] [pose_estimator]: RPE: trans 0.0049 | rot 0.00000 (0.000 deg)
Matched 363 keypoints
[INFO] [1790553066.560059841] [pose_estimator]: RANSAC: 296 inliers / 363, 5 iterations
[INFO] [1790553066.560211091] [pose_estimator]: RPE: trans 0.0446 | rot 0.00000 (0.000 deg)
Matched 377 keypoints
[INFO] [1790553066.672082216] [pose_estimator]: RANSAC: 324 inliers / 377, 4 iterations
[INFO] [1790553066.672287300] [pose_estimator]: RPE: trans 0.0204 | rot 0.00000 (0.000 deg)
Matched 372 keypoints
[INFO] [1790553066.785606675] [pose_estimator]: RANSAC: 316 inliers / 372, 4 iterations
[INFO] [1790553066.786280341] [pose_estimator]: RPE: trans 0.0239 | rot 0.00000 (0.000 deg)
Matched 379 keypoints
[INFO] [1790553066.900340008] [pose_estimator]: RANSAC: 326 inliers / 379, 4 iterations
[INFO] [1790553066.900496883] [pose_estimator]: RPE: trans 0.0496 | rot 0.00000 (0.000 deg)
Matched 374 keypoints
[INFO] [1790553067.013468342] [pose_estimator]: RANSAC: 322 inliers / 374, 4 iterations
[INFO] [1790553067.013628758] [pose_estimator]: RPE: trans 0.0036 | rot 0.00000 (0.000 deg)
Matched 375 keypoints
[INFO] [1790553067.126270008] [pose_estimator]: RANSAC: 318 inliers / 375, 4 iterations
[INFO] [1790553067.126447717] [pose_estimator]: RPE: trans 0.0766 | rot 0.00000 (0.000 deg)
Matched 387 keypoints
[INFO] [1790553067.242199967] [pose_estimator]: RANSAC: 321 inliers / 387, 4 iterations
[INFO] [1790553067.242351633] [pose_estimator]: RPE: trans 0.0707 | rot 0.00000 (0.000 deg)
Matched 410 keypoints
[INFO] [1790553067.358706925] [pose_estimator]: RANSAC: 325 inliers / 410, 5 iterations
[INFO] [1790553067.358845800] [pose_estimator]: RPE: trans 0.0278 | rot 0.00000 (0.000 deg)
Matched 408 keypoints
[INFO] [1790553067.478597675] [pose_estimator]: RANSAC: 354 inliers / 408, 4 iterations
[INFO] [1790553067.478731717] [pose_estimator]: RPE: trans 0.0298 | rot 0.00000 (0.000 deg)
Matched 384 keypoints
[INFO] [1790553067.595371175] [pose_estimator]: RANSAC: 328 inliers / 384, 4 iterations
[INFO] [1790553067.595507842] [pose_estimator]: RPE: trans 0.0364 | rot 0.00000 (0.000 deg)
Matched 380 keypoints
[INFO] [1790553067.716234175] [pose_estimator]: RANSAC: 334 inliers / 380, 4 iterations
[INFO] [1790553067.716389634] [pose_estimator]: RPE: trans 0.0402 | rot 0.00000 (0.000 deg)
Matched 399 keypoints
[INFO] [1790553067.830679675] [pose_estimator]: RANSAC: 357 inliers / 399, 3 iterations
[INFO] [1790553067.830825550] [pose_estimator]: RPE: trans 0.1500 | rot 0.00000 (0.000 deg)
Matched 396 keypoints
[INFO] [1790553067.945277884] [pose_estimator]: RANSAC: 314 inliers / 396, 5 iterations
[INFO] [1790553067.945400259] [pose_estimator]: RPE: trans 0.2305 | rot 0.00000 (0.000 deg)
Matched 374 keypoints
[INFO] [1790553068.083540300] [pose_estimator]: RANSAC: 327 inliers / 374, 4 iterations
[INFO] [1790553068.084898967] [pose_estimator]: RPE: trans 0.0305 | rot 0.00000 (0.000 deg)
Matched 366 keypoints
[INFO] [1790553068.217258800] [pose_estimator]: RANSAC: 315 inliers / 366, 4 iterations
[INFO] [1790553068.219323550] [pose_estimator]: RPE: trans 0.0336 | rot 0.00000 (0.000 deg)
Matched 385 keypoints
[INFO] [1790553068.334648009] [pose_estimator]: RANSAC: 327 inliers / 385, 4 iterations
[INFO] [1790553068.334799884] [pose_estimator]: RPE: trans 0.0173 | rot 0.00000 (0.000 deg)
Matched 382 keypoints
[INFO] [1790553068.445928801] [pose_estimator]: RANSAC: 319 inliers / 382, 4 iterations
[INFO] [1790553068.446134259] [pose_estimator]: RPE: trans 0.1005 | rot 0.00000 (0.000 deg)
Matched 357 keypoints
[INFO] [1790553068.557719967] [pose_estimator]: RANSAC: 299 inliers / 357, 4 iterations
[INFO] [1790553068.558267051] [pose_estimator]: RPE: trans 0.0060 | rot 0.00000 (0.000 deg)
Matched 339 keypoints
[INFO] [1790553068.669963092] [pose_estimator]: RANSAC: 297 inliers / 339, 4 iterations
[INFO] [1790553068.670121051] [pose_estimator]: RPE: trans 0.0421 | rot 0.00000 (0.000 deg)
Matched 361 keypoints
[INFO] [1790553068.784144801] [pose_estimator]: RANSAC: 288 inliers / 361, 5 iterations
[INFO] [1790553068.784291134] [pose_estimator]: RPE: trans 0.0426 | rot 0.00000 (0.000 deg)
Matched 367 keypoints
[INFO] [1790553068.895609967] [pose_estimator]: RANSAC: 289 inliers / 367, 5 iterations
[INFO] [1790553068.895797051] [pose_estimator]: RPE: trans 0.0274 | rot 0.00000 (0.000 deg)
Matched 312 keypoints
[INFO] [1790553069.011555884] [pose_estimator]: RANSAC: 262 inliers / 312, 4 iterations
[INFO] [1790553069.014661301] [pose_estimator]: RPE: trans 0.0731 | rot 0.00000 (0.000 deg)
Matched 355 keypoints
[INFO] [1790553069.129423718] [pose_estimator]: RANSAC: 298 inliers / 355, 4 iterations
[INFO] [1790553069.129572343] [pose_estimator]: RPE: trans 0.0274 | rot 0.00000 (0.000 deg)
Matched 360 keypoints
[INFO] [1790553069.240649759] [pose_estimator]: RANSAC: 278 inliers / 360, 6 iterations
[INFO] [1790553069.240811051] [pose_estimator]: RPE: trans 0.1228 | rot 0.00000 (0.000 deg)
Matched 372 keypoints
[INFO] [1790553069.351896426] [pose_estimator]: RANSAC: 297 inliers / 372, 5 iterations
[INFO] [1790553069.353295176] [pose_estimator]: RPE: trans 0.0177 | rot 0.00000 (0.000 deg)
Matched 354 keypoints
[INFO] [1790553069.470975218] [pose_estimator]: RANSAC: 299 inliers / 354, 4 iterations
[INFO] [1790553069.471098759] [pose_estimator]: RPE: trans 0.0544 | rot 0.00000 (0.000 deg)
Matched 371 keypoints
[INFO] [1790553069.582299301] [pose_estimator]: RANSAC: 312 inliers / 371, 4 iterations
[INFO] [1790553069.582467134] [pose_estimator]: RPE: trans 0.0512 | rot 0.00000 (0.000 deg)
Matched 376 keypoints
[INFO] [1790553069.692889343] [pose_estimator]: RANSAC: 311 inliers / 376, 4 iterations
[INFO] [1790553069.693026843] [pose_estimator]: RPE: trans 0.0413 | rot 0.00000 (0.000 deg)
Matched 367 keypoints
[INFO] [1790553069.804444301] [pose_estimator]: RANSAC: 301 inliers / 367, 5 iterations
[INFO] [1790553069.808184051] [pose_estimator]: RPE: trans 0.2755 | rot 0.00000 (0.000 deg)
Matched 379 keypoints
[INFO] [1790553069.919587426] [pose_estimator]: RANSAC: 332 inliers / 379, 4 iterations
[INFO] [1790553069.919742176] [pose_estimator]: RPE: trans 0.0197 | rot 0.00000 (0.000 deg)
Matched 338 keypoints
[INFO] [1790553070.030256760] [pose_estimator]: RANSAC: 294 inliers / 338, 4 iterations
[INFO] [1790553070.030414760] [pose_estimator]: RPE: trans 0.0152 | rot 0.00000 (0.000 deg)
Matched 376 keypoints
[INFO] [1790553070.142954801] [pose_estimator]: RANSAC: 308 inliers / 376, 5 iterations
[INFO] [1790553070.143118051] [pose_estimator]: RPE: trans 0.0645 | rot 0.00000 (0.000 deg)
Matched 352 keypoints
[INFO] [1790553070.263422635] [pose_estimator]: RANSAC: 307 inliers / 352, 4 iterations
[INFO] [1790553070.267801218] [pose_estimator]: RPE: trans 0.0194 | rot 0.00000 (0.000 deg)
Matched 306 keypoints
[INFO] [1790553070.382581176] [pose_estimator]: RANSAC: 257 inliers / 306, 4 iterations
[INFO] [1790553070.382729635] [pose_estimator]: RPE: trans 0.0257 | rot 0.00000 (0.000 deg)
Matched 361 keypoints
[INFO] [1790553070.493903010] [pose_estimator]: RANSAC: 304 inliers / 361, 4 iterations
[INFO] [1790553070.494043010] [pose_estimator]: RPE: trans 0.0090 | rot 0.00000 (0.000 deg)
Matched 344 keypoints
[INFO] [1790553070.604478843] [pose_estimator]: RANSAC: 289 inliers / 344, 5 iterations
[INFO] [1790553070.604605218] [pose_estimator]: RPE: trans 0.1575 | rot 0.00000 (0.000 deg)
Matched 349 keypoints
[INFO] [1790553070.717391885] [pose_estimator]: RANSAC: 283 inliers / 349, 5 iterations
[INFO] [1790553070.721021052] [pose_estimator]: RPE: trans 0.1518 | rot 0.00000 (0.000 deg)
Matched 321 keypoints
[INFO] [1790553070.834596843] [pose_estimator]: RANSAC: 274 inliers / 321, 4 iterations
[INFO] [1790553070.834860968] [pose_estimator]: RPE: trans 0.1070 | rot 0.00000 (0.000 deg)
Matched 344 keypoints
[INFO] [1790553070.947947552] [pose_estimator]: RANSAC: 277 inliers / 344, 5 iterations
[INFO] [1790553070.948089177] [pose_estimator]: RPE: trans 0.0440 | rot 0.00000 (0.000 deg)
Matched 341 keypoints
[INFO] [1790553071.057757760] [pose_estimator]: RANSAC: 277 inliers / 341, 5 iterations
[INFO] [1790553071.057902093] [pose_estimator]: RPE: trans 0.0821 | rot 0.00000 (0.000 deg)
Matched 334 keypoints
[INFO] [1790553071.168474635] [pose_estimator]: RANSAC: 288 inliers / 334, 4 iterations
[INFO] [1790553071.172865760] [pose_estimator]: RPE: trans 0.1796 | rot 0.00000 (0.000 deg)
Matched 327 keypoints
[INFO] [1790553071.287844219] [pose_estimator]: RANSAC: 283 inliers / 327, 4 iterations
[INFO] [1790553071.288007302] [pose_estimator]: RPE: trans 0.0674 | rot 0.00000 (0.000 deg)
Matched 376 keypoints
[INFO] [1790553071.400948177] [pose_estimator]: RANSAC: 328 inliers / 376, 4 iterations
[INFO] [1790553071.401097635] [pose_estimator]: RPE: trans 0.0789 | rot 0.00000 (0.000 deg)
Matched 373 keypoints
[INFO] [1790553071.513097427] [pose_estimator]: RANSAC: 325 inliers / 373, 4 iterations
[INFO] [1790553071.513238427] [pose_estimator]: RPE: trans 0.2415 | rot 0.00000 (0.000 deg)
Matched 351 keypoints
[INFO] [1790553071.628173344] [pose_estimator]: RANSAC: 304 inliers / 351, 4 iterations
[INFO] [1790553071.633692719] [pose_estimator]: RPE: trans 0.2507 | rot 0.00000 (0.000 deg)
Matched 352 keypoints
[INFO] [1790553071.758538927] [pose_estimator]: RANSAC: 305 inliers / 352, 4 iterations
[INFO] [1790553071.758698010] [pose_estimator]: RPE: trans 0.1904 | rot 0.00000 (0.000 deg)
Matched 331 keypoints
[INFO] [1790553071.869458427] [pose_estimator]: RANSAC: 300 inliers / 331, 3 iterations
[INFO] [1790553071.869790594] [pose_estimator]: RPE: trans 0.0104 | rot 0.00000 (0.000 deg)
Matched 349 keypoints
[INFO] [1790553071.985928219] [pose_estimator]: RANSAC: 299 inliers / 349, 4 iterations
[INFO] [1790553071.986101011] [pose_estimator]: RPE: trans 0.0909 | rot 0.00000 (0.000 deg)
Matched 344 keypoints
[INFO] [1790553072.101347761] [pose_estimator]: RANSAC: 296 inliers / 344, 4 iterations
[INFO] [1790553072.101573386] [pose_estimator]: RPE: trans 0.2394 | rot 0.00000 (0.000 deg)
Matched 358 keypoints
[INFO] [1790553072.223806386] [pose_estimator]: RANSAC: 316 inliers / 358, 4 iterations
[INFO] [1790553072.224942636] [pose_estimator]: RPE: trans 0.0299 | rot 0.00000 (0.000 deg)
Matched 358 keypoints
[INFO] [1790553072.345310636] [pose_estimator]: RANSAC: 316 inliers / 358, 4 iterations
[INFO] [1790553072.345477469] [pose_estimator]: RPE: trans 0.0767 | rot 0.00000 (0.000 deg)
Matched 320 keypoints
[INFO] [1790553072.461372427] [pose_estimator]: RANSAC: 272 inliers / 320, 4 iterations
[INFO] [1790553072.462456136] [pose_estimator]: RPE: trans 0.1812 | rot 0.00000 (0.000 deg)
Matched 305 keypoints
[INFO] [1790553072.586849678] [pose_estimator]: RANSAC: 271 inliers / 305, 3 iterations
[INFO] [1790553072.589733719] [pose_estimator]: RPE: trans 0.0174 | rot 0.00000 (0.000 deg)
Matched 324 keypoints
[INFO] [1790553072.705976928] [pose_estimator]: RANSAC: 286 inliers / 324, 4 iterations
[INFO] [1790553072.706141678] [pose_estimator]: RPE: trans 0.0523 | rot 0.00000 (0.000 deg)
Matched 256 keypoints
[INFO] [1790553072.819028928] [pose_estimator]: RANSAC: 229 inliers / 256, 4 iterations
[INFO] [1790553072.819184136] [pose_estimator]: RPE: trans 0.0094 | rot 0.00000 (0.000 deg)
Matched 323 keypoints
[INFO] [1790553072.932592303] [pose_estimator]: RANSAC: 289 inliers / 323, 3 iterations
[INFO] [1790553072.935131094] [pose_estimator]: RPE: trans 0.1265 | rot 0.00000 (0.000 deg)
Matched 319 keypoints
[INFO] [1790553073.095022678] [pose_estimator]: RANSAC: 280 inliers / 319, 4 iterations
[INFO] [1790553073.099108219] [pose_estimator]: RPE: trans 0.0437 | rot 0.00000 (0.000 deg)
Matched 240 keypoints
[INFO] [1790553073.222870678] [pose_estimator]: RANSAC: 202 inliers / 240, 4 iterations
[INFO] [1790553073.223027928] [pose_estimator]: RPE: trans 0.0305 | rot 0.00000 (0.000 deg)
Matched 306 keypoints
[INFO] [1790553073.338995011] [pose_estimator]: RANSAC: 265 inliers / 306, 4 iterations
[INFO] [1790553073.344794845] [pose_estimator]: RPE: trans 0.0745 | rot 0.00000 (0.000 deg)
Matched 300 keypoints
[INFO] [1790553073.481101928] [pose_estimator]: RANSAC: 249 inliers / 300, 4 iterations
[INFO] [1790553073.484421178] [pose_estimator]: RPE: trans 0.0456 | rot 0.00000 (0.000 deg)
Matched 301 keypoints
[INFO] [1790553073.604192636] [pose_estimator]: RANSAC: 259 inliers / 301, 4 iterations
[INFO] [1790553073.621680178] [pose_estimator]: RPE: trans 0.1320 | rot 0.00000 (0.000 deg)
Matched 306 keypoints
[INFO] [1790553073.757975178] [pose_estimator]: RANSAC: 255 inliers / 306, 4 iterations
[INFO] [1790553073.760038970] [pose_estimator]: RPE: trans 0.0749 | rot 0.00000 (0.000 deg)
Matched 343 keypoints
[INFO] [1790553073.888496053] [pose_estimator]: RANSAC: 294 inliers / 343, 4 iterations
[INFO] [1790553073.900854595] [pose_estimator]: RPE: trans 0.3277 | rot 0.00000 (0.000 deg)
Matched 361 keypoints
[INFO] [1790553074.020335762] [pose_estimator]: RANSAC: 299 inliers / 361, 5 iterations
[INFO] [1790553074.020892595] [pose_estimator]: RPE: trans 0.4549 | rot 0.00000 (0.000 deg)
Matched 387 keypoints
[INFO] [1790553074.136673553] [pose_estimator]: RANSAC: 329 inliers / 387, 4 iterations
[INFO] [1790553074.136831637] [pose_estimator]: RPE: trans 0.3982 | rot 0.00000 (0.000 deg)
Matched 385 keypoints
[INFO] [1790553074.248637178] [pose_estimator]: RANSAC: 335 inliers / 385, 4 iterations
[INFO] [1790553074.254672637] [pose_estimator]: RPE: trans 0.0451 | rot 0.00000 (0.000 deg)
Matched 371 keypoints
[INFO] [1790553074.373094970] [pose_estimator]: RANSAC: 329 inliers / 371, 3 iterations
[INFO] [1790553074.377833595] [pose_estimator]: RPE: trans 0.0717 | rot 0.00000 (0.000 deg)
Matched 395 keypoints
[INFO] [1790553074.494821887] [pose_estimator]: RANSAC: 328 inliers / 395, 4 iterations
[INFO] [1790553074.495010720] [pose_estimator]: RPE: trans 0.4162 | rot 0.00000 (0.000 deg)
Matched 422 keypoints
[INFO] [1790553074.611883720] [pose_estimator]: RANSAC: 327 inliers / 422, 6 iterations
[INFO] [1790553074.612143845] [pose_estimator]: RPE: trans 0.3637 | rot 0.00000 (0.000 deg)
Matched 369 keypoints
[INFO] [1790553074.747653429] [pose_estimator]: RANSAC: 311 inliers / 369, 4 iterations
[INFO] [1790553074.756806304] [pose_estimator]: RPE: trans 0.2033 | rot 0.00000 (0.000 deg)
Matched 384 keypoints
[INFO] [1790553074.879906345] [pose_estimator]: RANSAC: 330 inliers / 384, 4 iterations
[INFO] [1790553074.880078595] [pose_estimator]: RPE: trans 0.3133 | rot 0.00000 (0.000 deg)
Matched 381 keypoints
[INFO] [1790553074.997840262] [pose_estimator]: RANSAC: 336 inliers / 381, 4 iterations
[INFO] [1790553074.998010095] [pose_estimator]: RPE: trans 0.0695 | rot 0.00000 (0.000 deg)
Matched 413 keypoints
[INFO] [1790553075.122418304] [pose_estimator]: RANSAC: 345 inliers / 413, 5 iterations
[INFO] [1790553075.123896220] [pose_estimator]: RPE: trans 0.0677 | rot 0.00000 (0.000 deg)
Matched 428 keypoints
[INFO] [1790553075.248049512] [pose_estimator]: RANSAC: 353 inliers / 428, 5 iterations
[INFO] [1790553075.250066095] [pose_estimator]: RPE: trans 0.1598 | rot 0.00000 (0.000 deg)
Matched 396 keypoints
[INFO] [1790553075.367992262] [pose_estimator]: RANSAC: 325 inliers / 396, 5 iterations
[INFO] [1790553075.368162554] [pose_estimator]: RPE: trans 0.0133 | rot 0.00000 (0.000 deg)
Matched 419 keypoints
[INFO] [1790553075.485220054] [pose_estimator]: RANSAC: 355 inliers / 419, 4 iterations
[INFO] [1790553075.487161971] [pose_estimator]: RPE: trans 0.2154 | rot 0.00000 (0.000 deg)
Matched 415 keypoints
[INFO] [1790553075.620766221] [pose_estimator]: RANSAC: 351 inliers / 415, 4 iterations
[INFO] [1790553075.620939096] [pose_estimator]: RPE: trans 0.0916 | rot 0.00000 (0.000 deg)
Matched 415 keypoints
[INFO] [1790553075.740866221] [pose_estimator]: RANSAC: 352 inliers / 415, 4 iterations
[INFO] [1790553075.741031346] [pose_estimator]: RPE: trans 0.0633 | rot 0.00000 (0.000 deg)
Matched 395 keypoints
[INFO] [1790553075.855916221] [pose_estimator]: RANSAC: 334 inliers / 395, 4 iterations
[INFO] [1790553075.856073929] [pose_estimator]: RPE: trans 0.0387 | rot 0.00000 (0.000 deg)
Matched 386 keypoints
[INFO] [1790553075.972767221] [pose_estimator]: RANSAC: 320 inliers / 386, 4 iterations
[INFO] [1790553075.972924429] [pose_estimator]: RPE: trans 0.0810 | rot 0.00000 (0.000 deg)
Matched 397 keypoints
[INFO] [1790553076.092602554] [pose_estimator]: RANSAC: 346 inliers / 397, 4 iterations
[INFO] [1790553076.092768096] [pose_estimator]: RPE: trans 0.0621 | rot 0.00000 (0.000 deg)
Matched 413 keypoints
[INFO] [1790553076.212141721] [pose_estimator]: RANSAC: 331 inliers / 413, 5 iterations
[INFO] [1790553076.212307596] [pose_estimator]: RPE: trans 0.0763 | rot 0.00000 (0.000 deg)
Matched 351 keypoints
[INFO] [1790553076.326967721] [pose_estimator]: RANSAC: 290 inliers / 351, 5 iterations
[INFO] [1790553076.329431804] [pose_estimator]: RPE: trans 0.0527 | rot 0.00000 (0.000 deg)
Matched 371 keypoints
[INFO] [1790553076.454967304] [pose_estimator]: RANSAC: 302 inliers / 371, 5 iterations
[INFO] [1790553076.458827804] [pose_estimator]: RPE: trans 0.0327 | rot 0.00000 (0.000 deg)
Matched 367 keypoints
[INFO] [1790553076.577999888] [pose_estimator]: RANSAC: 270 inliers / 367, 6 iterations
[INFO] [1790553076.578159596] [pose_estimator]: RPE: trans 0.0718 | rot 0.00000 (0.000 deg)
Matched 354 keypoints
[INFO] [1790553076.692033888] [pose_estimator]: RANSAC: 275 inliers / 354, 5 iterations
[INFO] [1790553076.692178304] [pose_estimator]: RPE: trans 0.0181 | rot 0.00000 (0.000 deg)
Matched 355 keypoints
[INFO] [1790553076.806835055] [pose_estimator]: RANSAC: 267 inliers / 355, 6 iterations
[INFO] [1790553076.809666305] [pose_estimator]: RPE: trans 0.0266 | rot 0.00000 (0.000 deg)
Matched 345 keypoints
[INFO] [1790553076.927076680] [pose_estimator]: RANSAC: 295 inliers / 345, 4 iterations
[INFO] [1790553076.929733721] [pose_estimator]: RPE: trans 0.0409 | rot 0.00000 (0.000 deg)
Matched 350 keypoints
[INFO] [1790553077.044390305] [pose_estimator]: RANSAC: 292 inliers / 350, 4 iterations
[INFO] [1790553077.044546180] [pose_estimator]: RPE: trans 0.1672 | rot 0.00000 (0.000 deg)
Matched 339 keypoints
[INFO] [1790553077.154492805] [pose_estimator]: RANSAC: 269 inliers / 339, 6 iterations
[INFO] [1790553077.154652430] [pose_estimator]: RPE: trans 0.1839 | rot 0.00000 (0.000 deg)
Matched 318 keypoints
[INFO] [1790553077.264330471] [pose_estimator]: RANSAC: 290 inliers / 318, 3 iterations
[INFO] [1790553077.265266346] [pose_estimator]: RPE: trans 0.0356 | rot 0.00000 (0.000 deg)
Matched 328 keypoints
[INFO] [1790553077.378795180] [pose_estimator]: RANSAC: 297 inliers / 328, 3 iterations
[INFO] [1790553077.378948721] [pose_estimator]: RPE: trans 0.0337 | rot 0.00000 (0.000 deg)
Matched 329 keypoints
[INFO] [1790553077.494180763] [pose_estimator]: RANSAC: 293 inliers / 329, 4 iterations
[INFO] [1790553077.494320305] [pose_estimator]: RPE: trans 0.2325 | rot 0.00000 (0.000 deg)
Matched 352 keypoints
[INFO] [1790553077.607768180] [pose_estimator]: RANSAC: 309 inliers / 352, 4 iterations
[INFO] [1790553077.610480097] [pose_estimator]: RPE: trans 0.1437 | rot 0.00000 (0.000 deg)
Matched 323 keypoints
[INFO] [1790553077.728881513] [pose_estimator]: RANSAC: 282 inliers / 323, 4 iterations
[INFO] [1790553077.729033138] [pose_estimator]: RPE: trans 0.1528 | rot 0.00000 (0.000 deg)
Matched 342 keypoints
[INFO] [1790553077.839631972] [pose_estimator]: RANSAC: 302 inliers / 342, 4 iterations
[INFO] [1790553077.839769472] [pose_estimator]: RPE: trans 0.1317 | rot 0.00000 (0.000 deg)
Matched 316 keypoints
[INFO] [1790553077.951955472] [pose_estimator]: RANSAC: 279 inliers / 316, 4 iterations
[INFO] [1790553077.952103722] [pose_estimator]: RPE: trans 0.0493 | rot 0.00000 (0.000 deg)
Matched 325 keypoints
[INFO] [1790553078.065644180] [pose_estimator]: RANSAC: 282 inliers / 325, 4 iterations
[INFO] [1790553078.069819680] [pose_estimator]: RPE: trans 0.0693 | rot 0.00000 (0.000 deg)
Matched 296 keypoints
[INFO] [1790553078.207271222] [pose_estimator]: RANSAC: 244 inliers / 296, 5 iterations
[INFO] [1790553078.207431514] [pose_estimator]: RPE: trans 0.0259 | rot 0.00000 (0.000 deg)
Matched 261 keypoints
[INFO] [1790553078.314819555] [pose_estimator]: RANSAC: 228 inliers / 261, 4 iterations
[INFO] [1790553078.314974514] [pose_estimator]: RPE: trans 0.0406 | rot 0.00000 (0.000 deg)
Matched 327 keypoints
[INFO] [1790553078.424819972] [pose_estimator]: RANSAC: 272 inliers / 327, 4 iterations
[INFO] [1790553078.424965014] [pose_estimator]: RPE: trans 0.0257 | rot 0.00000 (0.000 deg)
Matched 307 keypoints
[INFO] [1790553078.535963222] [pose_estimator]: RANSAC: 270 inliers / 307, 4 iterations
[INFO] [1790553078.536126305] [pose_estimator]: RPE: trans 0.0594 | rot 0.00000 (0.000 deg)
Matched 307 keypoints
[INFO] [1790553078.649911722] [pose_estimator]: RANSAC: 273 inliers / 307, 3 iterations
[INFO] [1790553078.650066055] [pose_estimator]: RPE: trans 0.0721 | rot 0.00000 (0.000 deg)
Matched 312 keypoints
[INFO] [1790553078.761331722] [pose_estimator]: RANSAC: 268 inliers / 312, 4 iterations
[INFO] [1790553078.762195305] [pose_estimator]: RPE: trans 0.0369 | rot 0.00000 (0.000 deg)
Matched 322 keypoints
[INFO] [1790553078.894916083] [pose_estimator]: RANSAC: 285 inliers / 322, 4 iterations
[INFO] [1790553078.895512916] [pose_estimator]: RPE: trans 0.0491 | rot 0.00000 (0.000 deg)
Matched 294 keypoints
[INFO] [1790553079.004283916] [pose_estimator]: RANSAC: 253 inliers / 294, 4 iterations
[INFO] [1790553079.004456541] [pose_estimator]: RPE: trans 0.0338 | rot 0.00000 (0.000 deg)
Matched 294 keypoints
[INFO] [1790553079.112345250] [pose_estimator]: RANSAC: 252 inliers / 294, 4 iterations
[INFO] [1790553079.112501958] [pose_estimator]: RPE: trans 0.0070 | rot 0.00000 (0.000 deg)
Matched 297 keypoints
[INFO] [1790553079.222881541] [pose_estimator]: RANSAC: 265 inliers / 297, 3 iterations
[INFO] [1790553079.223038000] [pose_estimator]: RPE: trans 0.0932 | rot 0.00000 (0.000 deg)
Matched 277 keypoints
[INFO] [1790553079.333386625] [pose_estimator]: RANSAC: 239 inliers / 277, 4 iterations
[INFO] [1790553079.338911250] [pose_estimator]: RPE: trans 0.3842 | rot 0.00000 (0.000 deg)
Matched 307 keypoints
[INFO] [1790553079.461071666] [pose_estimator]: RANSAC: 265 inliers / 307, 4 iterations
[INFO] [1790553079.472157708] [pose_estimator]: RPE: trans 0.7211 | rot 0.00000 (0.000 deg)
Matched 274 keypoints
[INFO] [1790553079.587733292] [pose_estimator]: RANSAC: 239 inliers / 274, 5 iterations
[INFO] [1790553079.592530917] [pose_estimator]: RPE: trans 0.0641 | rot 0.00000 (0.000 deg)
Matched 297 keypoints
[INFO] [1790553079.708759583] [pose_estimator]: RANSAC: 255 inliers / 297, 4 iterations
[INFO] [1790553079.708923250] [pose_estimator]: RPE: trans 0.1634 | rot 0.00000 (0.000 deg)
Matched 262 keypoints
[INFO] [1790553079.828098292] [pose_estimator]: RANSAC: 230 inliers / 262, 4 iterations
[INFO] [1790553079.838023708] [pose_estimator]: RPE: trans 0.0103 | rot 0.00000 (0.000 deg)
Matched 337 keypoints
[INFO] [1790553079.950598042] [pose_estimator]: RANSAC: 262 inliers / 337, 5 iterations
[INFO] [1790553079.950770208] [pose_estimator]: RPE: trans 0.0150 | rot 0.00000 (0.000 deg)
Matched 243 keypoints
[INFO] [1790553080.064283333] [pose_estimator]: RANSAC: 207 inliers / 243, 4 iterations
[INFO] [1790553080.064435708] [pose_estimator]: RPE: trans 0.0260 | rot 0.00000 (0.000 deg)
Matched 289 keypoints
[INFO] [1790553080.177217958] [pose_estimator]: RANSAC: 234 inliers / 289, 5 iterations
[INFO] [1790553080.179862542] [pose_estimator]: RPE: trans 0.1049 | rot 0.00000 (0.000 deg)
Matched 332 keypoints
[INFO] [1790553080.301017125] [pose_estimator]: RANSAC: 276 inliers / 332, 4 iterations
[INFO] [1790553080.304572834] [pose_estimator]: RPE: trans 0.0847 | rot 0.00000 (0.000 deg)
Matched 350 keypoints
[INFO] [1790553080.417587875] [pose_estimator]: RANSAC: 292 inliers / 350, 4 iterations
[INFO] [1790553080.417743750] [pose_estimator]: RPE: trans 0.0161 | rot 0.00000 (0.000 deg)
Matched 332 keypoints
[INFO] [1790553080.532221834] [pose_estimator]: RANSAC: 276 inliers / 332, 4 iterations
[INFO] [1790553080.532371417] [pose_estimator]: RPE: trans 0.0459 | rot 0.00000 (0.000 deg)
Matched 364 keypoints
[INFO] [1790553080.651891667] [pose_estimator]: RANSAC: 313 inliers / 364, 5 iterations
[INFO] [1790553080.655471500] [pose_estimator]: RPE: trans 0.0998 | rot 0.00000 (0.000 deg)
Matched 320 keypoints
[INFO] [1790553080.779033167] [pose_estimator]: RANSAC: 265 inliers / 320, 4 iterations
[INFO] [1790553080.779217959] [pose_estimator]: RPE: trans 0.0572 | rot 0.00000 (0.000 deg)
Matched 321 keypoints
[INFO] [1790553080.895234417] [pose_estimator]: RANSAC: 277 inliers / 321, 4 iterations
[INFO] [1790553080.895381334] [pose_estimator]: RPE: trans 0.0242 | rot 0.00000 (0.000 deg)
Matched 357 keypoints
[INFO] [1790553081.010096667] [pose_estimator]: RANSAC: 286 inliers / 357, 5 iterations
[INFO] [1790553081.010246834] [pose_estimator]: RPE: trans 0.1447 | rot 0.00000 (0.000 deg)
Matched 374 keypoints
[INFO] [1790553081.132318167] [pose_estimator]: RANSAC: 295 inliers / 374, 5 iterations
[INFO] [1790553081.143733251] [pose_estimator]: RPE: trans 0.0664 | rot 0.00000 (0.000 deg)
Matched 426 keypoints
[INFO] [1790553081.267315667] [pose_estimator]: RANSAC: 320 inliers / 426, 6 iterations
[INFO] [1790553081.267464792] [pose_estimator]: RPE: trans 0.0096 | rot 0.00000 (0.000 deg)
Matched 433 keypoints
[INFO] [1790553081.381663959] [pose_estimator]: RANSAC: 306 inliers / 433, 7 iterations
[INFO] [1790553081.381813667] [pose_estimator]: RPE: trans 0.1250 | rot 0.00000 (0.000 deg)
Matched 377 keypoints
[INFO] [1790553081.495728959] [pose_estimator]: RANSAC: 295 inliers / 377, 6 iterations
[INFO] [1790553081.498407917] [pose_estimator]: RPE: trans 0.0765 | rot 0.00000 (0.000 deg)
Matched 434 keypoints
[INFO] [1790553081.619756834] [pose_estimator]: RANSAC: 343 inliers / 434, 5 iterations
[INFO] [1790553081.621514459] [pose_estimator]: RPE: trans 0.1235 | rot 0.00000 (0.000 deg)
Matched 406 keypoints
[INFO] [1790553081.743288084] [pose_estimator]: RANSAC: 340 inliers / 406, 4 iterations
[INFO] [1790553081.743447001] [pose_estimator]: RPE: trans 0.1417 | rot 0.00000 (0.000 deg)
Matched 394 keypoints
[INFO] [1790553081.858521626] [pose_estimator]: RANSAC: 323 inliers / 394, 5 iterations
[INFO] [1790553081.858659751] [pose_estimator]: RPE: trans 0.0346 | rot 0.00000 (0.000 deg)
Matched 383 keypoints
[INFO] [1790553081.976800543] [pose_estimator]: RANSAC: 330 inliers / 383, 4 iterations
[INFO] [1790553081.978487126] [pose_estimator]: RPE: trans 0.0222 | rot 0.00000 (0.000 deg)
Matched 409 keypoints
[INFO] [1790553082.103709751] [pose_estimator]: RANSAC: 326 inliers / 409, 5 iterations
[INFO] [1790553082.103868043] [pose_estimator]: RPE: trans 0.2090 | rot 0.00000 (0.000 deg)
Matched 352 keypoints
[INFO] [1790553082.222325668] [pose_estimator]: RANSAC: 305 inliers / 352, 4 iterations
[INFO] [1790553082.222467293] [pose_estimator]: RPE: trans 0.0229 | rot 0.00000 (0.000 deg)
Matched 361 keypoints
[INFO] [1790553082.338345918] [pose_estimator]: RANSAC: 286 inliers / 361, 5 iterations
[INFO] [1790553082.341223626] [pose_estimator]: RPE: trans 0.0212 | rot 0.00000 (0.000 deg)
Matched 358 keypoints
[INFO] [1790553082.464046751] [pose_estimator]: RANSAC: 283 inliers / 358, 5 iterations
[INFO] [1790553082.466697835] [pose_estimator]: RPE: trans 0.0628 | rot 0.00000 (0.000 deg)
Matched 374 keypoints
[INFO] [1790553082.582463043] [pose_estimator]: RANSAC: 313 inliers / 374, 4 iterations
[INFO] [1790553082.582628501] [pose_estimator]: RPE: trans 0.0445 | rot 0.00000 (0.000 deg)
Matched 398 keypoints
[INFO] [1790553082.699881376] [pose_estimator]: RANSAC: 314 inliers / 398, 5 iterations
[INFO] [1790553082.700057501] [pose_estimator]: RPE: trans 0.0669 | rot 0.00000 (0.000 deg)
Matched 387 keypoints
[INFO] [1790553082.814969126] [pose_estimator]: RANSAC: 309 inliers / 387, 5 iterations
[INFO] [1790553082.815443751] [pose_estimator]: RPE: trans 0.0998 | rot 0.00000 (0.000 deg)
Matched 346 keypoints
[INFO] [1790553082.933821210] [pose_estimator]: RANSAC: 294 inliers / 346, 4 iterations
[INFO] [1790553082.933972418] [pose_estimator]: RPE: trans 0.0820 | rot 0.00000 (0.000 deg)
Matched 403 keypoints
[INFO] [1790553083.046425918] [pose_estimator]: RANSAC: 298 inliers / 403, 6 iterations
[INFO] [1790553083.046591043] [pose_estimator]: RPE: trans 0.1277 | rot 0.00000 (0.000 deg)
Matched 375 keypoints
[INFO] [1790553083.158981293] [pose_estimator]: RANSAC: 310 inliers / 375, 5 iterations
[INFO] [1790553083.159134960] [pose_estimator]: RPE: trans 0.0774 | rot 0.00000 (0.000 deg)
Matched 321 keypoints
[INFO] [1790553083.272424543] [pose_estimator]: RANSAC: 251 inliers / 321, 5 iterations
[INFO] [1790553083.274617668] [pose_estimator]: RPE: trans 0.0267 | rot 0.00000 (0.000 deg)
Matched 357 keypoints
[INFO] [1790553083.394000543] [pose_estimator]: RANSAC: 280 inliers / 357, 5 iterations
[INFO] [1790553083.395173877] [pose_estimator]: RPE: trans 0.1176 | rot 0.00000 (0.000 deg)
Matched 301 keypoints
[INFO] [1790553083.512413627] [pose_estimator]: RANSAC: 229 inliers / 301, 6 iterations
[INFO] [1790553083.512623793] [pose_estimator]: RPE: trans 0.0446 | rot 0.00000 (0.000 deg)
Matched 331 keypoints
[INFO] [1790553083.624179085] [pose_estimator]: RANSAC: 259 inliers / 331, 5 iterations
[INFO] [1790553083.628311293] [pose_estimator]: RPE: trans 0.0602 | rot 0.00000 (0.000 deg)
Matched 311 keypoints
[INFO] [1790553083.745119252] [pose_estimator]: RANSAC: 255 inliers / 311, 5 iterations
[INFO] [1790553083.747115252] [pose_estimator]: RPE: trans 0.0264 | rot 0.00000 (0.000 deg)
Matched 328 keypoints
[INFO] [1790553083.863452794] [pose_estimator]: RANSAC: 270 inliers / 328, 5 iterations
[INFO] [1790553083.863598044] [pose_estimator]: RPE: trans 0.0265 | rot 0.00000 (0.000 deg)
Matched 335 keypoints
[INFO] [1790553083.976484460] [pose_estimator]: RANSAC: 265 inliers / 335, 5 iterations
[INFO] [1790553083.976657585] [pose_estimator]: RPE: trans 0.1312 | rot 0.00000 (0.000 deg)
Matched 341 keypoints
[INFO] [1790553084.131504419] [pose_estimator]: RANSAC: 270 inliers / 341, 5 iterations
[INFO] [1790553084.138867794] [pose_estimator]: RPE: trans 0.0772 | rot 0.00000 (0.000 deg)
Matched 312 keypoints
[INFO] [1790553084.255777419] [pose_estimator]: RANSAC: 254 inliers / 312, 5 iterations
[INFO] [1790553084.255930669] [pose_estimator]: RPE: trans 0.0857 | rot 0.00000 (0.000 deg)
Matched 334 keypoints
[INFO] [1790553084.370015210] [pose_estimator]: RANSAC: 268 inliers / 334, 5 iterations
[INFO] [1790553084.370168710] [pose_estimator]: RPE: trans 0.0480 | rot 0.00000 (0.000 deg)
Matched 346 keypoints
[INFO] [1790553084.485076252] [pose_estimator]: RANSAC: 273 inliers / 346, 5 iterations
[INFO] [1790553084.485237211] [pose_estimator]: RPE: trans 0.0708 | rot 0.00000 (0.000 deg)
Matched 346 keypoints
[INFO] [1790553084.601045461] [pose_estimator]: RANSAC: 275 inliers / 346, 5 iterations
[INFO] [1790553084.601197627] [pose_estimator]: RPE: trans 0.0315 | rot 0.00000 (0.000 deg)
Matched 347 keypoints
[INFO] [1790553084.714642336] [pose_estimator]: RANSAC: 285 inliers / 347, 5 iterations
[INFO] [1790553084.714799461] [pose_estimator]: RPE: trans 0.0135 | rot 0.00000 (0.000 deg)
Matched 317 keypoints
[INFO] [1790553084.827883711] [pose_estimator]: RANSAC: 262 inliers / 317, 5 iterations
[INFO] [1790553084.828048544] [pose_estimator]: RPE: trans 0.0101 | rot 0.00000 (0.000 deg)
Matched 321 keypoints
[INFO] [1790553084.943547086] [pose_estimator]: RANSAC: 254 inliers / 321, 5 iterations
[INFO] [1790553084.943706252] [pose_estimator]: RPE: trans 0.0935 | rot 0.00000 (0.000 deg)
Matched 338 keypoints
[INFO] [1790553085.063310086] [pose_estimator]: RANSAC: 258 inliers / 338, 6 iterations
[INFO] [1790553085.067433002] [pose_estimator]: RPE: trans 0.0239 | rot 0.00000 (0.000 deg)
Matched 326 keypoints
[INFO] [1790553085.195426378] [pose_estimator]: RANSAC: 279 inliers / 326, 4 iterations
[INFO] [1790553085.198743669] [pose_estimator]: RPE: trans 0.0293 | rot 0.00000 (0.000 deg)
Matched 348 keypoints
[INFO] [1790553085.318995211] [pose_estimator]: RANSAC: 289 inliers / 348, 4 iterations
[INFO] [1790553085.319152878] [pose_estimator]: RPE: trans 0.0575 | rot 0.00000 (0.000 deg)
Matched 344 keypoints
[INFO] [1790553085.433045503] [pose_estimator]: RANSAC: 282 inliers / 344, 5 iterations
[INFO] [1790553085.434814628] [pose_estimator]: RPE: trans 0.0378 | rot 0.00000 (0.000 deg)
Matched 352 keypoints
[INFO] [1790553085.553791919] [pose_estimator]: RANSAC: 288 inliers / 352, 5 iterations
[INFO] [1790553085.558215461] [pose_estimator]: RPE: trans 0.0898 | rot 0.00000 (0.000 deg)
Matched 328 keypoints
[INFO] [1790553085.675473753] [pose_estimator]: RANSAC: 264 inliers / 328, 6 iterations
[INFO] [1790553085.675627586] [pose_estimator]: RPE: trans 0.0850 | rot 0.00000 (0.000 deg)
Matched 366 keypoints
[INFO] [1790553085.791310045] [pose_estimator]: RANSAC: 309 inliers / 366, 4 iterations
[INFO] [1790553085.791440920] [pose_estimator]: RPE: trans 0.0565 | rot 0.00000 (0.000 deg)
Matched 366 keypoints
[INFO] [1790553085.907162545] [pose_estimator]: RANSAC: 317 inliers / 366, 4 iterations
[INFO] [1790553085.907951378] [pose_estimator]: RPE: trans 0.0228 | rot 0.00000 (0.000 deg)
Matched 359 keypoints
[INFO] [1790553086.053396586] [pose_estimator]: RANSAC: 295 inliers / 359, 5 iterations
[INFO] [1790553086.053546753] [pose_estimator]: RPE: trans 0.0356 | rot 0.00000 (0.000 deg)
Matched 334 keypoints
[INFO] [1790553086.170344128] [pose_estimator]: RANSAC: 268 inliers / 334, 5 iterations
[INFO] [1790553086.170507503] [pose_estimator]: RPE: trans 0.0275 | rot 0.00000 (0.000 deg)
Matched 383 keypoints
[INFO] [1790553086.286408753] [pose_estimator]: RANSAC: 315 inliers / 383, 5 iterations
[INFO] [1790553086.288320461] [pose_estimator]: RPE: trans 0.0402 | rot 0.00000 (0.000 deg)
Matched 358 keypoints
[INFO] [1790553086.408999670] [pose_estimator]: RANSAC: 296 inliers / 358, 5 iterations
[INFO] [1790553086.411200295] [pose_estimator]: RPE: trans 0.0164 | rot 0.00000 (0.000 deg)
Matched 320 keypoints
[INFO] [1790553086.532378587] [pose_estimator]: RANSAC: 271 inliers / 320, 4 iterations
[INFO] [1790553086.534399212] [pose_estimator]: RPE: trans 0.0134 | rot 0.00000 (0.000 deg)
Matched 356 keypoints
[INFO] [1790553086.654238170] [pose_estimator]: RANSAC: 295 inliers / 356, 4 iterations
[INFO] [1790553086.654369920] [pose_estimator]: RPE: trans 0.0802 | rot 0.00000 (0.000 deg)
Matched 326 keypoints
[INFO] [1790553086.766660712] [pose_estimator]: RANSAC: 262 inliers / 326, 5 iterations
[INFO] [1790553086.770867420] [pose_estimator]: RPE: trans 0.0292 | rot 0.00000 (0.000 deg)
Matched 326 keypoints
[INFO] [1790553086.888662837] [pose_estimator]: RANSAC: 246 inliers / 326, 6 iterations
[INFO] [1790553086.889923045] [pose_estimator]: RPE: trans 0.0102 | rot 0.00000 (0.000 deg)
Matched 285 keypoints
[INFO] [1790553087.003354128] [pose_estimator]: RANSAC: 225 inliers / 285, 5 iterations
[INFO] [1790553087.003502295] [pose_estimator]: RPE: trans 0.0098 | rot 0.00000 (0.000 deg)
Matched 272 keypoints
[INFO] [1790553087.119811045] [pose_estimator]: RANSAC: 196 inliers / 272, 7 iterations
[INFO] [1790553087.119945420] [pose_estimator]: RPE: trans 0.0372 | rot 0.00000 (0.000 deg)
Matched 300 keypoints
[INFO] [1790553087.231561712] [pose_estimator]: RANSAC: 251 inliers / 300, 4 iterations
[INFO] [1790553087.232013087] [pose_estimator]: RPE: trans 0.0146 | rot 0.00000 (0.000 deg)
Matched 312 keypoints
[INFO] [1790553087.347691504] [pose_estimator]: RANSAC: 268 inliers / 312, 4 iterations
[INFO] [1790553087.347881962] [pose_estimator]: RPE: trans 0.1313 | rot 0.00000 (0.000 deg)
Matched 283 keypoints
[INFO] [1790553087.461155379] [pose_estimator]: RANSAC: 235 inliers / 283, 4 iterations
[INFO] [1790553087.461306504] [pose_estimator]: RPE: trans 0.0369 | rot 0.00000 (0.000 deg)
Matched 298 keypoints
[INFO] [1790553087.572484129] [pose_estimator]: RANSAC: 241 inliers / 298, 5 iterations
[INFO] [1790553087.579630212] [pose_estimator]: RPE: trans 0.0322 | rot 0.00000 (0.000 deg)
Matched 308 keypoints
[INFO] [1790553087.700267962] [pose_estimator]: RANSAC: 256 inliers / 308, 4 iterations
[INFO] [1790553087.701526795] [pose_estimator]: RPE: trans 0.4104 | rot 0.00000 (0.000 deg)
Matched 278 keypoints
[INFO] [1790553087.823512837] [pose_estimator]: RANSAC: 230 inliers / 278, 4 iterations
[INFO] [1790553087.823666254] [pose_estimator]: RPE: trans 0.0287 | rot 0.00000 (0.000 deg)
Matched 292 keypoints
[INFO] [1790553087.933130462] [pose_estimator]: RANSAC: 238 inliers / 292, 5 iterations
[INFO] [1790553087.933275254] [pose_estimator]: RPE: trans 0.0026 | rot 0.00000 (0.000 deg)
Matched 287 keypoints
[INFO] [1790553088.042062046] [pose_estimator]: RANSAC: 233 inliers / 287, 5 iterations
[INFO] [1790553088.043749421] [pose_estimator]: RPE: trans 0.0735 | rot 0.00000 (0.000 deg)
Matched 291 keypoints
[INFO] [1790553088.168327129] [pose_estimator]: RANSAC: 236 inliers / 291, 5 iterations
[INFO] [1790553088.171225629] [pose_estimator]: RPE: trans 0.0143 | rot 0.00000 (0.000 deg)
Matched 242 keypoints
[INFO] [1790553088.281693337] [pose_estimator]: RANSAC: 194 inliers / 242, 5 iterations
[INFO] [1790553088.282902129] [pose_estimator]: RPE: trans 0.0074 | rot 0.00000 (0.000 deg)
Matched 292 keypoints
[INFO] [1790553088.393773879] [pose_estimator]: RANSAC: 238 inliers / 292, 5 iterations
[INFO] [1790553088.393947087] [pose_estimator]: RPE: trans 0.0536 | rot 0.00000 (0.000 deg)
Matched 267 keypoints
[INFO] [1790553088.506373254] [pose_estimator]: RANSAC: 215 inliers / 267, 5 iterations
[INFO] [1790553088.506983337] [pose_estimator]: RPE: trans 0.0334 | rot 0.00000 (0.000 deg)
Matched 256 keypoints
[INFO] [1790553088.627249921] [pose_estimator]: RANSAC: 216 inliers / 256, 4 iterations
[INFO] [1790553088.629237921] [pose_estimator]: RPE: trans 0.0492 | rot 0.00000 (0.000 deg)
Matched 202 keypoints
[INFO] [1790553088.738651838] [pose_estimator]: RANSAC: 160 inliers / 202, 5 iterations
[INFO] [1790553088.738801629] [pose_estimator]: RPE: trans 0.0392 | rot 0.00000 (0.000 deg)
Matched 295 keypoints
[INFO] [1790553088.847863296] [pose_estimator]: RANSAC: 243 inliers / 295, 5 iterations
[INFO] [1790553088.848018629] [pose_estimator]: RPE: trans 0.1432 | rot 0.00000 (0.000 deg)
Matched 292 keypoints
[INFO] [1790553088.965774796] [pose_estimator]: RANSAC: 251 inliers / 292, 4 iterations
[INFO] [1790553088.967345754] [pose_estimator]: RPE: trans 0.1044 | rot 0.00000 (0.000 deg)
Matched 252 keypoints
[INFO] [1790553089.088071338] [pose_estimator]: RANSAC: 205 inliers / 252, 5 iterations
[INFO] [1790553089.090350879] [pose_estimator]: RPE: trans 0.0593 | rot 0.00000 (0.000 deg)
Matched 246 keypoints
[INFO] [1790553089.200557713] [pose_estimator]: RANSAC: 205 inliers / 246, 4 iterations
[INFO] [1790553089.200727504] [pose_estimator]: RPE: trans 0.0421 | rot 0.00000 (0.000 deg)
Matched 280 keypoints
[INFO] [1790553089.312068213] [pose_estimator]: RANSAC: 238 inliers / 280, 4 iterations
[INFO] [1790553089.315942880] [pose_estimator]: RPE: trans 0.0081 | rot 0.00000 (0.000 deg)
Matched 237 keypoints
[INFO] [1790553089.438941880] [pose_estimator]: RANSAC: 201 inliers / 237, 4 iterations
[INFO] [1790553089.440289505] [pose_estimator]: RPE: trans 0.0069 | rot 0.00000 (0.000 deg)
Matched 279 keypoints
[INFO] [1790553089.558367963] [pose_estimator]: RANSAC: 232 inliers / 279, 4 iterations
[INFO] [1790553089.558513005] [pose_estimator]: RPE: trans 0.0504 | rot 0.00000 (0.000 deg)
Matched 256 keypoints
[INFO] [1790553089.668091213] [pose_estimator]: RANSAC: 212 inliers / 256, 5 iterations
[INFO] [1790553089.668254463] [pose_estimator]: RPE: trans 0.0837 | rot 0.00000 (0.000 deg)
Matched 308 keypoints
[INFO] [1790553089.779145005] [pose_estimator]: RANSAC: 273 inliers / 308, 3 iterations
[INFO] [1790553089.784945796] [pose_estimator]: RPE: trans 0.0143 | rot 0.00000 (0.000 deg)
Matched 302 keypoints
[INFO] [1790553089.903417796] [pose_estimator]: RANSAC: 262 inliers / 302, 4 iterations
[INFO] [1790553089.914184505] [pose_estimator]: RPE: trans 0.0138 | rot 0.00000 (0.000 deg)
Matched 297 keypoints
[INFO] [1790553090.026507630] [pose_estimator]: RANSAC: 247 inliers / 297, 4 iterations
[INFO] [1790553090.026674172] [pose_estimator]: RPE: trans 0.0460 | rot 0.00000 (0.000 deg)
Matched 291 keypoints
[INFO] [1790553090.135924922] [pose_estimator]: RANSAC: 250 inliers / 291, 4 iterations
[INFO] [1790553090.136068713] [pose_estimator]: RPE: trans 0.1050 | rot 0.00000 (0.000 deg)
Matched 311 keypoints
[INFO] [1790553090.254335588] [pose_estimator]: RANSAC: 255 inliers / 311, 5 iterations
[INFO] [1790553090.255356588] [pose_estimator]: RPE: trans 0.0036 | rot 0.00000 (0.000 deg)
Matched 311 keypoints
[INFO] [1790553090.372224963] [pose_estimator]: RANSAC: 266 inliers / 311, 4 iterations
[INFO] [1790553090.372369088] [pose_estimator]: RPE: trans 0.0504 | rot 0.00000 (0.000 deg)
Matched 343 keypoints
[INFO] [1790553090.488162130] [pose_estimator]: RANSAC: 284 inliers / 343, 4 iterations
[INFO] [1790553090.488314797] [pose_estimator]: RPE: trans 0.0337 | rot 0.00000 (0.000 deg)
Matched 346 keypoints
[INFO] [1790553090.606200922] [pose_estimator]: RANSAC: 299 inliers / 346, 4 iterations
[INFO] [1790553090.619718797] [pose_estimator]: RPE: trans 0.0555 | rot 0.00000 (0.000 deg)
Matched 308 keypoints
[INFO] [1790553090.744663839] [pose_estimator]: RANSAC: 263 inliers / 308, 4 iterations
[INFO] [1790553090.747069880] [pose_estimator]: RPE: trans 0.0070 | rot 0.00000 (0.000 deg)
Matched 279 keypoints
[INFO] [1790553090.868686714] [pose_estimator]: RANSAC: 245 inliers / 279, 4 iterations
[INFO] [1790553090.868836464] [pose_estimator]: RPE: trans 0.0107 | rot 0.00000 (0.000 deg)
Matched 297 keypoints
[INFO] [1790553090.985609755] [pose_estimator]: RANSAC: 252 inliers / 297, 6 iterations
[INFO] [1790553090.985763922] [pose_estimator]: RPE: trans 0.0195 | rot 0.00000 (0.000 deg)
Matched 296 keypoints
[INFO] [1790553091.097650255] [pose_estimator]: RANSAC: 253 inliers / 296, 4 iterations
[INFO] [1790553091.100288297] [pose_estimator]: RPE: trans 0.0047 | rot 0.00000 (0.000 deg)
Matched 267 keypoints
[INFO] [1790553091.222339672] [pose_estimator]: RANSAC: 215 inliers / 267, 5 iterations
[INFO] [1790553091.224209964] [pose_estimator]: RPE: trans 0.0829 | rot 0.00000 (0.000 deg)
Matched 284 keypoints
[INFO] [1790553091.344083380] [pose_estimator]: RANSAC: 241 inliers / 284, 4 iterations
[INFO] [1790553091.344282297] [pose_estimator]: RPE: trans 0.0253 | rot 0.00000 (0.000 deg)
Matched 281 keypoints
[INFO] [1790553091.462418381] [pose_estimator]: RANSAC: 230 inliers / 281, 5 iterations
[INFO] [1790553091.464209672] [pose_estimator]: RPE: trans 0.0178 | rot 0.00000 (0.000 deg)
Matched 265 keypoints
[INFO] [1790553091.586370381] [pose_estimator]: RANSAC: 219 inliers / 265, 5 iterations
[INFO] [1790553091.589922006] [pose_estimator]: RPE: trans 0.0561 | rot 0.00000 (0.000 deg)
Matched 250 keypoints
[INFO] [1790553091.717807839] [pose_estimator]: RANSAC: 204 inliers / 250, 5 iterations
[INFO] [1790553091.717976464] [pose_estimator]: RPE: trans 0.0915 | rot 0.00000 (0.000 deg)
Matched 234 keypoints
[INFO] [1790553091.836690131] [pose_estimator]: RANSAC: 196 inliers / 234, 4 iterations
[INFO] [1790553091.836923047] [pose_estimator]: RPE: trans 0.0481 | rot 0.00000 (0.000 deg)
Matched 239 keypoints
[INFO] [1790553091.980416881] [pose_estimator]: RANSAC: 200 inliers / 239, 4 iterations
[INFO] [1790553091.980916839] [pose_estimator]: RPE: trans 0.0196 | rot 0.00000 (0.000 deg)
Matched 206 keypoints
[INFO] [1790553092.132464131] [pose_estimator]: RANSAC: 176 inliers / 206, 4 iterations
[INFO] [1790553092.132648923] [pose_estimator]: RPE: trans 0.0301 | rot 0.00000 (0.000 deg)
Matched 196 keypoints
[INFO] [1790553092.265777381] [pose_estimator]: RANSAC: 164 inliers / 196, 4 iterations
[INFO] [1790553092.268860006] [pose_estimator]: RPE: trans 0.0248 | rot 0.00000 (0.000 deg)
Matched 206 keypoints
[INFO] [1790553092.399964464] [pose_estimator]: RANSAC: 161 inliers / 206, 5 iterations
[INFO] [1790553092.403036506] [pose_estimator]: RPE: trans 0.1536 | rot 0.00000 (0.000 deg)
Matched 183 keypoints
[INFO] [1790553092.519763798] [pose_estimator]: RANSAC: 162 inliers / 183, 4 iterations
[INFO] [1790553092.519930173] [pose_estimator]: RPE: trans 0.0310 | rot 0.00000 (0.000 deg)
Matched 213 keypoints
[INFO] [1790553092.633615006] [pose_estimator]: RANSAC: 186 inliers / 213, 5 iterations
[INFO] [1790553092.633813048] [pose_estimator]: RPE: trans 0.0252 | rot 0.00000 (0.000 deg)
Matched 225 keypoints
[INFO] [1790553092.757104298] [pose_estimator]: RANSAC: 185 inliers / 225, 5 iterations
[INFO] [1790553092.760829298] [pose_estimator]: RPE: trans 0.1936 | rot 0.00000 (0.000 deg)
Matched 232 keypoints
[INFO] [1790553092.890140548] [pose_estimator]: RANSAC: 193 inliers / 232, 4 iterations
[INFO] [1790553092.892803006] [pose_estimator]: RPE: trans 0.0339 | rot 0.00000 (0.000 deg)
Matched 216 keypoints
[INFO] [1790553093.007294048] [pose_estimator]: RANSAC: 190 inliers / 216, 4 iterations
[INFO] [1790553093.007460590] [pose_estimator]: RPE: trans 0.1347 | rot 0.00000 (0.000 deg)
Matched 224 keypoints
[INFO] [1790553093.117397298] [pose_estimator]: RANSAC: 187 inliers / 224, 4 iterations
[INFO] [1790553093.120746465] [pose_estimator]: RPE: trans 0.0227 | rot 0.00000 (0.000 deg)
Matched 239 keypoints
[INFO] [1790553093.237959465] [pose_estimator]: RANSAC: 217 inliers / 239, 3 iterations
[INFO] [1790553093.243808590] [pose_estimator]: RPE: trans 0.1958 | rot 0.00000 (0.000 deg)
Matched 266 keypoints
[INFO] [1790553093.362021298] [pose_estimator]: RANSAC: 239 inliers / 266, 3 iterations
[INFO] [1790553093.362192965] [pose_estimator]: RPE: trans 0.0298 | rot 0.00000 (0.000 deg)
Matched 282 keypoints
[INFO] [1790553093.473021965] [pose_estimator]: RANSAC: 255 inliers / 282, 3 iterations
[INFO] [1790553093.473187298] [pose_estimator]: RPE: trans 0.0165 | rot 0.00000 (0.000 deg)
Matched 324 keypoints
[INFO] [1790553093.585233673] [pose_estimator]: RANSAC: 278 inliers / 324, 4 iterations
[INFO] [1790553093.586192173] [pose_estimator]: RPE: trans 0.0738 | rot 0.00000 (0.000 deg)
Matched 316 keypoints
[INFO] [1790553093.696857507] [pose_estimator]: RANSAC: 284 inliers / 316, 3 iterations
[INFO] [1790553093.697053882] [pose_estimator]: RPE: trans 0.0303 | rot 0.00000 (0.000 deg)
Matched 304 keypoints
[INFO] [1790553093.814380590] [pose_estimator]: RANSAC: 271 inliers / 304, 3 iterations
[INFO] [1790553093.814550548] [pose_estimator]: RPE: trans 0.1353 | rot 0.00000 (0.000 deg)
Matched 314 keypoints
[INFO] [1790553093.927551923] [pose_estimator]: RANSAC: 280 inliers / 314, 3 iterations
[INFO] [1790553093.927703548] [pose_estimator]: RPE: trans 0.2345 | rot 0.00000 (0.000 deg)
Matched 293 keypoints
[INFO] [1790553094.040545882] [pose_estimator]: RANSAC: 253 inliers / 293, 4 iterations
[INFO] [1790553094.042185132] [pose_estimator]: RPE: trans 0.0258 | rot 0.00000 (0.000 deg)
Matched 315 keypoints
[INFO] [1790553094.160071257] [pose_estimator]: RANSAC: 279 inliers / 315, 4 iterations
[INFO] [1790553094.161940673] [pose_estimator]: RPE: trans 0.0336 | rot 0.00000 (0.000 deg)
Matched 262 keypoints
[INFO] [1790553094.282392965] [pose_estimator]: RANSAC: 239 inliers / 262, 3 iterations
[INFO] [1790553094.282550215] [pose_estimator]: RPE: trans 0.0020 | rot 0.00000 (0.000 deg)
Matched 349 keypoints
[INFO] [1790553094.401593965] [pose_estimator]: RANSAC: 306 inliers / 349, 4 iterations
[INFO] [1790553094.401764507] [pose_estimator]: RPE: trans 0.2330 | rot 0.00000 (0.000 deg)
Matched 273 keypoints
[INFO] [1790553094.514056674] [pose_estimator]: RANSAC: 238 inliers / 273, 5 iterations
[INFO] [1790553094.515640882] [pose_estimator]: RPE: trans 0.1002 | rot 0.00000 (0.000 deg)
Matched 292 keypoints
[INFO] [1790553094.636102299] [pose_estimator]: RANSAC: 257 inliers / 292, 4 iterations
[INFO] [1790553094.636261090] [pose_estimator]: RPE: trans 0.0444 | rot 0.00000 (0.000 deg)
Matched 247 keypoints
[INFO] [1790553094.755087590] [pose_estimator]: RANSAC: 217 inliers / 247, 4 iterations
[INFO] [1790553094.755227840] [pose_estimator]: RPE: trans 0.2030 | rot 0.00000 (0.000 deg)
Matched 234 keypoints
[INFO] [1790553094.868119507] [pose_estimator]: RANSAC: 202 inliers / 234, 4 iterations
[INFO] [1790553094.869222465] [pose_estimator]: RPE: trans 0.0076 | rot 0.00000 (0.000 deg)
Matched 283 keypoints
[INFO] [1790553094.986736674] [pose_estimator]: RANSAC: 253 inliers / 283, 5 iterations
[INFO] [1790553094.989518049] [pose_estimator]: RPE: trans 0.0713 | rot 0.00000 (0.000 deg)
Matched 249 keypoints
[INFO] [1790553095.105521799] [pose_estimator]: RANSAC: 227 inliers / 249, 3 iterations
[INFO] [1790553095.105690091] [pose_estimator]: RPE: trans 0.0781 | rot 0.00000 (0.000 deg)
Matched 235 keypoints
[INFO] [1790553095.213973382] [pose_estimator]: RANSAC: 200 inliers / 235, 4 iterations
[INFO] [1790553095.214134382] [pose_estimator]: RPE: trans 0.0545 | rot 0.00000 (0.000 deg)
Matched 266 keypoints
[INFO] [1790553095.329779966] [pose_estimator]: RANSAC: 245 inliers / 266, 3 iterations
[INFO] [1790553095.332107257] [pose_estimator]: RPE: trans 0.1221 | rot 0.00000 (0.000 deg)
Matched 255 keypoints
[INFO] [1790553095.450076591] [pose_estimator]: RANSAC: 222 inliers / 255, 4 iterations
[INFO] [1790553095.452009257] [pose_estimator]: RPE: trans 0.0613 | rot 0.00000 (0.000 deg)
Matched 235 keypoints
[INFO] [1790553095.564314174] [pose_estimator]: RANSAC: 216 inliers / 235, 3 iterations
[INFO] [1790553095.564470174] [pose_estimator]: RPE: trans 0.0176 | rot 0.00000 (0.000 deg)
Matched 267 keypoints
[INFO] [1790553095.674756341] [pose_estimator]: RANSAC: 238 inliers / 267, 3 iterations
[INFO] [1790553095.674889758] [pose_estimator]: RPE: trans 0.0461 | rot 0.00000 (0.000 deg)
Matched 265 keypoints
[INFO] [1790553095.806755091] [pose_estimator]: RANSAC: 241 inliers / 265, 3 iterations
[INFO] [1790553095.814005966] [pose_estimator]: RPE: trans 0.0059 | rot 0.00000 (0.000 deg)
Matched 242 keypoints
[INFO] [1790553095.932962341] [pose_estimator]: RANSAC: 218 inliers / 242, 3 iterations
[INFO] [1790553095.934412091] [pose_estimator]: RPE: trans 0.0119 | rot 0.00000 (0.000 deg)
Matched 255 keypoints
[INFO] [1790553096.052775258] [pose_estimator]: RANSAC: 220 inliers / 255, 4 iterations
[INFO] [1790553096.052938466] [pose_estimator]: RPE: trans 0.0733 | rot 0.00000 (0.000 deg)
Matched 269 keypoints
[INFO] [1790553096.172026299] [pose_estimator]: RANSAC: 233 inliers / 269, 4 iterations
[INFO] [1790553096.172765716] [pose_estimator]: RPE: trans 0.0689 | rot 0.00000 (0.000 deg)
Matched 289 keypoints
[INFO] [1790553096.288222508] [pose_estimator]: RANSAC: 258 inliers / 289, 3 iterations
[INFO] [1790553096.293261091] [pose_estimator]: RPE: trans 0.0624 | rot 0.00000 (0.000 deg)
Matched 269 keypoints
[INFO] [1790553096.408111675] [pose_estimator]: RANSAC: 245 inliers / 269, 3 iterations
[INFO] [1790553096.408263508] [pose_estimator]: RPE: trans 0.0652 | rot 0.00000 (0.000 deg)
Matched 242 keypoints
[INFO] [1790553096.519618508] [pose_estimator]: RANSAC: 196 inliers / 242, 5 iterations
[INFO] [1790553096.519777050] [pose_estimator]: RPE: trans 0.1787 | rot 0.00000 (0.000 deg)
Matched 245 keypoints
[INFO] [1790553096.640976175] [pose_estimator]: RANSAC: 217 inliers / 245, 4 iterations
[INFO] [1790553096.645968550] [pose_estimator]: RPE: trans 0.2017 | rot 0.00000 (0.000 deg)
Matched 235 keypoints
[INFO] [1790553096.757738216] [pose_estimator]: RANSAC: 207 inliers / 235, 4 iterations
[INFO] [1790553096.759085425] [pose_estimator]: RPE: trans 0.0270 | rot 0.00000 (0.000 deg)
Matched 224 keypoints
[INFO] [1790553096.876007966] [pose_estimator]: RANSAC: 200 inliers / 224, 3 iterations
[INFO] [1790553096.876164425] [pose_estimator]: RPE: trans 0.0096 | rot 0.00000 (0.000 deg)
Matched 260 keypoints
[INFO] [1790553096.986656967] [pose_estimator]: RANSAC: 234 inliers / 260, 3 iterations
[INFO] [1790553096.986810633] [pose_estimator]: RPE: trans 0.0629 | rot 0.00000 (0.000 deg)
Matched 285 keypoints
[INFO] [1790553097.099910633] [pose_estimator]: RANSAC: 249 inliers / 285, 4 iterations
[INFO] [1790553097.102317300] [pose_estimator]: RPE: trans 0.1340 | rot 0.00000 (0.000 deg)
Matched 276 keypoints
[INFO] [1790553097.210619175] [pose_estimator]: RANSAC: 245 inliers / 276, 3 iterations
[INFO] [1790553097.219611258] [pose_estimator]: RPE: trans 0.0270 | rot 0.00000 (0.000 deg)
Matched 286 keypoints
[INFO] [1790553097.329220508] [pose_estimator]: RANSAC: 249 inliers / 286, 4 iterations
[INFO] [1790553097.329365092] [pose_estimator]: RPE: trans 0.0363 | rot 0.00000 (0.000 deg)
Matched 319 keypoints
[INFO] [1790553097.444500383] [pose_estimator]: RANSAC: 278 inliers / 319, 4 iterations
[INFO] [1790553097.446921758] [pose_estimator]: RPE: trans 0.0411 | rot 0.00000 (0.000 deg)
Matched 281 keypoints
[INFO] [1790553097.566232008] [pose_estimator]: RANSAC: 253 inliers / 281, 3 iterations
[INFO] [1790553097.569171425] [pose_estimator]: RPE: trans 0.0483 | rot 0.00000 (0.000 deg)
Matched 349 keypoints
[INFO] [1790553097.691286925] [pose_estimator]: RANSAC: 294 inliers / 349, 4 iterations
[INFO] [1790553097.691431717] [pose_estimator]: RPE: trans 0.4588 | rot 0.00000 (0.000 deg)
Matched 320 keypoints
[INFO] [1790553097.801614425] [pose_estimator]: RANSAC: 290 inliers / 320, 3 iterations
[INFO] [1790553097.801767175] [pose_estimator]: RPE: trans 0.0492 | rot 0.00000 (0.000 deg)
Matched 335 keypoints
[INFO] [1790553097.918584217] [pose_estimator]: RANSAC: 268 inliers / 335, 5 iterations
[INFO] [1790553097.921508050] [pose_estimator]: RPE: trans 0.4778 | rot 0.00000 (0.000 deg)
Matched 349 keypoints
[INFO] [1790553098.038641759] [pose_estimator]: RANSAC: 306 inliers / 349, 4 iterations
[INFO] [1790553098.038821842] [pose_estimator]: RPE: trans 0.2072 | rot 0.00000 (0.000 deg)
Matched 320 keypoints
[INFO] [1790553098.160195134] [pose_estimator]: RANSAC: 278 inliers / 320, 4 iterations
[INFO] [1790553098.160357592] [pose_estimator]: RPE: trans 0.2854 | rot 0.00000 (0.000 deg)
Matched 324 keypoints
[INFO] [1790553098.280886550] [pose_estimator]: RANSAC: 295 inliers / 324, 3 iterations
[INFO] [1790553098.281477384] [pose_estimator]: RPE: trans 0.0586 | rot 0.00000 (0.000 deg)
Matched 315 keypoints
[INFO] [1790553098.394900426] [pose_estimator]: RANSAC: 271 inliers / 315, 4 iterations
[INFO] [1790553098.400197259] [pose_estimator]: RPE: trans 0.0447 | rot 0.00000 (0.000 deg)
Matched 293 keypoints
[INFO] [1790553098.565197884] [pose_estimator]: RANSAC: 272 inliers / 293, 3 iterations
[INFO] [1790553098.565355051] [pose_estimator]: RPE: trans 0.0273 | rot 0.00000 (0.000 deg)
Matched 301 keypoints
[INFO] [1790553098.677728467] [pose_estimator]: RANSAC: 262 inliers / 301, 4 iterations
[INFO] [1790553098.677882259] [pose_estimator]: RPE: trans 0.1041 | rot 0.00000 (0.000 deg)
Matched 305 keypoints
[INFO] [1790553098.791129884] [pose_estimator]: RANSAC: 285 inliers / 305, 3 iterations
[INFO] [1790553098.794771634] [pose_estimator]: RPE: trans 0.2375 | rot 0.00000 (0.000 deg)
Matched 356 keypoints
[INFO] [1790553098.915564134] [pose_estimator]: RANSAC: 317 inliers / 356, 3 iterations
[INFO] [1790553098.915737842] [pose_estimator]: RPE: trans 0.6440 | rot 0.00000 (0.000 deg)
Matched 337 keypoints
[INFO] [1790553099.026665051] [pose_estimator]: RANSAC: 306 inliers / 337, 3 iterations
[INFO] [1790553099.026830134] [pose_estimator]: RPE: trans 0.1409 | rot 0.00000 (0.000 deg)
Matched 342 keypoints
[INFO] [1790553099.141511009] [pose_estimator]: RANSAC: 299 inliers / 342, 4 iterations
[INFO] [1790553099.142654676] [pose_estimator]: RPE: trans 0.0961 | rot 0.00000 (0.000 deg)
Matched 328 keypoints
[INFO] [1790553099.262963509] [pose_estimator]: RANSAC: 296 inliers / 328, 3 iterations
[INFO] [1790553099.263116384] [pose_estimator]: RPE: trans 0.1586 | rot 0.00000 (0.000 deg)
Matched 309 keypoints
[INFO] [1790553099.378607176] [pose_estimator]: RANSAC: 269 inliers / 309, 4 iterations
[INFO] [1790553099.378754676] [pose_estimator]: RPE: trans 0.0110 | rot 0.00000 (0.000 deg)
Matched 366 keypoints
[INFO] [1790553099.495479968] [pose_estimator]: RANSAC: 338 inliers / 366, 3 iterations
[INFO] [1790553099.495648843] [pose_estimator]: RPE: trans 0.0670 | rot 0.00000 (0.000 deg)
Matched 383 keypoints
[INFO] [1790553099.631563426] [pose_estimator]: RANSAC: 341 inliers / 383, 3 iterations
[INFO] [1790553099.635702801] [pose_estimator]: RPE: trans 0.1079 | rot 0.00000 (0.000 deg)
Matched 335 keypoints
[INFO] [1790553099.754199801] [pose_estimator]: RANSAC: 295 inliers / 335, 4 iterations
[INFO] [1790553099.754361384] [pose_estimator]: RPE: trans 0.0313 | rot 0.00000 (0.000 deg)
Matched 348 keypoints
[INFO] [1790553099.873237260] [pose_estimator]: RANSAC: 305 inliers / 348, 4 iterations
[INFO] [1790553099.873421926] [pose_estimator]: RPE: trans 0.0777 | rot 0.00000 (0.000 deg)
Matched 390 keypoints
[INFO] [1790553099.989939510] [pose_estimator]: RANSAC: 339 inliers / 390, 4 iterations
[INFO] [1790553099.992854801] [pose_estimator]: RPE: trans 0.2900 | rot 0.00000 (0.000 deg)
Matched 379 keypoints
[INFO] [1790553100.117359551] [pose_estimator]: RANSAC: 331 inliers / 379, 4 iterations
[INFO] [1790553100.123800635] [pose_estimator]: RPE: trans 0.0662 | rot 0.00000 (0.000 deg)
Matched 331 keypoints
[INFO] [1790553100.247759260] [pose_estimator]: RANSAC: 288 inliers / 331, 4 iterations
[INFO] [1790553100.247920010] [pose_estimator]: RPE: trans 0.2564 | rot 0.00000 (0.000 deg)
Matched 370 keypoints
[INFO] [1790553100.367199635] [pose_estimator]: RANSAC: 328 inliers / 370, 3 iterations
[INFO] [1790553100.367344135] [pose_estimator]: RPE: trans 0.5233 | rot 0.00000 (0.000 deg)
Matched 351 keypoints
[INFO] [1790553100.495486260] [pose_estimator]: RANSAC: 297 inliers / 351, 4 iterations
[INFO] [1790553100.526556093] [pose_estimator]: RPE: trans 0.0874 | rot 0.00000 (0.000 deg)
Matched 307 keypoints
[INFO] [1790553100.646389302] [pose_estimator]: RANSAC: 256 inliers / 307, 5 iterations
[INFO] [1790553100.649338760] [pose_estimator]: RPE: trans 0.1720 | rot 0.00000 (0.000 deg)
Matched 343 keypoints
[INFO] [1790553100.775884510] [pose_estimator]: RANSAC: 292 inliers / 343, 4 iterations
[INFO] [1790553100.776043802] [pose_estimator]: RPE: trans 0.0837 | rot 0.00000 (0.000 deg)
Matched 350 keypoints
[INFO] [1790553100.892648260] [pose_estimator]: RANSAC: 309 inliers / 350, 4 iterations
[INFO] [1790553100.894558802] [pose_estimator]: RPE: trans 0.3965 | rot 0.00000 (0.000 deg)
Matched 355 keypoints
[INFO] [1790553101.013236343] [pose_estimator]: RANSAC: 311 inliers / 355, 4 iterations
[INFO] [1790553101.015792510] [pose_estimator]: RPE: trans 0.1086 | rot 0.00000 (0.000 deg)
Matched 390 keypoints
[INFO] [1790553101.132261802] [pose_estimator]: RANSAC: 312 inliers / 390, 5 iterations
[INFO] [1790553101.132412760] [pose_estimator]: RPE: trans 0.6824 | rot 0.00000 (0.000 deg)
Matched 335 keypoints
[INFO] [1790553101.274195344] [pose_estimator]: RANSAC: 303 inliers / 335, 5 iterations
[INFO] [1790553101.279261052] [pose_estimator]: RPE: trans 0.2467 | rot 0.00000 (0.000 deg)
Matched 349 keypoints
[INFO] [1790553101.400817302] [pose_estimator]: RANSAC: 297 inliers / 349, 4 iterations
[INFO] [1790553101.400969427] [pose_estimator]: RPE: trans 0.1521 | rot 0.00000 (0.000 deg)
Matched 372 keypoints
[INFO] [1790553101.518675469] [pose_estimator]: RANSAC: 332 inliers / 372, 3 iterations
[INFO] [1790553101.518829469] [pose_estimator]: RPE: trans 0.0122 | rot 0.00000 (0.000 deg)
Matched 395 keypoints
[INFO] [1790553101.637250510] [pose_estimator]: RANSAC: 349 inliers / 395, 4 iterations
[INFO] [1790553101.637405719] [pose_estimator]: RPE: trans 0.0244 | rot 0.00000 (0.000 deg)
Matched 380 keypoints
[INFO] [1790553101.758772302] [pose_estimator]: RANSAC: 333 inliers / 380, 4 iterations
[INFO] [1790553101.761317510] [pose_estimator]: RPE: trans 0.0557 | rot 0.00000 (0.000 deg)
Matched 434 keypoints
[INFO] [1790553101.879776677] [pose_estimator]: RANSAC: 364 inliers / 434, 4 iterations
[INFO] [1790553101.885894177] [pose_estimator]: RPE: trans 0.1401 | rot 0.00000 (0.000 deg)
Matched 426 keypoints
[INFO] [1790553102.003796552] [pose_estimator]: RANSAC: 359 inliers / 426, 4 iterations
[INFO] [1790553102.003947177] [pose_estimator]: RPE: trans 0.3069 | rot 0.00000 (0.000 deg)
Matched 370 keypoints
[INFO] [1790553102.123568511] [pose_estimator]: RANSAC: 325 inliers / 370, 4 iterations
[INFO] [1790553102.123724469] [pose_estimator]: RPE: trans 0.0094 | rot 0.00000 (0.000 deg)
Matched 419 keypoints
[INFO] [1790553102.245598302] [pose_estimator]: RANSAC: 363 inliers / 419, 4 iterations
[INFO] [1790553102.257602094] [pose_estimator]: RPE: trans 0.0043 | rot 0.00000 (0.000 deg)
Matched 419 keypoints
[INFO] [1790553102.414647677] [pose_estimator]: RANSAC: 363 inliers / 419, 4 iterations
[INFO] [1790553102.417208052] [pose_estimator]: RPE: trans 0.3033 | rot 0.00000 (0.000 deg)
Matched 395 keypoints
[INFO] [1790553102.539875011] [pose_estimator]: RANSAC: 339 inliers / 395, 4 iterations
[INFO] [1790553102.540030052] [pose_estimator]: RPE: trans 0.2705 | rot 0.00000 (0.000 deg)
Matched 405 keypoints
[INFO] [1790553102.681212178] [pose_estimator]: RANSAC: 349 inliers / 405, 4 iterations
[INFO] [1790553102.700786303] [pose_estimator]: RPE: trans 0.2794 | rot 0.00000 (0.000 deg)
Matched 400 keypoints
[INFO] [1790553102.824065886] [pose_estimator]: RANSAC: 339 inliers / 400, 4 iterations
[INFO] [1790553102.831095136] [pose_estimator]: RPE: trans 0.5008 | rot 0.00000 (0.000 deg)
Matched 421 keypoints
[INFO] [1790553102.957643678] [pose_estimator]: RANSAC: 271 inliers / 421, 9 iterations
[INFO] [1790553102.957788928] [pose_estimator]: RPE: trans 0.1593 | rot 0.00000 (0.000 deg)
Matched 434 keypoints
[INFO] [1790553103.092224053] [pose_estimator]: RANSAC: 344 inliers / 434, 5 iterations
[INFO] [1790553103.146720636] [pose_estimator]: RPE: trans 0.0902 | rot 0.00000 (0.000 deg)
Matched 418 keypoints
[INFO] [1790553103.287986761] [pose_estimator]: RANSAC: 366 inliers / 418, 4 iterations
[INFO] [1790553103.294455928] [pose_estimator]: RPE: trans 0.0345 | rot 0.00000 (0.000 deg)
Matched 410 keypoints
[INFO] [1790553103.416444886] [pose_estimator]: RANSAC: 319 inliers / 410, 5 iterations
[INFO] [1790553103.417365136] [pose_estimator]: RPE: trans 0.1143 | rot 0.00000 (0.000 deg)
Matched 398 keypoints
[INFO] [1790553103.536500095] [pose_estimator]: RANSAC: 317 inliers / 398, 5 iterations
[INFO] [1790553103.548011303] [pose_estimator]: RPE: trans 0.0606 | rot 0.00000 (0.000 deg)
Matched 390 keypoints
[INFO] [1790553103.678104303] [pose_estimator]: RANSAC: 315 inliers / 390, 5 iterations
[INFO] [1790553103.678752136] [pose_estimator]: RPE: trans 0.0560 | rot 0.00000 (0.000 deg)
Matched 409 keypoints
[INFO] [1790553103.797091345] [pose_estimator]: RANSAC: 328 inliers / 409, 6 iterations
[INFO] [1790553103.797247845] [pose_estimator]: RPE: trans 0.0861 | rot 0.00000 (0.000 deg)
Matched 406 keypoints
[INFO] [1790553103.922564595] [pose_estimator]: RANSAC: 327 inliers / 406, 6 iterations
[INFO] [1790553103.924304011] [pose_estimator]: RPE: trans 0.1475 | rot 0.00000 (0.000 deg)
Matched 408 keypoints
[INFO] [1790553104.051683678] [pose_estimator]: RANSAC: 342 inliers / 408, 4 iterations
[INFO] [1790553104.055934887] [pose_estimator]: RPE: trans 0.0521 | rot 0.00000 (0.000 deg)
Matched 399 keypoints
[INFO] [1790553104.175904970] [pose_estimator]: RANSAC: 334 inliers / 399, 4 iterations
[INFO] [1790553104.176041595] [pose_estimator]: RPE: trans 0.0236 | rot 0.00000 (0.000 deg)
Matched 419 keypoints
[INFO] [1790553104.297715345] [pose_estimator]: RANSAC: 318 inliers / 419, 6 iterations
[INFO] [1790553104.297869262] [pose_estimator]: RPE: trans 0.0818 | rot 0.00000 (0.000 deg)
Matched 419 keypoints
[INFO] [1790553104.422957762] [pose_estimator]: RANSAC: 359 inliers / 419, 4 iterations
[INFO] [1790553104.423724553] [pose_estimator]: RPE: trans 0.0582 | rot 0.00000 (0.000 deg)
Matched 461 keypoints
[INFO] [1790553104.550751053] [pose_estimator]: RANSAC: 381 inliers / 461, 5 iterations
[INFO] [1790553104.550920428] [pose_estimator]: RPE: trans 0.0293 | rot 0.00000 (0.000 deg)
Matched 410 keypoints
[INFO] [1790553104.695237012] [pose_estimator]: RANSAC: 351 inliers / 410, 4 iterations
[INFO] [1790553104.695412012] [pose_estimator]: RPE: trans 0.0516 | rot 0.00000 (0.000 deg)
Matched 438 keypoints
[INFO] [1790553104.823800054] [pose_estimator]: RANSAC: 339 inliers / 438, 6 iterations
[INFO] [1790553104.827869512] [pose_estimator]: RPE: trans 0.0743 | rot 0.00000 (0.000 deg)
Matched 408 keypoints
[INFO] [1790553104.956980554] [pose_estimator]: RANSAC: 345 inliers / 408, 4 iterations
[INFO] [1790553104.957598887] [pose_estimator]: RPE: trans 0.0558 | rot 0.00000 (0.000 deg)
Matched 452 keypoints
[INFO] [1790553105.091139595] [pose_estimator]: RANSAC: 338 inliers / 452, 6 iterations
[INFO] [1790553105.091303679] [pose_estimator]: RPE: trans 0.1853 | rot 0.00000 (0.000 deg)
Matched 418 keypoints
[INFO] [1790553105.211806470] [pose_estimator]: RANSAC: 307 inliers / 418, 6 iterations
[INFO] [1790553105.215623220] [pose_estimator]: RPE: trans 0.0488 | rot 0.00000 (0.000 deg)
Matched 354 keypoints
[INFO] [1790553105.343995345] [pose_estimator]: RANSAC: 280 inliers / 354, 5 iterations
[INFO] [1790553105.348456012] [pose_estimator]: RPE: trans 0.0799 | rot 0.00000 (0.000 deg)
Matched 349 keypoints
[INFO] [1790553105.467110554] [pose_estimator]: RANSAC: 297 inliers / 349, 4 iterations
[INFO] [1790553105.467251554] [pose_estimator]: RPE: trans 0.0649 | rot 0.00000 (0.000 deg)
Matched 359 keypoints
[INFO] [1790553105.583492679] [pose_estimator]: RANSAC: 301 inliers / 359, 4 iterations
[INFO] [1790553105.583667679] [pose_estimator]: RPE: trans 0.0563 | rot 0.00000 (0.000 deg)
Matched 393 keypoints
[INFO] [1790553105.711497346] [pose_estimator]: RANSAC: 294 inliers / 393, 6 iterations
[INFO] [1790553105.713573054] [pose_estimator]: RPE: trans 0.1721 | rot 0.00000 (0.000 deg)
Matched 384 keypoints
[INFO] [1790553105.840893096] [pose_estimator]: RANSAC: 300 inliers / 384, 5 iterations
[INFO] [1790553105.841450804] [pose_estimator]: RPE: trans 0.0898 | rot 0.00000 (0.000 deg)
Matched 373 keypoints
[INFO] [1790553105.958572179] [pose_estimator]: RANSAC: 274 inliers / 373, 6 iterations
[INFO] [1790553105.958723054] [pose_estimator]: RPE: trans 0.0785 | rot 0.00000 (0.000 deg)
Matched 318 keypoints
[INFO] [1790553106.076373513] [pose_estimator]: RANSAC: 268 inliers / 318, 4 iterations
[INFO] [1790553106.079245888] [pose_estimator]: RPE: trans 0.0324 | rot 0.00000 (0.000 deg)
Matched 351 keypoints
[INFO] [1790553106.204622054] [pose_estimator]: RANSAC: 264 inliers / 351, 6 iterations
[INFO] [1790553106.208423721] [pose_estimator]: RPE: trans 0.0953 | rot 0.00000 (0.000 deg)
Matched 322 keypoints
[INFO] [1790553106.326132096] [pose_estimator]: RANSAC: 252 inliers / 322, 5 iterations
[INFO] [1790553106.326286013] [pose_estimator]: RPE: trans 0.0130 | rot 0.00000 (0.000 deg)
Matched 302 keypoints
[INFO] [1790553106.443073929] [pose_estimator]: RANSAC: 253 inliers / 302, 4 iterations
[INFO] [1790553106.443217971] [pose_estimator]: RPE: trans 0.0310 | rot 0.00000 (0.000 deg)
Matched 357 keypoints
[INFO] [1790553106.575983013] [pose_estimator]: RANSAC: 281 inliers / 357, 5 iterations
[INFO] [1790553106.580477013] [pose_estimator]: RPE: trans 0.1255 | rot 0.00000 (0.000 deg)
Matched 345 keypoints
[INFO] [1790553106.709571888] [pose_estimator]: RANSAC: 278 inliers / 345, 5 iterations
[INFO] [1790553106.712069763] [pose_estimator]: RPE: trans 0.1411 | rot 0.00000 (0.000 deg)
Matched 347 keypoints
[INFO] [1790553106.827602680] [pose_estimator]: RANSAC: 287 inliers / 347, 4 iterations
[INFO] [1790553106.827773388] [pose_estimator]: RPE: trans 0.0140 | rot 0.00000 (0.000 deg)
Matched 349 keypoints
[INFO] [1790553106.949104180] [pose_estimator]: RANSAC: 298 inliers / 349, 5 iterations
[INFO] [1790553106.950378221] [pose_estimator]: RPE: trans 0.0333 | rot 0.00000 (0.000 deg)
Matched 332 keypoints
[INFO] [1790553107.066058971] [pose_estimator]: RANSAC: 267 inliers / 332, 5 iterations
[INFO] [1790553107.067373180] [pose_estimator]: RPE: trans 0.1317 | rot 0.00000 (0.000 deg)
Matched 391 keypoints
[INFO] [1790553107.186087763] [pose_estimator]: RANSAC: 294 inliers / 391, 6 iterations
[INFO] [1790553107.186237013] [pose_estimator]: RPE: trans 0.0920 | rot 0.00000 (0.000 deg)
Matched 343 keypoints
[INFO] [1790553107.306197805] [pose_estimator]: RANSAC: 267 inliers / 343, 5 iterations
[INFO] [1790553107.306390805] [pose_estimator]: RPE: trans 0.0228 | rot 0.00000 (0.000 deg)
Matched 291 keypoints
[INFO] [1790553107.427359805] [pose_estimator]: RANSAC: 236 inliers / 291, 5 iterations
[INFO] [1790553107.430845430] [pose_estimator]: RPE: trans 0.0607 | rot 0.00000 (0.000 deg)
Matched 315 keypoints
[INFO] [1790553107.567791972] [pose_estimator]: RANSAC: 265 inliers / 315, 4 iterations
[INFO] [1790553107.568159347] [pose_estimator]: RPE: trans 0.0274 | rot 0.00000 (0.000 deg)
Matched 338 keypoints
[INFO] [1790553107.709846472] [pose_estimator]: RANSAC: 288 inliers / 338, 4 iterations
[INFO] [1790553107.710091347] [pose_estimator]: RPE: trans 0.0420 | rot 0.00000 (0.000 deg)
Matched 337 keypoints
[INFO] [1790553107.839178972] [pose_estimator]: RANSAC: 267 inliers / 337, 5 iterations
[INFO] [1790553107.839657305] [pose_estimator]: RPE: trans 0.0442 | rot 0.00000 (0.000 deg)
Matched 328 keypoints
[INFO] [1790553107.965590055] [pose_estimator]: RANSAC: 241 inliers / 328, 6 iterations
[INFO] [1790553107.965818597] [pose_estimator]: RPE: trans 0.1949 | rot 0.00000 (0.000 deg)
Matched 305 keypoints
[INFO] [1790553108.085377597] [pose_estimator]: RANSAC: 251 inliers / 305, 5 iterations
[INFO] [1790553108.085589513] [pose_estimator]: RPE: trans 0.0090 | rot 0.00000 (0.000 deg)
Matched 303 keypoints
[INFO] [1790553108.216179430] [pose_estimator]: RANSAC: 231 inliers / 303, 6 iterations
[INFO] [1790553108.216343972] [pose_estimator]: RPE: trans 0.0348 | rot 0.00000 (0.000 deg)
Matched 298 keypoints
[INFO] [1790553108.337720889] [pose_estimator]: RANSAC: 250 inliers / 298, 4 iterations
[INFO] [1790553108.342195180] [pose_estimator]: RPE: trans 0.0116 | rot 0.00000 (0.000 deg)
Matched 337 keypoints
[INFO] [1790553108.466330430] [pose_estimator]: RANSAC: 229 inliers / 337, 8 iterations
[INFO] [1790553108.466480555] [pose_estimator]: RPE: trans 0.4168 | rot 0.00000 (0.000 deg)
Matched 301 keypoints
[INFO] [1790553108.583488722] [pose_estimator]: RANSAC: 256 inliers / 301, 4 iterations
[INFO] [1790553108.583692972] [pose_estimator]: RPE: trans 0.0075 | rot 0.00000 (0.000 deg)
Matched 322 keypoints
[INFO] [1790553108.701311264] [pose_estimator]: RANSAC: 257 inliers / 322, 5 iterations
[INFO] [1790553108.703440514] [pose_estimator]: RPE: trans 0.0852 | rot 0.00000 (0.000 deg)
Matched 308 keypoints
[INFO] [1790553108.822128833] [pose_estimator]: RANSAC: 254 inliers / 308, 5 iterations
[INFO] [1790553108.827359375] [pose_estimator]: RPE: trans 0.0740 | rot 0.00000 (0.000 deg)
Matched 312 keypoints
[INFO] [1790553108.949591583] [pose_estimator]: RANSAC: 255 inliers / 312, 5 iterations
[INFO] [1790553108.949740291] [pose_estimator]: RPE: trans 0.0597 | rot 0.00000 (0.000 deg)
Matched 276 keypoints
[INFO] [1790553109.067376333] [pose_estimator]: RANSAC: 237 inliers / 276, 4 iterations
[INFO] [1790553109.067542958] [pose_estimator]: RPE: trans 0.0049 | rot 0.00000 (0.000 deg)
Matched 284 keypoints
[INFO] [1790553109.179412625] [pose_estimator]: RANSAC: 232 inliers / 284, 5 iterations
[INFO] [1790553109.179649208] [pose_estimator]: RPE: trans 0.1256 | rot 0.00000 (0.000 deg)
Matched 271 keypoints
[INFO] [1790553109.300166541] [pose_estimator]: RANSAC: 244 inliers / 271, 3 iterations
[INFO] [1790553109.300332958] [pose_estimator]: RPE: trans 0.0529 | rot 0.00000 (0.000 deg)
Matched 251 keypoints
[INFO] [1790553109.420140375] [pose_estimator]: RANSAC: 222 inliers / 251, 4 iterations
[INFO] [1790553109.420304583] [pose_estimator]: RPE: trans 0.0594 | rot 0.00000 (0.000 deg)
Matched 277 keypoints
[INFO] [1790553109.535319417] [pose_estimator]: RANSAC: 232 inliers / 277, 5 iterations
[INFO] [1790553109.536896208] [pose_estimator]: RPE: trans 0.1259 | rot 0.00000 (0.000 deg)
Matched 266 keypoints
[INFO] [1790553109.662750083] [pose_estimator]: RANSAC: 225 inliers / 266, 4 iterations
[INFO] [1790553109.673472667] [pose_estimator]: RPE: trans 0.0433 | rot 0.00000 (0.000 deg)
Matched 259 keypoints
[INFO] [1790553109.793768417] [pose_estimator]: RANSAC: 211 inliers / 259, 5 iterations
[INFO] [1790553109.793916042] [pose_estimator]: RPE: trans 0.0959 | rot 0.00000 (0.000 deg)
Matched 238 keypoints
[INFO] [1790553109.903636208] [pose_estimator]: RANSAC: 205 inliers / 238, 4 iterations
[INFO] [1790553109.903800167] [pose_estimator]: RPE: trans 0.1357 | rot 0.00000 (0.000 deg)
Matched 268 keypoints
[INFO] [1790553110.024338750] [pose_estimator]: RANSAC: 226 inliers / 268, 5 iterations
[INFO] [1790553110.031798000] [pose_estimator]: RPE: trans 0.0103 | rot 0.00000 (0.000 deg)
Matched 245 keypoints
[INFO] [1790553110.159094667] [pose_estimator]: RANSAC: 207 inliers / 245, 4 iterations
[INFO] [1790553110.160390000] [pose_estimator]: RPE: trans 0.1323 | rot 0.00000 (0.000 deg)
Matched 254 keypoints
[INFO] [1790553110.276622167] [pose_estimator]: RANSAC: 207 inliers / 254, 5 iterations
[INFO] [1790553110.276758834] [pose_estimator]: RPE: trans 0.0415 | rot 0.00000 (0.000 deg)
Matched 244 keypoints
[INFO] [1790553110.385352500] [pose_estimator]: RANSAC: 195 inliers / 244, 5 iterations
[INFO] [1790553110.385500875] [pose_estimator]: RPE: trans 0.1465 | rot 0.00000 (0.000 deg)
Matched 246 keypoints
[INFO] [1790553110.496464250] [pose_estimator]: RANSAC: 195 inliers / 246, 6 iterations
[INFO] [1790553110.497028834] [pose_estimator]: RPE: trans 0.1526 | rot 0.00000 (0.000 deg)
Matched 249 keypoints
[INFO] [1790553110.611893875] [pose_estimator]: RANSAC: 210 inliers / 249, 4 iterations
[INFO] [1790553110.612037125] [pose_estimator]: RPE: trans 0.0836 | rot 0.00000 (0.000 deg)
Matched 252 keypoints
[INFO] [1790553110.721098084] [pose_estimator]: RANSAC: 195 inliers / 252, 6 iterations
[INFO] [1790553110.721332459] [pose_estimator]: RPE: trans 0.0586 | rot 0.00000 (0.000 deg)
Matched 239 keypoints
[INFO] [1790553110.832408584] [pose_estimator]: RANSAC: 199 inliers / 239, 4 iterations
[INFO] [1790553110.836553917] [pose_estimator]: RPE: trans 0.1025 | rot 0.00000 (0.000 deg)
Matched 260 keypoints
[INFO] [1790553110.954712084] [pose_estimator]: RANSAC: 191 inliers / 260, 6 iterations
[INFO] [1790553110.956436584] [pose_estimator]: RPE: trans 0.1968 | rot 0.00000 (0.000 deg)
Matched 207 keypoints
[INFO] [1790553111.078482042] [pose_estimator]: RANSAC: 168 inliers / 207, 5 iterations
[INFO] [1790553111.078643876] [pose_estimator]: RPE: trans 0.1111 | rot 0.00000 (0.000 deg)
Matched 241 keypoints
[INFO] [1790553111.189743709] [pose_estimator]: RANSAC: 205 inliers / 241, 4 iterations
[INFO] [1790553111.189875251] [pose_estimator]: RPE: trans 0.1030 | rot 0.00000 (0.000 deg)
Matched 240 keypoints
[INFO] [1790553111.330001417] [pose_estimator]: RANSAC: 207 inliers / 240, 4 iterations
[INFO] [1790553111.331343459] [pose_estimator]: RPE: trans 0.0790 | rot 0.00000 (0.000 deg)
Matched 246 keypoints
[INFO] [1790553111.448536292] [pose_estimator]: RANSAC: 204 inliers / 246, 4 iterations
[INFO] [1790553111.450859959] [pose_estimator]: RPE: trans 0.0626 | rot 0.00000 (0.000 deg)
Matched 215 keypoints
[INFO] [1790553111.563744917] [pose_estimator]: RANSAC: 187 inliers / 215, 4 iterations
[INFO] [1790553111.563894126] [pose_estimator]: RPE: trans 0.0418 | rot 0.00000 (0.000 deg)
Matched 213 keypoints
[INFO] [1790553111.679614584] [pose_estimator]: RANSAC: 189 inliers / 213, 3 iterations
[INFO] [1790553111.683128918] [pose_estimator]: RPE: trans 0.0293 | rot 0.00000 (0.000 deg)
Matched 198 keypoints
[INFO] [1790553111.795721626] [pose_estimator]: RANSAC: 168 inliers / 198, 4 iterations
[INFO] [1790553111.800109834] [pose_estimator]: RPE: trans 0.0370 | rot 0.00000 (0.000 deg)
Matched 187 keypoints
[INFO] [1790553111.905611834] [pose_estimator]: RANSAC: 157 inliers / 187, 4 iterations
[INFO] [1790553111.905760959] [pose_estimator]: RPE: trans 0.0181 | rot 0.00000 (0.000 deg)
Matched 206 keypoints
[INFO] [1790553112.011338126] [pose_estimator]: RANSAC: 169 inliers / 206, 5 iterations
[INFO] [1790553112.011493293] [pose_estimator]: RPE: trans 0.0662 | rot 0.00000 (0.000 deg)
Matched 213 keypoints
[INFO] [1790553112.142553084] [pose_estimator]: RANSAC: 161 inliers / 213, 6 iterations
[INFO] [1790553112.143122584] [pose_estimator]: RPE: trans 0.2084 | rot 0.00000 (0.000 deg)
Matched 198 keypoints
[INFO] [1790553112.248867959] [pose_estimator]: RANSAC: 172 inliers / 198, 4 iterations
[INFO] [1790553112.248986584] [pose_estimator]: RPE: trans 0.0268 | rot 0.00000 (0.000 deg)
Matched 224 keypoints
[INFO] [1790553112.357816376] [pose_estimator]: RANSAC: 185 inliers / 224, 5 iterations
[INFO] [1790553112.357946960] [pose_estimator]: RPE: trans 0.0662 | rot 0.00000 (0.000 deg)
Matched 229 keypoints
[INFO] [1790553112.470112918] [pose_estimator]: RANSAC: 180 inliers / 229, 5 iterations
[INFO] [1790553112.470228793] [pose_estimator]: RPE: trans 0.1708 | rot 0.00000 (0.000 deg)
Matched 206 keypoints
[INFO] [1790553112.577374585] [pose_estimator]: RANSAC: 161 inliers / 206, 5 iterations
[INFO] [1790553112.579001835] [pose_estimator]: RPE: trans 0.2033 | rot 0.00000 (0.000 deg)
Matched 209 keypoints
[INFO] [1790553112.699272710] [pose_estimator]: RANSAC: 169 inliers / 209, 6 iterations
[INFO] [1790553112.704241085] [pose_estimator]: RPE: trans 0.1263 | rot 0.00000 (0.000 deg)
Matched 203 keypoints
[INFO] [1790553112.822919751] [pose_estimator]: RANSAC: 161 inliers / 203, 5 iterations
[INFO] [1790553112.823558376] [pose_estimator]: RPE: trans 0.0095 | rot 0.00000 (0.000 deg)
Matched 213 keypoints
[INFO] [1790553112.934053251] [pose_estimator]: RANSAC: 173 inliers / 213, 5 iterations
[INFO] [1790553112.934199418] [pose_estimator]: RPE: trans 0.1004 | rot 0.00000 (0.000 deg)
Matched 193 keypoints
[INFO] [1790553113.051418085] [pose_estimator]: RANSAC: 154 inliers / 193, 5 iterations
[INFO] [1790553113.062953877] [pose_estimator]: RPE: trans 0.1222 | rot 0.00000 (0.000 deg)
Matched 200 keypoints
[INFO] [1790553113.182738418] [pose_estimator]: RANSAC: 156 inliers / 200, 5 iterations
[INFO] [1790553113.188289543] [pose_estimator]: RPE: trans 0.2191 | rot 0.00000 (0.000 deg)
Matched 172 keypoints
[INFO] [1790553113.306038335] [pose_estimator]: RANSAC: 126 inliers / 172, 6 iterations
[INFO] [1790553113.315897960] [pose_estimator]: RPE: trans 0.2949 | rot 0.00000 (0.000 deg)
Matched 183 keypoints
[INFO] [1790553113.461082377] [pose_estimator]: RANSAC: 141 inliers / 183, 6 iterations
[INFO] [1790553113.467035210] [pose_estimator]: RPE: trans 0.0838 | rot 0.00000 (0.000 deg)
Matched 176 keypoints
[INFO] [1790553113.588937668] [pose_estimator]: RANSAC: 137 inliers / 176, 5 iterations
[INFO] [1790553113.596148543] [pose_estimator]: RPE: trans 0.1316 | rot 0.00000 (0.000 deg)
Matched 190 keypoints
[INFO] [1790553113.717882835] [pose_estimator]: RANSAC: 148 inliers / 190, 5 iterations
[INFO] [1790553113.728095252] [pose_estimator]: RPE: trans 0.0292 | rot 0.00000 (0.000 deg)
Matched 175 keypoints
[INFO] [1790553113.846307335] [pose_estimator]: RANSAC: 131 inliers / 175, 6 iterations
[INFO] [1790553113.852435544] [pose_estimator]: RPE: trans 0.0924 | rot 0.00000 (0.000 deg)
Matched 179 keypoints
[INFO] [1790553113.968558752] [pose_estimator]: RANSAC: 140 inliers / 179, 6 iterations
[INFO] [1790553113.987073085] [pose_estimator]: RPE: trans 0.1067 | rot 0.00000 (0.000 deg)
Matched 165 keypoints
[INFO] [1790553114.123270835] [pose_estimator]: RANSAC: 130 inliers / 165, 5 iterations
[INFO] [1790553114.125996585] [pose_estimator]: RPE: trans 0.0194 | rot 0.00000 (0.000 deg)
Matched 170 keypoints
[INFO] [1790553114.243205919] [pose_estimator]: RANSAC: 127 inliers / 170, 8 iterations
[INFO] [1790553114.262028835] [pose_estimator]: RPE: trans 0.1234 | rot 0.00000 (0.000 deg)
Matched 148 keypoints
[INFO] [1790553114.385850502] [pose_estimator]: RANSAC: 115 inliers / 148, 5 iterations
[INFO] [1790553114.404193836] [pose_estimator]: RPE: trans 0.0290 | rot 0.00000 (0.000 deg)
Matched 140 keypoints
[INFO] [1790553114.529243794] [pose_estimator]: RANSAC: 106 inliers / 140, 6 iterations
[INFO] [1790553114.537718836] [pose_estimator]: RPE: trans 0.1234 | rot 0.00000 (0.000 deg)
Matched 134 keypoints
[INFO] [1790553114.647696586] [pose_estimator]: RANSAC: 94 inliers / 134, 7 iterations
[INFO] [1790553114.649107669] [pose_estimator]: RPE: trans 0.1436 | rot 0.00000 (0.000 deg)
Matched 128 keypoints
[INFO] [1790553114.768954461] [pose_estimator]: RANSAC: 102 inliers / 128, 5 iterations
[INFO] [1790553114.777746752] [pose_estimator]: RPE: trans 0.1509 | rot 0.00000 (0.000 deg)
Matched 123 keypoints
[INFO] [1790553114.888799752] [pose_estimator]: RANSAC: 109 inliers / 123, 3 iterations
[INFO] [1790553114.891672544] [pose_estimator]: RPE: trans 0.0242 | rot 0.00000 (0.000 deg)
Matched 140 keypoints
[INFO] [1790553114.993733586] [pose_estimator]: RANSAC: 117 inliers / 140, 5 iterations
[INFO] [1790553114.997127461] [pose_estimator]: RPE: trans 0.1143 | rot 0.00000 (0.000 deg)
Matched 163 keypoints
[INFO] [1790553115.101959003] [pose_estimator]: RANSAC: 133 inliers / 163, 5 iterations
[INFO] [1790553115.105838544] [pose_estimator]: RPE: trans 0.1086 | rot 0.00000 (0.000 deg)
Matched 150 keypoints
[INFO] [1790553115.212103003] [pose_estimator]: RANSAC: 132 inliers / 150, 4 iterations
[INFO] [1790553115.213064919] [pose_estimator]: RPE: trans 0.0314 | rot 0.00000 (0.000 deg)
Matched 145 keypoints
[INFO] [1790553115.329361711] [pose_estimator]: RANSAC: 129 inliers / 145, 4 iterations
[INFO] [1790553115.333813128] [pose_estimator]: RPE: trans 0.0371 | rot 0.00000 (0.000 deg)
Matched 156 keypoints
[INFO] [1790553115.453827669] [pose_estimator]: RANSAC: 128 inliers / 156, 5 iterations
[INFO] [1790553115.456251544] [pose_estimator]: RPE: trans 0.0419 | rot 0.00000 (0.000 deg)
Matched 153 keypoints
[INFO] [1790553115.572394336] [pose_estimator]: RANSAC: 130 inliers / 153, 4 iterations
[INFO] [1790553115.578502919] [pose_estimator]: RPE: trans 0.0388 | rot 0.00000 (0.000 deg)
Matched 156 keypoints
[INFO] [1790553115.704827419] [pose_estimator]: RANSAC: 126 inliers / 156, 5 iterations
[INFO] [1790553115.707195169] [pose_estimator]: RPE: trans 0.0696 | rot 0.00000 (0.000 deg)
Matched 169 keypoints
[INFO] [1790553115.823483378] [pose_estimator]: RANSAC: 139 inliers / 169, 5 iterations
[INFO] [1790553115.824224795] [pose_estimator]: RPE: trans 0.1227 | rot 0.00000 (0.000 deg)
Matched 174 keypoints
[INFO] [1790553115.930857461] [pose_estimator]: RANSAC: 141 inliers / 174, 6 iterations
[INFO] [1790553115.933903045] [pose_estimator]: RPE: trans 0.0324 | rot 0.00000 (0.000 deg)
Matched 175 keypoints
[INFO] [1790553116.046566003] [pose_estimator]: RANSAC: 145 inliers / 175, 4 iterations
[INFO] [1790553116.049172961] [pose_estimator]: RPE: trans 0.0523 | rot 0.00000 (0.000 deg)
Matched 151 keypoints
[INFO] [1790553116.153048253] [pose_estimator]: RANSAC: 134 inliers / 151, 4 iterations
[INFO] [1790553116.153211128] [pose_estimator]: RPE: trans 0.0796 | rot 0.00000 (0.000 deg)
Matched 179 keypoints
[INFO] [1790553116.257433795] [pose_estimator]: RANSAC: 144 inliers / 179, 5 iterations
[INFO] [1790553116.262981836] [pose_estimator]: RPE: trans 0.2151 | rot 0.00000 (0.000 deg)
Matched 189 keypoints
[INFO] [1790553116.367147003] [pose_estimator]: RANSAC: 150 inliers / 189, 5 iterations
[INFO] [1790553116.370914336] [pose_estimator]: RPE: trans 0.0979 | rot 0.00000 (0.000 deg)
Matched 182 keypoints
[INFO] [1790553116.475532128] [pose_estimator]: RANSAC: 148 inliers / 182, 5 iterations
[INFO] [1790553116.475680086] [pose_estimator]: RPE: trans 0.0750 | rot 0.00000 (0.000 deg)
Matched 184 keypoints
[INFO] [1790553116.575415253] [pose_estimator]: RANSAC: 161 inliers / 184, 4 iterations
[INFO] [1790553116.575568295] [pose_estimator]: RPE: trans 0.0824 | rot 0.00000 (0.000 deg)
Matched 174 keypoints
[INFO] [1790553116.686449045] [pose_estimator]: RANSAC: 143 inliers / 174, 5 iterations
[INFO] [1790553116.692993087] [pose_estimator]: RPE: trans 0.0925 | rot 0.00000 (0.000 deg)
Matched 164 keypoints
[INFO] [1790553116.812572462] [pose_estimator]: RANSAC: 142 inliers / 164, 4 iterations
[INFO] [1790553116.814228753] [pose_estimator]: RPE: trans 0.0155 | rot 0.00000 (0.000 deg)
Matched 177 keypoints
[INFO] [1790553116.924097420] [pose_estimator]: RANSAC: 154 inliers / 177, 4 iterations
[INFO] [1790553116.924256753] [pose_estimator]: RPE: trans 0.0855 | rot 0.00000 (0.000 deg)
Matched 189 keypoints
[INFO] [1790553117.025690920] [pose_estimator]: RANSAC: 165 inliers / 189, 4 iterations
[INFO] [1790553117.027196962] [pose_estimator]: RPE: trans 0.0720 | rot 0.00000 (0.000 deg)
Matched 196 keypoints
[INFO] [1790553117.141605253] [pose_estimator]: RANSAC: 159 inliers / 196, 5 iterations
[INFO] [1790553117.149865462] [pose_estimator]: RPE: trans 0.0694 | rot 0.00000 (0.000 deg)
Matched 170 keypoints
[INFO] [1790553117.265261754] [pose_estimator]: RANSAC: 141 inliers / 170, 5 iterations
[INFO] [1790553117.265400545] [pose_estimator]: RPE: trans 0.1446 | rot 0.00000 (0.000 deg)
Matched 182 keypoints
[INFO] [1790553117.367376670] [pose_estimator]: RANSAC: 141 inliers / 182, 6 iterations
[INFO] [1790553117.367541504] [pose_estimator]: RPE: trans 0.1060 | rot 0.00000 (0.000 deg)
Matched 170 keypoints
[INFO] [1790553117.471502379] [pose_estimator]: RANSAC: 149 inliers / 170, 4 iterations
[INFO] [1790553117.474142754] [pose_estimator]: RPE: trans 0.1051 | rot 0.00000 (0.000 deg)
Matched 175 keypoints
[INFO] [1790553117.578254170] [pose_estimator]: RANSAC: 159 inliers / 175, 3 iterations
[INFO] [1790553117.589365670] [pose_estimator]: RPE: trans 0.0134 | rot 0.00000 (0.000 deg)
Matched 170 keypoints
[INFO] [1790553117.697356087] [pose_estimator]: RANSAC: 139 inliers / 170, 6 iterations
[INFO] [1790553117.697518754] [pose_estimator]: RPE: trans 0.0459 | rot 0.00000 (0.000 deg)
Matched 181 keypoints
[INFO] [1790553117.800580962] [pose_estimator]: RANSAC: 155 inliers / 181, 4 iterations
[INFO] [1790553117.800730629] [pose_estimator]: RPE: trans 0.0116 | rot 0.00000 (0.000 deg)
Matched 198 keypoints
[INFO] [1790553117.905660046] [pose_estimator]: RANSAC: 158 inliers / 198, 5 iterations
[INFO] [1790553117.910816337] [pose_estimator]: RPE: trans 0.2448 | rot 0.00000 (0.000 deg)
Matched 201 keypoints
[INFO] [1790553118.018774337] [pose_estimator]: RANSAC: 169 inliers / 201, 4 iterations
[INFO] [1790553118.025223337] [pose_estimator]: RPE: trans 0.0910 | rot 0.00000 (0.000 deg)
Matched 198 keypoints
[INFO] [1790553118.139017421] [pose_estimator]: RANSAC: 169 inliers / 198, 4 iterations
[INFO] [1790553118.143143921] [pose_estimator]: RPE: trans 0.1306 | rot 0.00000 (0.000 deg)
Matched 176 keypoints
[INFO] [1790553118.245175421] [pose_estimator]: RANSAC: 146 inliers / 176, 5 iterations
[INFO] [1790553118.245344712] [pose_estimator]: RPE: trans 0.1792 | rot 0.00000 (0.000 deg)
Matched 184 keypoints
[INFO] [1790553118.349741796] [pose_estimator]: RANSAC: 160 inliers / 184, 7 iterations
[INFO] [1790553118.359728879] [pose_estimator]: RPE: trans 0.0918 | rot 0.00000 (0.000 deg)
Matched 203 keypoints
[INFO] [1790553118.469170671] [pose_estimator]: RANSAC: 173 inliers / 203, 5 iterations
[INFO] [1790553118.471334504] [pose_estimator]: RPE: trans 0.1673 | rot 0.00000 (0.000 deg)
Matched 207 keypoints
[INFO] [1790553118.590972796] [pose_estimator]: RANSAC: 155 inliers / 207, 6 iterations
[INFO] [1790553118.591112338] [pose_estimator]: RPE: trans 0.0521 | rot 0.00000 (0.000 deg)
Matched 183 keypoints
[INFO] [1790553118.695658504] [pose_estimator]: RANSAC: 146 inliers / 183, 5 iterations
[INFO] [1790553118.695813588] [pose_estimator]: RPE: trans 0.0462 | rot 0.00000 (0.000 deg)
Matched 181 keypoints
[INFO] [1790553118.798716046] [pose_estimator]: RANSAC: 138 inliers / 181, 6 iterations
[INFO] [1790553118.803893963] [pose_estimator]: RPE: trans 0.0721 | rot 0.00000 (0.000 deg)
Matched 186 keypoints
[INFO] [1790553118.905566254] [pose_estimator]: RANSAC: 142 inliers / 186, 6 iterations
[INFO] [1790553118.910060504] [pose_estimator]: RPE: trans 0.1324 | rot 0.00000 (0.000 deg)
Matched 178 keypoints
[INFO] [1790553119.020322963] [pose_estimator]: RANSAC: 145 inliers / 178, 5 iterations
[INFO] [1790553119.020506921] [pose_estimator]: RPE: trans 0.0894 | rot 0.00000 (0.000 deg)
Matched 189 keypoints
[INFO] [1790553119.124109046] [pose_estimator]: RANSAC: 132 inliers / 189, 7 iterations
[INFO] [1790553119.124258463] [pose_estimator]: RPE: trans 0.0736 | rot 0.00000 (0.000 deg)
Matched 181 keypoints
[INFO] [1790553119.233054796] [pose_estimator]: RANSAC: 146 inliers / 181, 5 iterations
[INFO] [1790553119.233350671] [pose_estimator]: RPE: trans 0.1341 | rot 0.00000 (0.000 deg)
Matched 182 keypoints
[INFO] [1790553119.341729005] [pose_estimator]: RANSAC: 140 inliers / 182, 6 iterations
[INFO] [1790553119.341922380] [pose_estimator]: RPE: trans 0.1000 | rot 0.00000 (0.000 deg)
Matched 168 keypoints
[INFO] [1790553119.445999630] [pose_estimator]: RANSAC: 121 inliers / 168, 7 iterations
[INFO] [1790553119.446163463] [pose_estimator]: RPE: trans 0.1088 | rot 0.00000 (0.000 deg)
Matched 176 keypoints
[INFO] [1790553119.548229421] [pose_estimator]: RANSAC: 127 inliers / 176, 7 iterations
[INFO] [1790553119.548386505] [pose_estimator]: RPE: trans 0.1200 | rot 0.00000 (0.000 deg)
Matched 158 keypoints
[INFO] [1790553119.650998796] [pose_estimator]: RANSAC: 113 inliers / 158, 7 iterations
[INFO] [1790553119.654583796] [pose_estimator]: RPE: trans 0.2007 | rot 0.00000 (0.000 deg)
Matched 168 keypoints
[INFO] [1790553119.764751921] [pose_estimator]: RANSAC: 127 inliers / 168, 6 iterations
[INFO] [1790553119.767837588] [pose_estimator]: RPE: trans 0.0045 | rot 0.00000 (0.000 deg)
Matched 202 keypoints
[INFO] [1790553119.878080963] [pose_estimator]: RANSAC: 163 inliers / 202, 5 iterations
[INFO] [1790553119.878219171] [pose_estimator]: RPE: trans 0.0723 | rot 0.00000 (0.000 deg)
Matched 169 keypoints
[INFO] [1790553119.988002005] [pose_estimator]: RANSAC: 116 inliers / 169, 8 iterations
[INFO] [1790553119.988202338] [pose_estimator]: RPE: trans 0.1648 | rot 0.00000 (0.000 deg)
Matched 153 keypoints
[INFO] [1790553120.134583172] [pose_estimator]: RANSAC: 110 inliers / 153, 7 iterations
[INFO] [1790553120.161500172] [pose_estimator]: RPE: trans 0.2348 | rot 0.00000 (0.000 deg)
Matched 173 keypoints
[INFO] [1790553120.273737797] [pose_estimator]: RANSAC: 126 inliers / 173, 8 iterations
[INFO] [1790553120.281653422] [pose_estimator]: RPE: trans 0.0583 | rot 0.00000 (0.000 deg)
Matched 177 keypoints
[INFO] [1790553120.401187880] [pose_estimator]: RANSAC: 119 inliers / 177, 8 iterations
[INFO] [1790553120.406448005] [pose_estimator]: RPE: trans 0.0068 | rot 0.00000 (0.000 deg)
Matched 152 keypoints
[INFO] [1790553120.514033963] [pose_estimator]: RANSAC: 97 inliers / 152, 9 iterations
[INFO] [1790553120.527051255] [pose_estimator]: RPE: trans 0.0064 | rot 0.00000 (0.000 deg)
Matched 187 keypoints
[INFO] [1790553120.644063213] [pose_estimator]: RANSAC: 127 inliers / 187, 8 iterations
[INFO] [1790553120.645936005] [pose_estimator]: RPE: trans 0.1240 | rot 0.00000 (0.000 deg)
Matched 151 keypoints
[INFO] [1790553120.754931422] [pose_estimator]: RANSAC: 110 inliers / 151, 7 iterations
[INFO] [1790553120.757055922] [pose_estimator]: RPE: trans 0.0848 | rot 0.00000 (0.000 deg)
Matched 162 keypoints
[INFO] [1790553120.868442589] [pose_estimator]: RANSAC: 104 inliers / 162, 10 iterations
[INFO] [1790553120.868585630] [pose_estimator]: RPE: trans 0.1901 | rot 0.00000 (0.000 deg)
Matched 108 keypoints
[INFO] [1790553120.972517172] [pose_estimator]: RANSAC: 63 inliers / 108, 12 iterations
[INFO] [1790553120.972647797] [pose_estimator]: RPE: trans 0.0395 | rot 0.00000 (0.000 deg)
Matched 167 keypoints
[INFO] [1790553121.149491130] [pose_estimator]: RANSAC: 116 inliers / 167, 7 iterations
[INFO] [1790553121.152123880] [pose_estimator]: RPE: trans 0.0250 | rot 0.00000 (0.000 deg)
Matched 116 keypoints
[INFO] [1790553121.257628714] [pose_estimator]: RANSAC: 61 inliers / 116, 15 iterations
[INFO] [1790553121.257787505] [pose_estimator]: RPE: trans 0.0237 | rot 0.00000 (0.000 deg)
Matched 159 keypoints
[INFO] [1790553121.359771089] [pose_estimator]: RANSAC: 108 inliers / 159, 8 iterations
[INFO] [1790553121.359926547] [pose_estimator]: RPE: trans 0.0557 | rot 0.00000 (0.000 deg)
Matched 169 keypoints
[INFO] [1790553121.463757797] [pose_estimator]: RANSAC: 109 inliers / 169, 9 iterations
[INFO] [1790553121.465295922] [pose_estimator]: RPE: trans 0.1876 | rot 0.00000 (0.000 deg)
Matched 162 keypoints
[INFO] [1790553121.575134297] [pose_estimator]: RANSAC: 108 inliers / 162, 8 iterations
[INFO] [1790553121.577399797] [pose_estimator]: RPE: trans 0.0315 | rot 0.00000 (0.000 deg)
Matched 148 keypoints
[INFO] [1790553121.683556006] [pose_estimator]: RANSAC: 110 inliers / 148, 6 iterations
[INFO] [1790553121.688364797] [pose_estimator]: RPE: trans 0.0074 | rot 0.00000 (0.000 deg)
Matched 162 keypoints
[INFO] [1790553121.795987631] [pose_estimator]: RANSAC: 107 inliers / 162, 9 iterations
[INFO] [1790553121.796152256] [pose_estimator]: RPE: trans 0.1665 | rot 0.00000 (0.000 deg)
Matched 148 keypoints
[INFO] [1790553121.899077381] [pose_estimator]: RANSAC: 98 inliers / 148, 8 iterations
[INFO] [1790553121.901467631] [pose_estimator]: RPE: trans 0.0568 | rot 0.00000 (0.000 deg)
Matched 170 keypoints
[INFO] [1790553122.006359964] [pose_estimator]: RANSAC: 115 inliers / 170, 8 iterations
[INFO] [1790553122.008050964] [pose_estimator]: RPE: trans 0.0667 | rot 0.00000 (0.000 deg)
Matched 159 keypoints
[INFO] [1790553122.117477673] [pose_estimator]: RANSAC: 111 inliers / 159, 8 iterations
[INFO] [1790553122.124530006] [pose_estimator]: RPE: trans 0.0449 | rot 0.00000 (0.000 deg)
Matched 150 keypoints
[INFO] [1790553122.232022173] [pose_estimator]: RANSAC: 111 inliers / 150, 6 iterations
[INFO] [1790553122.232188381] [pose_estimator]: RPE: trans 0.2131 | rot 0.00000 (0.000 deg)
Matched 155 keypoints
[INFO] [1790553122.339614964] [pose_estimator]: RANSAC: 114 inliers / 155, 6 iterations
[INFO] [1790553122.343882423] [pose_estimator]: RPE: trans 0.0698 | rot 0.00000 (0.000 deg)
Matched 139 keypoints
[INFO] [1790553122.451260048] [pose_estimator]: RANSAC: 116 inliers / 139, 4 iterations
[INFO] [1790553122.454359173] [pose_estimator]: RPE: trans 0.0225 | rot 0.00000 (0.000 deg)
Matched 171 keypoints
[INFO] [1790553122.566927506] [pose_estimator]: RANSAC: 144 inliers / 171, 4 iterations
[INFO] [1790553122.567099589] [pose_estimator]: RPE: trans 0.0027 | rot 0.00000 (0.000 deg)
Matched 179 keypoints
[INFO] [1790553122.670644589] [pose_estimator]: RANSAC: 143 inliers / 179, 5 iterations
[INFO] [1790553122.670801798] [pose_estimator]: RPE: trans 0.0068 | rot 0.00000 (0.000 deg)
Matched 165 keypoints
[INFO] [1790553122.773741298] [pose_estimator]: RANSAC: 134 inliers / 165, 5 iterations
[INFO] [1790553122.775525298] [pose_estimator]: RPE: trans 0.0161 | rot 0.00000 (0.000 deg)
Matched 157 keypoints
[INFO] [1790553122.883733048] [pose_estimator]: RANSAC: 121 inliers / 157, 6 iterations
[INFO] [1790553122.885696256] [pose_estimator]: RPE: trans 0.0447 | rot 0.00000 (0.000 deg)
Matched 208 keypoints
[INFO] [1790553122.993419381] [pose_estimator]: RANSAC: 158 inliers / 208, 6 iterations
[INFO] [1790553122.993571465] [pose_estimator]: RPE: trans 0.0548 | rot 0.00000 (0.000 deg)
Matched 167 keypoints
[INFO] [1790553123.095234215] [pose_estimator]: RANSAC: 129 inliers / 167, 6 iterations
[INFO] [1790553123.095394090] [pose_estimator]: RPE: trans 0.0521 | rot 0.00000 (0.000 deg)
Matched 177 keypoints
[INFO] [1790553123.197060340] [pose_estimator]: RANSAC: 140 inliers / 177, 5 iterations
[INFO] [1790553123.197221673] [pose_estimator]: RPE: trans 0.1449 | rot 0.00000 (0.000 deg)
Matched 154 keypoints
[INFO] [1790553123.300072756] [pose_estimator]: RANSAC: 113 inliers / 154, 6 iterations
[INFO] [1790553123.302723673] [pose_estimator]: RPE: trans 0.1272 | rot 0.00000 (0.000 deg)
Matched 162 keypoints
[INFO] [1790553123.410538923] [pose_estimator]: RANSAC: 124 inliers / 162, 6 iterations
[INFO] [1790553123.410682381] [pose_estimator]: RPE: trans 0.0844 | rot 0.00000 (0.000 deg)
Matched 142 keypoints
[INFO] [1790553123.509814632] [pose_estimator]: RANSAC: 115 inliers / 142, 5 iterations
[INFO] [1790553123.509959173] [pose_estimator]: RPE: trans 0.0243 | rot 0.00000 (0.000 deg)
Matched 153 keypoints
[INFO] [1790553123.608768007] [pose_estimator]: RANSAC: 125 inliers / 153, 5 iterations
[INFO] [1790553123.608914840] [pose_estimator]: RPE: trans 0.1347 | rot 0.00000 (0.000 deg)
Matched 126 keypoints
[INFO] [1790553123.708324007] [pose_estimator]: RANSAC: 99 inliers / 126, 5 iterations
[INFO] [1790553123.713442798] [pose_estimator]: RPE: trans 0.0309 | rot 0.00000 (0.000 deg)
Matched 113 keypoints
[INFO] [1790553123.813497715] [pose_estimator]: RANSAC: 99 inliers / 113, 4 iterations
[INFO] [1790553123.813662090] [pose_estimator]: RPE: trans 0.1491 | rot 0.00000 (0.000 deg)
Matched 117 keypoints
[INFO] [1790553123.910105007] [pose_estimator]: RANSAC: 103 inliers / 117, 4 iterations
[INFO] [1790553123.910257382] [pose_estimator]: RPE: trans 0.0776 | rot 0.00000 (0.000 deg)
Matched 101 keypoints
[INFO] [1790553124.005569048] [pose_estimator]: RANSAC: 89 inliers / 101, 4 iterations
[INFO] [1790553124.005733340] [pose_estimator]: RPE: trans 0.0405 | rot 0.00000 (0.000 deg)
Matched 122 keypoints
[INFO] [1790553124.102977548] [pose_estimator]: RANSAC: 105 inliers / 122, 4 iterations
[INFO] [1790553124.107030840] [pose_estimator]: RPE: trans 0.1170 | rot 0.00000 (0.000 deg)
Matched 128 keypoints
[INFO] [1790553124.210652799] [pose_estimator]: RANSAC: 112 inliers / 128, 4 iterations
[INFO] [1790553124.212735090] [pose_estimator]: RPE: trans 0.0959 | rot 0.00000 (0.000 deg)
Matched 127 keypoints
[INFO] [1790553124.311499174] [pose_estimator]: RANSAC: 101 inliers / 127, 6 iterations
[INFO] [1790553124.311658257] [pose_estimator]: RPE: trans 0.0932 | rot 0.00000 (0.000 deg)
Matched 131 keypoints
[INFO] [1790553124.410923840] [pose_estimator]: RANSAC: 116 inliers / 131, 4 iterations
[INFO] [1790553124.411082257] [pose_estimator]: RPE: trans 0.1021 | rot 0.00000 (0.000 deg)
Matched 180 keypoints
[INFO] [1790553124.510090382] [pose_estimator]: RANSAC: 158 inliers / 180, 4 iterations
[INFO] [1790553124.510237507] [pose_estimator]: RPE: trans 0.0054 | rot 0.00000 (0.000 deg)
Matched 174 keypoints
[INFO] [1790553124.613242882] [pose_estimator]: RANSAC: 162 inliers / 174, 3 iterations
[INFO] [1790553124.617946757] [pose_estimator]: RPE: trans 0.0838 | rot 0.00000 (0.000 deg)
Matched 171 keypoints
[INFO] [1790553124.725895715] [pose_estimator]: RANSAC: 151 inliers / 171, 4 iterations
[INFO] [1790553124.726107632] [pose_estimator]: RPE: trans 0.5046 | rot 0.00000 (0.000 deg)
Matched 191 keypoints
[INFO] [1790553124.829827049] [pose_estimator]: RANSAC: 175 inliers / 191, 3 iterations
[INFO] [1790553124.829994340] [pose_estimator]: RPE: trans 0.0702 | rot 0.00000 (0.000 deg)
Matched 195 keypoints
[INFO] [1790553124.932181216] [pose_estimator]: RANSAC: 174 inliers / 195, 4 iterations
[INFO] [1790553124.932330924] [pose_estimator]: RPE: trans 0.7885 | rot 0.00000 (0.000 deg)
Matched 213 keypoints
[INFO] [1790553125.036435382] [pose_estimator]: RANSAC: 190 inliers / 213, 3 iterations
[INFO] [1790553125.038949174] [pose_estimator]: RPE: trans 0.6410 | rot 0.00000 (0.000 deg)
Matched 205 keypoints
[INFO] [1790553125.144162382] [pose_estimator]: RANSAC: 183 inliers / 205, 3 iterations
[INFO] [1790553125.144310049] [pose_estimator]: RPE: trans 0.2413 | rot 0.00000 (0.000 deg)
Matched 207 keypoints
[INFO] [1790553125.251135591] [pose_estimator]: RANSAC: 183 inliers / 207, 4 iterations
[INFO] [1790553125.251264882] [pose_estimator]: RPE: trans 0.9480 | rot 0.00000 (0.000 deg)
Matched 252 keypoints
[INFO] [1790553125.355424174] [pose_estimator]: RANSAC: 193 inliers / 252, 6 iterations
[INFO] [1790553125.355585049] [pose_estimator]: RPE: trans 0.9994 | rot 0.00000 (0.000 deg)
Matched 259 keypoints
[INFO] [1790553125.463822299] [pose_estimator]: RANSAC: 220 inliers / 259, 4 iterations
[INFO] [1790553125.465794841] [pose_estimator]: RPE: trans 0.7392 | rot 0.00000 (0.000 deg)
Matched 268 keypoints
[INFO] [1790553125.584081049] [pose_estimator]: RANSAC: 220 inliers / 268, 5 iterations
[INFO] [1790553125.585000341] [pose_estimator]: RPE: trans 0.5272 | rot 0.00000 (0.000 deg)
Matched 264 keypoints
[INFO] [1790553125.697265091] [pose_estimator]: RANSAC: 228 inliers / 264, 4 iterations
[INFO] [1790553125.697408716] [pose_estimator]: RPE: trans 0.0950 | rot 0.00000 (0.000 deg)
Matched 256 keypoints
[INFO] [1790553125.803214841] [pose_estimator]: RANSAC: 218 inliers / 256, 4 iterations
[INFO] [1790553125.803368258] [pose_estimator]: RPE: trans 0.3601 | rot 0.00000 (0.000 deg)
Matched 287 keypoints
[INFO] [1790553125.913934258] [pose_estimator]: RANSAC: 245 inliers / 287, 4 iterations
[INFO] [1790553125.915118299] [pose_estimator]: RPE: trans 0.8491 | rot 0.00000 (0.000 deg)
Matched 261 keypoints
[INFO] [1790553126.028518841] [pose_estimator]: RANSAC: 236 inliers / 261, 3 iterations
[INFO] [1790553126.034952174] [pose_estimator]: RPE: trans 0.0238 | rot 0.00000 (0.000 deg)
Matched 252 keypoints
[INFO] [1790553126.151915133] [pose_estimator]: RANSAC: 232 inliers / 252, 3 iterations
[INFO] [1790553126.152095633] [pose_estimator]: RPE: trans 0.1335 | rot 0.00000 (0.000 deg)
Matched 267 keypoints
[INFO] [1790553126.259328174] [pose_estimator]: RANSAC: 235 inliers / 267, 4 iterations
[INFO] [1790553126.260758591] [pose_estimator]: RPE: trans 0.4393 | rot 0.00000 (0.000 deg)
Matched 271 keypoints
[INFO] [1790553126.381052175] [pose_estimator]: RANSAC: 241 inliers / 271, 3 iterations
[INFO] [1790553126.382728133] [pose_estimator]: RPE: trans 0.6729 | rot 0.00000 (0.000 deg)
Matched 262 keypoints
[INFO] [1790553126.495836966] [pose_estimator]: RANSAC: 231 inliers / 262, 4 iterations
[INFO] [1790553126.496007341] [pose_estimator]: RPE: trans 0.0232 | rot 0.00000 (0.000 deg)
Matched 272 keypoints
[INFO] [1790553126.606857091] [pose_estimator]: RANSAC: 242 inliers / 272, 3 iterations
[INFO] [1790553126.607058966] [pose_estimator]: RPE: trans 0.2028 | rot 0.00000 (0.000 deg)
Matched 295 keypoints
[INFO] [1790553126.716552716] [pose_estimator]: RANSAC: 251 inliers / 295, 6 iterations
[INFO] [1790553126.717899508] [pose_estimator]: RPE: trans 0.4255 | rot 0.00000 (0.000 deg)
Matched 312 keypoints
[INFO] [1790553126.833381591] [pose_estimator]: RANSAC: 264 inliers / 312, 4 iterations
[INFO] [1790553126.833616633] [pose_estimator]: RPE: trans 0.6319 | rot 0.00000 (0.000 deg)
Matched 317 keypoints
[INFO] [1790553126.958289758] [pose_estimator]: RANSAC: 249 inliers / 317, 5 iterations
[INFO] [1790553126.958442716] [pose_estimator]: RPE: trans 0.6660 | rot 0.00000 (0.000 deg)
Matched 297 keypoints
[INFO] [1790553127.076576758] [pose_estimator]: RANSAC: 261 inliers / 297, 4 iterations
[INFO] [1790553127.076733883] [pose_estimator]: RPE: trans 0.0894 | rot 0.00000 (0.000 deg)
Matched 289 keypoints
[INFO] [1790553127.191543008] [pose_estimator]: RANSAC: 265 inliers / 289, 3 iterations
[INFO] [1790553127.192549592] [pose_estimator]: RPE: trans 0.2603 | rot 0.00000 (0.000 deg)
Matched 307 keypoints
[INFO] [1790553127.311507633] [pose_estimator]: RANSAC: 269 inliers / 307, 4 iterations
[INFO] [1790553127.313689217] [pose_estimator]: RPE: trans 0.1369 | rot 0.00000 (0.000 deg)
Matched 306 keypoints
[INFO] [1790553127.430432342] [pose_estimator]: RANSAC: 266 inliers / 306, 4 iterations
[INFO] [1790553127.430609550] [pose_estimator]: RPE: trans 0.0469 | rot 0.00000 (0.000 deg)
Matched 311 keypoints
[INFO] [1790553127.540665800] [pose_estimator]: RANSAC: 277 inliers / 311, 3 iterations
[INFO] [1790553127.540808592] [pose_estimator]: RPE: trans 0.4884 | rot 0.00000 (0.000 deg)
Matched 319 keypoints
[INFO] [1790553127.654032467] [pose_estimator]: RANSAC: 294 inliers / 319, 3 iterations
[INFO] [1790553127.657092883] [pose_estimator]: RPE: trans 0.1683 | rot 0.00000 (0.000 deg)
Matched 317 keypoints
[INFO] [1790553127.777197134] [pose_estimator]: RANSAC: 274 inliers / 317, 4 iterations
[INFO] [1790553127.780927467] [pose_estimator]: RPE: trans 0.9392 | rot 0.00000 (0.000 deg)
Matched 335 keypoints
[INFO] [1790553127.898815925] [pose_estimator]: RANSAC: 276 inliers / 335, 5 iterations
[INFO] [1790553127.898971009] [pose_estimator]: RPE: trans 0.8854 | rot 0.00000 (0.000 deg)
Matched 312 keypoints
[INFO] [1790553128.013513342] [pose_estimator]: RANSAC: 278 inliers / 312, 4 iterations
[INFO] [1790553128.013667884] [pose_estimator]: RPE: trans 0.3105 | rot 0.00000 (0.000 deg)
Matched 303 keypoints
[INFO] [1790553128.136681759] [pose_estimator]: RANSAC: 272 inliers / 303, 5 iterations
[INFO] [1790553128.137944467] [pose_estimator]: RPE: trans 0.0721 | rot 0.00000 (0.000 deg)
Matched 306 keypoints
[INFO] [1790553128.259712092] [pose_estimator]: RANSAC: 266 inliers / 306, 4 iterations
[INFO] [1790553128.263506717] [pose_estimator]: RPE: trans 0.2389 | rot 0.00000 (0.000 deg)
Matched 324 keypoints
[INFO] [1790553128.378953509] [pose_estimator]: RANSAC: 238 inliers / 324, 6 iterations
[INFO] [1790553128.379102759] [pose_estimator]: RPE: trans 0.7393 | rot 0.00000 (0.000 deg)
Matched 307 keypoints
[INFO] [1790553128.487006051] [pose_estimator]: RANSAC: 264 inliers / 307, 4 iterations
[INFO] [1790553128.487169967] [pose_estimator]: RPE: trans 0.5190 | rot 0.00000 (0.000 deg)
Matched 301 keypoints
[INFO] [1790553128.601573342] [pose_estimator]: RANSAC: 258 inliers / 301, 4 iterations
[INFO] [1790553128.605692176] [pose_estimator]: RPE: trans 0.3110 | rot 0.00000 (0.000 deg)
Matched 310 keypoints
[INFO] [1790553128.731980926] [pose_estimator]: RANSAC: 268 inliers / 310, 4 iterations
[INFO] [1790553128.732149592] [pose_estimator]: RPE: trans 0.0735 | rot 0.00000 (0.000 deg)
Matched 287 keypoints
[INFO] [1790553128.855268676] [pose_estimator]: RANSAC: 253 inliers / 287, 4 iterations
[INFO] [1790553128.855428342] [pose_estimator]: RPE: trans 0.7455 | rot 0.00000 (0.000 deg)
Matched 303 keypoints
[INFO] [1790553128.970695467] [pose_estimator]: RANSAC: 249 inliers / 303, 5 iterations
[INFO] [1790553128.974300509] [pose_estimator]: RPE: trans 0.4346 | rot 0.00000 (0.000 deg)
Matched 312 keypoints
[INFO] [1790553129.106908926] [pose_estimator]: RANSAC: 268 inliers / 312, 4 iterations
[INFO] [1790553129.112348259] [pose_estimator]: RPE: trans 1.1709 | rot 0.00000 (0.000 deg)
Matched 299 keypoints
[INFO] [1790553129.226348426] [pose_estimator]: RANSAC: 280 inliers / 299, 3 iterations
[INFO] [1790553129.226488259] [pose_estimator]: RPE: trans 0.1813 | rot 0.00000 (0.000 deg)
Matched 352 keypoints
[INFO] [1790553129.337899384] [pose_estimator]: RANSAC: 296 inliers / 352, 5 iterations
[INFO] [1790553129.338056426] [pose_estimator]: RPE: trans 0.5105 | rot 0.00000 (0.000 deg)
Matched 312 keypoints
[INFO] [1790553129.450072468] [pose_estimator]: RANSAC: 239 inliers / 312, 6 iterations
[INFO] [1790553129.452710509] [pose_estimator]: RPE: trans 1.3820 | rot 0.00000 (0.000 deg)
Matched 313 keypoints
[INFO] [1790553129.571027676] [pose_estimator]: RANSAC: 264 inliers / 313, 4 iterations
[INFO] [1790553129.571189009] [pose_estimator]: RPE: trans 1.2881 | rot 0.00000 (0.000 deg)
Matched 339 keypoints
[INFO] [1790553129.684058593] [pose_estimator]: RANSAC: 302 inliers / 339, 3 iterations
[INFO] [1790553129.684193384] [pose_estimator]: RPE: trans 0.3001 | rot 0.00000 (0.000 deg)
Matched 330 keypoints
[INFO] [1790553129.794146176] [pose_estimator]: RANSAC: 285 inliers / 330, 4 iterations
[INFO] [1790553129.794292551] [pose_estimator]: RPE: trans 0.2314 | rot 0.00000 (0.000 deg)
Matched 314 keypoints
[INFO] [1790553129.905549051] [pose_estimator]: RANSAC: 278 inliers / 314, 4 iterations
[INFO] [1790553129.907569218] [pose_estimator]: RPE: trans 0.0793 | rot 0.00000 (0.000 deg)
Matched 315 keypoints
[INFO] [1790553130.029097635] [pose_estimator]: RANSAC: 256 inliers / 315, 5 iterations
[INFO] [1790553130.029251718] [pose_estimator]: RPE: trans 0.1154 | rot 0.00000 (0.000 deg)
Matched 309 keypoints
[INFO] [1790553130.146083760] [pose_estimator]: RANSAC: 245 inliers / 309, 5 iterations
[INFO] [1790553130.146227218] [pose_estimator]: RPE: trans 0.0086 | rot 0.00000 (0.000 deg)
Matched 268 keypoints
[INFO] [1790553130.266267885] [pose_estimator]: RANSAC: 211 inliers / 268, 5 iterations
[INFO] [1790553130.266973093] [pose_estimator]: RPE: trans 0.0905 | rot 0.00000 (0.000 deg)
Matched 322 keypoints
[INFO] [1790553130.385909801] [pose_estimator]: RANSAC: 252 inliers / 322, 5 iterations
[INFO] [1790553130.386065385] [pose_estimator]: RPE: trans 0.0954 | rot 0.00000 (0.000 deg)
Matched 331 keypoints
[INFO] [1790553130.496125802] [pose_estimator]: RANSAC: 266 inliers / 331, 5 iterations
[INFO] [1790553130.496274718] [pose_estimator]: RPE: trans 0.1403 | rot 0.00000 (0.000 deg)
Matched 327 keypoints
[INFO] [1790553130.608325135] [pose_estimator]: RANSAC: 252 inliers / 327, 6 iterations
[INFO] [1790553130.608463843] [pose_estimator]: RPE: trans 0.1040 | rot 0.00000 (0.000 deg)
Matched 328 keypoints
[INFO] [1790553130.723566593] [pose_estimator]: RANSAC: 244 inliers / 328, 6 iterations
[INFO] [1790553130.724596677] [pose_estimator]: RPE: trans 0.1272 | rot 0.00000 (0.000 deg)
Matched 357 keypoints
[INFO] [1790553130.841367385] [pose_estimator]: RANSAC: 276 inliers / 357, 6 iterations
[INFO] [1790553130.841503260] [pose_estimator]: RPE: trans 0.1424 | rot 0.00000 (0.000 deg)
Matched 317 keypoints
[INFO] [1790553130.949868218] [pose_estimator]: RANSAC: 227 inliers / 317, 7 iterations
[INFO] [1790553130.950016593] [pose_estimator]: RPE: trans 0.0485 | rot 0.00000 (0.000 deg)
Matched 326 keypoints
[INFO] [1790553131.068985843] [pose_estimator]: RANSAC: 267 inliers / 326, 5 iterations
[INFO] [1790553131.069156010] [pose_estimator]: RPE: trans 0.1137 | rot 0.00000 (0.000 deg)
Matched 332 keypoints
[INFO] [1790553131.185408135] [pose_estimator]: RANSAC: 267 inliers / 332, 5 iterations
[INFO] [1790553131.189450135] [pose_estimator]: RPE: trans 0.0923 | rot 0.00000 (0.000 deg)
Matched 355 keypoints
[INFO] [1790553131.305932135] [pose_estimator]: RANSAC: 274 inliers / 355, 6 iterations
[INFO] [1790553131.306086177] [pose_estimator]: RPE: trans 0.1655 | rot 0.00000 (0.000 deg)
Matched 363 keypoints
[INFO] [1790553131.419304677] [pose_estimator]: RANSAC: 287 inliers / 363, 5 iterations
[INFO] [1790553131.419455510] [pose_estimator]: RPE: trans 0.0217 | rot 0.00000 (0.000 deg)
Matched 332 keypoints
[INFO] [1790553131.543149302] [pose_estimator]: RANSAC: 279 inliers / 332, 4 iterations
[INFO] [1790553131.552017052] [pose_estimator]: RPE: trans 0.0412 | rot 0.00000 (0.000 deg)
Matched 328 keypoints
[INFO] [1790553131.681657927] [pose_estimator]: RANSAC: 267 inliers / 328, 5 iterations
[INFO] [1790553131.683734344] [pose_estimator]: RPE: trans 0.1126 | rot 0.00000 (0.000 deg)
Matched 313 keypoints
[INFO] [1790553131.801674927] [pose_estimator]: RANSAC: 248 inliers / 313, 5 iterations
[INFO] [1790553131.801836094] [pose_estimator]: RPE: trans 0.0366 | rot 0.00000 (0.000 deg)
Matched 329 keypoints
[INFO] [1790553131.917835719] [pose_estimator]: RANSAC: 259 inliers / 329, 6 iterations
[INFO] [1790553131.918010302] [pose_estimator]: RPE: trans 0.0974 | rot 0.00000 (0.000 deg)
Matched 360 keypoints
[INFO] [1790553132.035786136] [pose_estimator]: RANSAC: 270 inliers / 360, 6 iterations
[INFO] [1790553132.041089844] [pose_estimator]: RPE: trans 0.1284 | rot 0.00000 (0.000 deg)
Matched 378 keypoints
[INFO] [1790553132.174300469] [pose_estimator]: RANSAC: 325 inliers / 378, 4 iterations
[INFO] [1790553132.178602761] [pose_estimator]: RPE: trans 0.0656 | rot 0.00000 (0.000 deg)
Matched 455 keypoints
[INFO] [1790553132.299558719] [pose_estimator]: RANSAC: 339 inliers / 455, 6 iterations
[INFO] [1790553132.299715886] [pose_estimator]: RPE: trans 0.0380 | rot 0.00000 (0.000 deg)
Matched 404 keypoints
[INFO] [1790553132.422565594] [pose_estimator]: RANSAC: 340 inliers / 404, 4 iterations
[INFO] [1790553132.423368094] [pose_estimator]: RPE: trans 0.0242 | rot 0.00000 (0.000 deg)
Matched 420 keypoints
[INFO] [1790553132.552285552] [pose_estimator]: RANSAC: 341 inliers / 420, 5 iterations
[INFO] [1790553132.554277344] [pose_estimator]: RPE: trans 0.0203 | rot 0.00000 (0.000 deg)
Matched 415 keypoints
[INFO] [1790553132.685756386] [pose_estimator]: RANSAC: 324 inliers / 415, 5 iterations
[INFO] [1790553132.685888511] [pose_estimator]: RPE: trans 0.0385 | rot 0.00000 (0.000 deg)
Matched 424 keypoints
[INFO] [1790553132.806076261] [pose_estimator]: RANSAC: 299 inliers / 424, 7 iterations
[INFO] [1790553132.806226844] [pose_estimator]: RPE: trans 0.1081 | rot 0.00000 (0.000 deg)
Matched 383 keypoints
[INFO] [1790553132.928680553] [pose_estimator]: RANSAC: 301 inliers / 383, 5 iterations
[INFO] [1790553132.934668219] [pose_estimator]: RPE: trans 0.0430 | rot 0.00000 (0.000 deg)
Matched 453 keypoints
[INFO] [1790553133.056879886] [pose_estimator]: RANSAC: 339 inliers / 453, 6 iterations
[INFO] [1790553133.057034261] [pose_estimator]: RPE: trans 0.0209 | rot 0.00000 (0.000 deg)
Matched 405 keypoints
[INFO] [1790553133.173934094] [pose_estimator]: RANSAC: 323 inliers / 405, 5 iterations
[INFO] [1790553133.174091678] [pose_estimator]: RPE: trans 0.0468 | rot 0.00000 (0.000 deg)
Matched 375 keypoints
[INFO] [1790553133.304013303] [pose_estimator]: RANSAC: 311 inliers / 375, 4 iterations
[INFO] [1790553133.307230178] [pose_estimator]: RPE: trans 0.0065 | rot 0.00000 (0.000 deg)
Matched 393 keypoints
[INFO] [1790553133.435234845] [pose_estimator]: RANSAC: 299 inliers / 393, 8 iterations
[INFO] [1790553133.435385261] [pose_estimator]: RPE: trans 0.0022 | rot 0.00000 (0.000 deg)
Matched 399 keypoints
[INFO] [1790553133.561615886] [pose_estimator]: RANSAC: 304 inliers / 399, 6 iterations
[INFO] [1790553133.561759095] [pose_estimator]: RPE: trans 0.1272 | rot 0.00000 (0.000 deg)
Matched 396 keypoints
[INFO] [1790553133.685114220] [pose_estimator]: RANSAC: 319 inliers / 396, 5 iterations
[INFO] [1790553133.687286011] [pose_estimator]: RPE: trans 0.0106 | rot 0.00000 (0.000 deg)
Matched 381 keypoints
[INFO] [1790553133.837439428] [pose_estimator]: RANSAC: 284 inliers / 381, 6 iterations
[INFO] [1790553133.838897011] [pose_estimator]: RPE: trans 0.0654 | rot 0.00000 (0.000 deg)
Matched 384 keypoints
[INFO] [1790553133.965146095] [pose_estimator]: RANSAC: 265 inliers / 384, 8 iterations
[INFO] [1790553133.965293637] [pose_estimator]: RPE: trans 0.1931 | rot 0.00000 (0.000 deg)
Matched 425 keypoints
[INFO] [1790553134.080576512] [pose_estimator]: RANSAC: 300 inliers / 425, 7 iterations
[INFO] [1790553134.080727845] [pose_estimator]: RPE: trans 0.1463 | rot 0.00000 (0.000 deg)
Matched 373 keypoints
[INFO] [1790553134.202498012] [pose_estimator]: RANSAC: 304 inliers / 373, 5 iterations
[INFO] [1790553134.205750262] [pose_estimator]: RPE: trans 0.0271 | rot 0.00000 (0.000 deg)
Matched 352 keypoints
[INFO] [1790553134.325801887] [pose_estimator]: RANSAC: 280 inliers / 352, 5 iterations
[INFO] [1790553134.327845137] [pose_estimator]: RPE: trans 0.0749 | rot 0.00000 (0.000 deg)
Matched 329 keypoints
[INFO] [1790553134.449624387] [pose_estimator]: RANSAC: 257 inliers / 329, 5 iterations
[INFO] [1790553134.449777095] [pose_estimator]: RPE: trans 0.0931 | rot 0.00000 (0.000 deg)
Matched 345 keypoints
[INFO] [1790553134.562822428] [pose_estimator]: RANSAC: 264 inliers / 345, 6 iterations
[INFO] [1790553134.562981553] [pose_estimator]: RPE: trans 0.0621 | rot 0.00000 (0.000 deg)
Matched 354 keypoints
[INFO] [1790553134.683512304] [pose_estimator]: RANSAC: 252 inliers / 354, 7 iterations
[INFO] [1790553134.693007929] [pose_estimator]: RPE: trans 0.2023 | rot 0.00000 (0.000 deg)
Matched 333 keypoints
[INFO] [1790553134.812727012] [pose_estimator]: RANSAC: 278 inliers / 333, 4 iterations
[INFO] [1790553134.812873137] [pose_estimator]: RPE: trans 0.0332 | rot 0.00000 (0.000 deg)
Matched 366 keypoints
[INFO] [1790553134.926975137] [pose_estimator]: RANSAC: 269 inliers / 366, 6 iterations
[INFO] [1790553134.927136595] [pose_estimator]: RPE: trans 0.0382 | rot 0.00000 (0.000 deg)
Matched 337 keypoints
[INFO] [1790553135.047510720] [pose_estimator]: RANSAC: 281 inliers / 337, 4 iterations
[INFO] [1790553135.053463387] [pose_estimator]: RPE: trans 0.0355 | rot 0.00000 (0.000 deg)
Matched 351 keypoints
[INFO] [1790553135.180546595] [pose_estimator]: RANSAC: 290 inliers / 351, 5 iterations
[INFO] [1790553135.180704304] [pose_estimator]: RPE: trans 0.0617 | rot 0.00000 (0.000 deg)
Matched 348 keypoints
[INFO] [1790553135.295936595] [pose_estimator]: RANSAC: 287 inliers / 348, 5 iterations
[INFO] [1790553135.296092679] [pose_estimator]: RPE: trans 0.0189 | rot 0.00000 (0.000 deg)
Matched 376 keypoints
[INFO] [1790553135.411403721] [pose_estimator]: RANSAC: 313 inliers / 376, 4 iterations
[INFO] [1790553135.411552179] [pose_estimator]: RPE: trans 0.0348 | rot 0.00000 (0.000 deg)
Matched 388 keypoints
[INFO] [1790553135.532563012] [pose_estimator]: RANSAC: 283 inliers / 388, 7 iterations
[INFO] [1790553135.535275637] [pose_estimator]: RPE: trans 0.0382 | rot 0.00000 (0.000 deg)
Matched 400 keypoints
[INFO] [1790553135.663466471] [pose_estimator]: RANSAC: 321 inliers / 400, 5 iterations
[INFO] [1790553135.663631762] [pose_estimator]: RPE: trans 0.0861 | rot 0.00000 (0.000 deg)
Matched 366 keypoints
[INFO] [1790553135.789916596] [pose_estimator]: RANSAC: 311 inliers / 366, 4 iterations
[INFO] [1790553135.790142804] [pose_estimator]: RPE: trans 0.0999 | rot 0.00000 (0.000 deg)
Matched 378 keypoints
[INFO] [1790553135.913665304] [pose_estimator]: RANSAC: 310 inliers / 378, 5 iterations
[INFO] [1790553135.922860887] [pose_estimator]: RPE: trans 0.0964 | rot 0.00000 (0.000 deg)
Matched 404 keypoints
[INFO] [1790553136.045121596] [pose_estimator]: RANSAC: 280 inliers / 404, 8 iterations
[INFO] [1790553136.047525304] [pose_estimator]: RPE: trans 0.2707 | rot 0.00000 (0.000 deg)
Matched 367 keypoints
[INFO] [1790553136.180576596] [pose_estimator]: RANSAC: 295 inliers / 367, 5 iterations
[INFO] [1790553136.180731721] [pose_estimator]: RPE: trans 0.0800 | rot 0.00000 (0.000 deg)
Matched 384 keypoints
[INFO] [1790553136.303817721] [pose_estimator]: RANSAC: 316 inliers / 384, 5 iterations
[INFO] [1790553136.305365804] [pose_estimator]: RPE: trans 0.0613 | rot 0.00000 (0.000 deg)
Matched 341 keypoints
[INFO] [1790553136.436454638] [pose_estimator]: RANSAC: 282 inliers / 341, 4 iterations
[INFO] [1790553136.439443304] [pose_estimator]: RPE: trans 0.0260 | rot 0.00000 (0.000 deg)
Matched 318 keypoints
[INFO] [1790553136.569481304] [pose_estimator]: RANSAC: 264 inliers / 318, 5 iterations
[INFO] [1790553136.569634054] [pose_estimator]: RPE: trans 0.0323 | rot 0.00000 (0.000 deg)
Matched 312 keypoints
[INFO] [1790553136.684990554] [pose_estimator]: RANSAC: 257 inliers / 312, 5 iterations
[INFO] [1790553136.685287304] [pose_estimator]: RPE: trans 0.0050 | rot 0.00000 (0.000 deg)
Matched 291 keypoints
[INFO] [1790553136.795627430] [pose_estimator]: RANSAC: 245 inliers / 291, 4 iterations
[INFO] [1790553136.798157263] [pose_estimator]: RPE: trans 0.0422 | rot 0.00000 (0.000 deg)
Matched 313 keypoints
[INFO] [1790553136.917710555] [pose_estimator]: RANSAC: 258 inliers / 313, 5 iterations
[INFO] [1790553136.917858221] [pose_estimator]: RPE: trans 0.0519 | rot 0.00000 (0.000 deg)
Matched 305 keypoints
[INFO] [1790553137.035562930] [pose_estimator]: RANSAC: 263 inliers / 305, 4 iterations
[INFO] [1790553137.035713888] [pose_estimator]: RPE: trans 0.0767 | rot 0.00000 (0.000 deg)
Matched 312 keypoints
[INFO] [1790553137.153489263] [pose_estimator]: RANSAC: 254 inliers / 312, 5 iterations
[INFO] [1790553137.153648888] [pose_estimator]: RPE: trans 0.0521 | rot 0.00000 (0.000 deg)
Matched 311 keypoints
[INFO] [1790553137.291184930] [pose_estimator]: RANSAC: 271 inliers / 311, 4 iterations
[INFO] [1790553137.292926430] [pose_estimator]: RPE: trans 0.0381 | rot 0.00000 (0.000 deg)
Matched 284 keypoints
[INFO] [1790553137.409770513] [pose_estimator]: RANSAC: 249 inliers / 284, 4 iterations
[INFO] [1790553137.409937096] [pose_estimator]: RPE: trans 0.0583 | rot 0.00000 (0.000 deg)
Matched 299 keypoints
[INFO] [1790553137.529319638] [pose_estimator]: RANSAC: 247 inliers / 299, 5 iterations
[INFO] [1790553137.529488972] [pose_estimator]: RPE: trans 0.0282 | rot 0.00000 (0.000 deg)
Matched 316 keypoints
[INFO] [1790553137.646402013] [pose_estimator]: RANSAC: 259 inliers / 316, 5 iterations
[INFO] [1790553137.648127597] [pose_estimator]: RPE: trans 0.1518 | rot 0.00000 (0.000 deg)
Matched 311 keypoints
[INFO] [1790553137.763423472] [pose_estimator]: RANSAC: 255 inliers / 311, 5 iterations
[INFO] [1790553137.765177763] [pose_estimator]: RPE: trans 0.0596 | rot 0.00000 (0.000 deg)
Matched 295 keypoints
[INFO] [1790553137.884423888] [pose_estimator]: RANSAC: 233 inliers / 295, 5 iterations
[INFO] [1790553137.884579013] [pose_estimator]: RPE: trans 0.1123 | rot 0.00000 (0.000 deg)
Matched 272 keypoints
[INFO] [1790553137.996928513] [pose_estimator]: RANSAC: 221 inliers / 272, 5 iterations
[INFO] [1790553137.997081138] [pose_estimator]: RPE: trans 0.0348 | rot 0.00000 (0.000 deg)
Matched 225 keypoints
[INFO] [1790553138.115746680] [pose_estimator]: RANSAC: 195 inliers / 225, 4 iterations
[INFO] [1790553138.117037347] [pose_estimator]: RPE: trans 0.0455 | rot 0.00000 (0.000 deg)
Matched 234 keypoints
[INFO] [1790553138.246733889] [pose_estimator]: RANSAC: 188 inliers / 234, 5 iterations
[INFO] [1790553138.254633347] [pose_estimator]: RPE: trans 0.0105 | rot 0.00000 (0.000 deg)
Matched 239 keypoints
[INFO] [1790553138.368569680] [pose_estimator]: RANSAC: 200 inliers / 239, 4 iterations
[INFO] [1790553138.368714180] [pose_estimator]: RPE: trans 0.0837 | rot 0.00000 (0.000 deg)
Matched 258 keypoints
[INFO] [1790553138.483218889] [pose_estimator]: RANSAC: 219 inliers / 258, 4 iterations
[INFO] [1790553138.483353222] [pose_estimator]: RPE: trans 0.0352 | rot 0.00000 (0.000 deg)
Matched 240 keypoints
[INFO] [1790553138.596765722] [pose_estimator]: RANSAC: 202 inliers / 240, 5 iterations
[INFO] [1790553138.597644597] [pose_estimator]: RPE: trans 0.0793 | rot 0.00000 (0.000 deg)
Matched 271 keypoints
[INFO] [1790553138.712529889] [pose_estimator]: RANSAC: 221 inliers / 271, 5 iterations
[INFO] [1790553138.712680014] [pose_estimator]: RPE: trans 0.0092 | rot 0.00000 (0.000 deg)
Matched 271 keypoints
[INFO] [1790553138.832009500] [pose_estimator]: RANSAC: 216 inliers / 271, 5 iterations
[INFO] [1790553138.832186333] [pose_estimator]: RPE: trans 0.0110 | rot 0.00000 (0.000 deg)
Matched 254 keypoints
[INFO] [1790553138.956054625] [pose_estimator]: RANSAC: 207 inliers / 254, 5 iterations
[INFO] [1790553138.959800041] [pose_estimator]: RPE: trans 0.1092 | rot 0.00000 (0.000 deg)
Matched 232 keypoints
[INFO] [1790553139.086884750] [pose_estimator]: RANSAC: 192 inliers / 232, 4 iterations
[INFO] [1790553139.095427166] [pose_estimator]: RPE: trans 0.0261 | rot 0.00000 (0.000 deg)
Matched 239 keypoints
[INFO] [1790553139.224066583] [pose_estimator]: RANSAC: 205 inliers / 239, 4 iterations
[INFO] [1790553139.224232666] [pose_estimator]: RPE: trans 0.0325 | rot 0.00000 (0.000 deg)
Matched 268 keypoints
[INFO] [1790553139.330779375] [pose_estimator]: RANSAC: 217 inliers / 268, 5 iterations
[INFO] [1790553139.330943666] [pose_estimator]: RPE: trans 0.0713 | rot 0.00000 (0.000 deg)
Matched 258 keypoints
[INFO] [1790553139.448174916] [pose_estimator]: RANSAC: 215 inliers / 258, 5 iterations
[INFO] [1790553139.450363291] [pose_estimator]: RPE: trans 0.0092 | rot 0.00000 (0.000 deg)
Matched 247 keypoints
[INFO] [1790553139.571026917] [pose_estimator]: RANSAC: 204 inliers / 247, 5 iterations
[INFO] [1790553139.581340375] [pose_estimator]: RPE: trans 0.1149 | rot 0.00000 (0.000 deg)
Matched 284 keypoints
[INFO] [1790553139.696789000] [pose_estimator]: RANSAC: 233 inliers / 284, 5 iterations
[INFO] [1790553139.696932750] [pose_estimator]: RPE: trans 0.0627 | rot 0.00000 (0.000 deg)
Matched 291 keypoints
[INFO] [1790553139.807545833] [pose_estimator]: RANSAC: 236 inliers / 291, 5 iterations
[INFO] [1790553139.807730792] [pose_estimator]: RPE: trans 0.0071 | rot 0.00000 (0.000 deg)
Matched 326 keypoints
[INFO] [1790553139.920923333] [pose_estimator]: RANSAC: 262 inliers / 326, 5 iterations
[INFO] [1790553139.926655333] [pose_estimator]: RPE: trans 0.0350 | rot 0.00000 (0.000 deg)
Matched 297 keypoints
[INFO] [1790553140.050928333] [pose_estimator]: RANSAC: 249 inliers / 297, 4 iterations
[INFO] [1790553140.051063583] [pose_estimator]: RPE: trans 0.0438 | rot 0.00000 (0.000 deg)
Matched 299 keypoints
[INFO] [1790553140.168469958] [pose_estimator]: RANSAC: 242 inliers / 299, 5 iterations
[INFO] [1790553140.168621417] [pose_estimator]: RPE: trans 0.0577 | rot 0.00000 (0.000 deg)
Matched 350 keypoints
[INFO] [1790553140.290881000] [pose_estimator]: RANSAC: 282 inliers / 350, 5 iterations
[INFO] [1790553140.297942167] [pose_estimator]: RPE: trans 0.0682 | rot 0.00000 (0.000 deg)
Matched 380 keypoints
[INFO] [1790553140.426215584] [pose_estimator]: RANSAC: 296 inliers / 380, 5 iterations
[INFO] [1790553140.431459125] [pose_estimator]: RPE: trans 0.0256 | rot 0.00000 (0.000 deg)
Matched 397 keypoints
[INFO] [1790553140.555440209] [pose_estimator]: RANSAC: 317 inliers / 397, 5 iterations
[INFO] [1790553140.555616584] [pose_estimator]: RPE: trans 0.0120 | rot 0.00000 (0.000 deg)
Matched 408 keypoints
[INFO] [1790553140.677647459] [pose_estimator]: RANSAC: 336 inliers / 408, 5 iterations
[INFO] [1790553140.677799667] [pose_estimator]: RPE: trans 0.0190 | rot 0.00000 (0.000 deg)
Matched 378 keypoints
[INFO] [1790553140.801832875] [pose_estimator]: RANSAC: 292 inliers / 378, 6 iterations
[INFO] [1790553140.808729042] [pose_estimator]: RPE: trans 0.0653 | rot 0.00000 (0.000 deg)
Matched 361 keypoints
[INFO] [1790553140.930613334] [pose_estimator]: RANSAC: 278 inliers / 361, 6 iterations
[INFO] [1790553140.930778042] [pose_estimator]: RPE: trans 0.0968 | rot 0.00000 (0.000 deg)
Matched 376 keypoints
[INFO] [1790553141.047700209] [pose_estimator]: RANSAC: 298 inliers / 376, 5 iterations
[INFO] [1790553141.047857542] [pose_estimator]: RPE: trans 0.0481 | rot 0.00000 (0.000 deg)
Matched 362 keypoints
[INFO] [1790553141.171402917] [pose_estimator]: RANSAC: 283 inliers / 362, 5 iterations
[INFO] [1790553141.173805792] [pose_estimator]: RPE: trans 0.1135 | rot 0.00000 (0.000 deg)
Matched 328 keypoints
[INFO] [1790553141.294178501] [pose_estimator]: RANSAC: 255 inliers / 328, 5 iterations
[INFO] [1790553141.294351167] [pose_estimator]: RPE: trans 0.0348 | rot 0.00000 (0.000 deg)
Matched 320 keypoints
[INFO] [1790553141.413470876] [pose_estimator]: RANSAC: 256 inliers / 320, 5 iterations
[INFO] [1790553141.413643376] [pose_estimator]: RPE: trans 0.0253 | rot 0.00000 (0.000 deg)
Matched 356 keypoints
[INFO] [1790553141.535754709] [pose_estimator]: RANSAC: 279 inliers / 356, 5 iterations
[INFO] [1790553141.535882376] [pose_estimator]: RPE: trans 0.0321 | rot 0.00000 (0.000 deg)
Matched 348 keypoints
[INFO] [1790553141.652649043] [pose_estimator]: RANSAC: 256 inliers / 348, 6 iterations
[INFO] [1790553141.654907251] [pose_estimator]: RPE: trans 0.1170 | rot 0.00000 (0.000 deg)
Matched 353 keypoints
[INFO] [1790553141.773149501] [pose_estimator]: RANSAC: 282 inliers / 353, 5 iterations
[INFO] [1790553141.779266293] [pose_estimator]: RPE: trans 0.0046 | rot 0.00000 (0.000 deg)
Matched 343 keypoints
[INFO] [1790553141.902158626] [pose_estimator]: RANSAC: 272 inliers / 343, 5 iterations
[INFO] [1790553141.902313834] [pose_estimator]: RPE: trans 0.0377 | rot 0.00000 (0.000 deg)
Matched 322 keypoints
[INFO] [1790553142.016967001] [pose_estimator]: RANSAC: 252 inliers / 322, 5 iterations
[INFO] [1790553142.017117251] [pose_estimator]: RPE: trans 0.0668 | rot 0.00000 (0.000 deg)
Matched 320 keypoints
[INFO] [1790553142.141741459] [pose_estimator]: RANSAC: 245 inliers / 320, 6 iterations
[INFO] [1790553142.146741751] [pose_estimator]: RPE: trans 0.0324 | rot 0.00000 (0.000 deg)
Matched 342 keypoints
[INFO] [1790553142.263661084] [pose_estimator]: RANSAC: 261 inliers / 342, 6 iterations
[INFO] [1790553142.263815126] [pose_estimator]: RPE: trans 0.0357 | rot 0.00000 (0.000 deg)
Matched 345 keypoints
[INFO] [1790553142.377642876] [pose_estimator]: RANSAC: 268 inliers / 345, 5 iterations
[INFO] [1790553142.377791085] [pose_estimator]: RPE: trans 0.0489 | rot 0.00000 (0.000 deg)
Matched 352 keypoints
[INFO] [1790553142.493759418] [pose_estimator]: RANSAC: 265 inliers / 352, 6 iterations
[INFO] [1790553142.499566085] [pose_estimator]: RPE: trans 0.0076 | rot 0.00000 (0.000 deg)
Matched 297 keypoints
[INFO] [1790553142.634592626] [pose_estimator]: RANSAC: 239 inliers / 297, 5 iterations
[INFO] [1790553142.637755043] [pose_estimator]: RPE: trans 0.0107 | rot 0.00000 (0.000 deg)
Matched 377 keypoints
[INFO] [1790553142.760851668] [pose_estimator]: RANSAC: 305 inliers / 377, 5 iterations
[INFO] [1790553142.761003501] [pose_estimator]: RPE: trans 0.0358 | rot 0.00000 (0.000 deg)
Matched 316 keypoints
[INFO] [1790553142.876970251] [pose_estimator]: RANSAC: 253 inliers / 316, 5 iterations
[INFO] [1790553142.877118418] [pose_estimator]: RPE: trans 0.0735 | rot 0.00000 (0.000 deg)
Matched 389 keypoints
[INFO] [1790553143.002655835] [pose_estimator]: RANSAC: 316 inliers / 389, 5 iterations
[INFO] [1790553143.004034710] [pose_estimator]: RPE: trans 0.1527 | rot 0.00000 (0.000 deg)
Matched 341 keypoints
[INFO] [1790553143.123882418] [pose_estimator]: RANSAC: 275 inliers / 341, 5 iterations
[INFO] [1790553143.124039252] [pose_estimator]: RPE: trans 0.0733 | rot 0.00000 (0.000 deg)
Matched 363 keypoints
[INFO] [1790553143.244130752] [pose_estimator]: RANSAC: 300 inliers / 363, 5 iterations
[INFO] [1790553143.244299710] [pose_estimator]: RPE: trans 0.0367 | rot 0.00000 (0.000 deg)
Matched 336 keypoints
[INFO] [1790553143.364887543] [pose_estimator]: RANSAC: 269 inliers / 336, 5 iterations
[INFO] [1790553143.369473960] [pose_estimator]: RPE: trans 0.0355 | rot 0.00000 (0.000 deg)
Matched 311 keypoints
[INFO] [1790553143.493478377] [pose_estimator]: RANSAC: 260 inliers / 311, 4 iterations
[INFO] [1790553143.494171835] [pose_estimator]: RPE: trans 0.0331 | rot 0.00000 (0.000 deg)
Matched 338 keypoints
[INFO] [1790553143.634778543] [pose_estimator]: RANSAC: 274 inliers / 338, 5 iterations
[INFO] [1790553143.635006502] [pose_estimator]: RPE: trans 0.0229 | rot 0.00000 (0.000 deg)
Matched 348 keypoints
[INFO] [1790553143.763295294] [pose_estimator]: RANSAC: 287 inliers / 348, 5 iterations
[INFO] [1790553143.763506252] [pose_estimator]: RPE: trans 0.0455 | rot 0.00000 (0.000 deg)
Matched 325 keypoints
[INFO] [1790553143.895833752] [pose_estimator]: RANSAC: 272 inliers / 325, 4 iterations
[INFO] [1790553143.900499377] [pose_estimator]: RPE: trans 0.0395 | rot 0.00000 (0.000 deg)
Matched 343 keypoints
[INFO] [1790553144.039067460] [pose_estimator]: RANSAC: 285 inliers / 343, 5 iterations
[INFO] [1790553144.039336877] [pose_estimator]: RPE: trans 0.1373 | rot 0.00000 (0.000 deg)
Matched 384 keypoints
[INFO] [1790553144.167258877] [pose_estimator]: RANSAC: 311 inliers / 384, 5 iterations
[INFO] [1790553144.167554169] [pose_estimator]: RPE: trans 0.0987 | rot 0.00000 (0.000 deg)
Matched 352 keypoints
[INFO] [1790553144.288228794] [pose_estimator]: RANSAC: 307 inliers / 352, 4 iterations
[INFO] [1790553144.290723502] [pose_estimator]: RPE: trans 0.0259 | rot 0.00000 (0.000 deg)
Matched 372 keypoints
[INFO] [1790553144.412189211] [pose_estimator]: RANSAC: 311 inliers / 372, 4 iterations
[INFO] [1790553144.412338627] [pose_estimator]: RPE: trans 0.0539 | rot 0.00000 (0.000 deg)
Matched 339 keypoints
[INFO] [1790553144.533645544] [pose_estimator]: RANSAC: 297 inliers / 339, 4 iterations
[INFO] [1790553144.533814419] [pose_estimator]: RPE: trans 0.0152 | rot 0.00000 (0.000 deg)
Matched 350 keypoints
[INFO] [1790553144.656576794] [pose_estimator]: RANSAC: 306 inliers / 350, 4 iterations
[INFO] [1790553144.656742794] [pose_estimator]: RPE: trans 0.0927 | rot 0.00000 (0.000 deg)
Matched 369 keypoints
[INFO] [1790553144.784626919] [pose_estimator]: RANSAC: 313 inliers / 369, 4 iterations
[INFO] [1790553144.786227127] [pose_estimator]: RPE: trans 0.0256 | rot 0.00000 (0.000 deg)
Matched 432 keypoints
[INFO] [1790553144.914524044] [pose_estimator]: RANSAC: 369 inliers / 432, 4 iterations
[INFO] [1790553144.914690627] [pose_estimator]: RPE: trans 0.0108 | rot 0.00000 (0.000 deg)
Matched 350 keypoints
[INFO] [1790553145.036310211] [pose_estimator]: RANSAC: 301 inliers / 350, 4 iterations
[INFO] [1790553145.036486586] [pose_estimator]: RPE: trans 0.0195 | rot 0.00000 (0.000 deg)
Matched 365 keypoints
[INFO] [1790553145.154688503] [pose_estimator]: RANSAC: 314 inliers / 365, 4 iterations
[INFO] [1790553145.156680544] [pose_estimator]: RPE: trans 0.0403 | rot 0.00000 (0.000 deg)
Matched 368 keypoints
[INFO] [1790553145.285731336] [pose_estimator]: RANSAC: 313 inliers / 368, 4 iterations
[INFO] [1790553145.285869711] [pose_estimator]: RPE: trans 0.0689 | rot 0.00000 (0.000 deg)
Matched 405 keypoints
[INFO] [1790553145.405515128] [pose_estimator]: RANSAC: 341 inliers / 405, 4 iterations
[INFO] [1790553145.405708378] [pose_estimator]: RPE: trans 0.2003 | rot 0.00000 (0.000 deg)
Matched 407 keypoints
[INFO] [1790553145.531418253] [pose_estimator]: RANSAC: 352 inliers / 407, 4 iterations
[INFO] [1790553145.531564961] [pose_estimator]: RPE: trans 0.0147 | rot 0.00000 (0.000 deg)
Matched 403 keypoints
[INFO] [1790553145.657108378] [pose_estimator]: RANSAC: 345 inliers / 403, 4 iterations
[INFO] [1790553145.658607086] [pose_estimator]: RPE: trans 0.0251 | rot 0.00000 (0.000 deg)
Matched 368 keypoints
[INFO] [1790553145.781393086] [pose_estimator]: RANSAC: 310 inliers / 368, 4 iterations
[INFO] [1790553145.781555211] [pose_estimator]: RPE: trans 0.0132 | rot 0.00000 (0.000 deg)
Matched 423 keypoints
[INFO] [1790553145.908091378] [pose_estimator]: RANSAC: 362 inliers / 423, 4 iterations
[INFO] [1790553145.908252003] [pose_estimator]: RPE: trans 0.1648 | rot 0.00000 (0.000 deg)
Matched 407 keypoints
[INFO] [1790553146.033538211] [pose_estimator]: RANSAC: 357 inliers / 407, 4 iterations
[INFO] [1790553146.034855378] [pose_estimator]: RPE: trans 0.0202 | rot 0.00000 (0.000 deg)
Matched 421 keypoints
[INFO] [1790553146.165855753] [pose_estimator]: RANSAC: 367 inliers / 421, 4 iterations
[INFO] [1790553146.166031670] [pose_estimator]: RPE: trans 0.0277 | rot 0.00000 (0.000 deg)
Matched 393 keypoints
[INFO] [1790553146.284438336] [pose_estimator]: RANSAC: 347 inliers / 393, 4 iterations
[INFO] [1790553146.284597586] [pose_estimator]: RPE: trans 0.0117 | rot 0.00000 (0.000 deg)
Matched 446 keypoints
[INFO] [1790553146.406874420] [pose_estimator]: RANSAC: 384 inliers / 446, 4 iterations
[INFO] [1790553146.407019961] [pose_estimator]: RPE: trans 0.0430 | rot 0.00000 (0.000 deg)
Matched 460 keypoints
[INFO] [1790553146.530270420] [pose_estimator]: RANSAC: 381 inliers / 460, 4 iterations
[INFO] [1790553146.530865087] [pose_estimator]: RPE: trans 0.0837 | rot 0.00000 (0.000 deg)
Matched 474 keypoints
[INFO] [1790553146.661591337] [pose_estimator]: RANSAC: 393 inliers / 474, 4 iterations
[INFO] [1790553146.661763962] [pose_estimator]: RPE: trans 0.0870 | rot 0.00000 (0.000 deg)
Matched 438 keypoints
[INFO] [1790553146.792066420] [pose_estimator]: RANSAC: 373 inliers / 438, 4 iterations
[INFO] [1790553146.792192920] [pose_estimator]: RPE: trans 0.0279 | rot 0.00000 (0.000 deg)
Matched 432 keypoints
[INFO] [1790553146.915563045] [pose_estimator]: RANSAC: 367 inliers / 432, 4 iterations
[INFO] [1790553146.918269503] [pose_estimator]: RPE: trans 0.0229 | rot 0.00000 (0.000 deg)
Matched 426 keypoints
[INFO] [1790553147.050740670] [pose_estimator]: RANSAC: 344 inliers / 426, 5 iterations
[INFO] [1790553147.053553795] [pose_estimator]: RPE: trans 0.0841 | rot 0.00000 (0.000 deg)
Matched 372 keypoints
[INFO] [1790553147.183852045] [pose_estimator]: RANSAC: 315 inliers / 372, 4 iterations
[INFO] [1790553147.183984295] [pose_estimator]: RPE: trans 0.0223 | rot 0.00000 (0.000 deg)
Matched 434 keypoints
[INFO] [1790553147.311664379] [pose_estimator]: RANSAC: 369 inliers / 434, 4 iterations
[INFO] [1790553147.311815212] [pose_estimator]: RPE: trans 0.0352 | rot 0.00000 (0.000 deg)
Matched 401 keypoints
[INFO] [1790553147.435602587] [pose_estimator]: RANSAC: 327 inliers / 401, 5 iterations
[INFO] [1790553147.438640504] [pose_estimator]: RPE: trans 0.0329 | rot 0.00000 (0.000 deg)
Matched 434 keypoints
[INFO] [1790553147.566338379] [pose_estimator]: RANSAC: 358 inliers / 434, 5 iterations
[INFO] [1790553147.566489379] [pose_estimator]: RPE: trans 0.0772 | rot 0.00000 (0.000 deg)
Matched 362 keypoints
[INFO] [1790553147.686415712] [pose_estimator]: RANSAC: 285 inliers / 362, 5 iterations
[INFO] [1790553147.686562129] [pose_estimator]: RPE: trans 0.0282 | rot 0.00000 (0.000 deg)
Matched 410 keypoints
[INFO] [1790553147.817403754] [pose_estimator]: RANSAC: 353 inliers / 410, 4 iterations
[INFO] [1790553147.817964670] [pose_estimator]: RPE: trans 0.0184 | rot 0.00000 (0.000 deg)
Matched 390 keypoints
[INFO] [1790553147.942456837] [pose_estimator]: RANSAC: 315 inliers / 390, 5 iterations
[INFO] [1790553147.943288129] [pose_estimator]: RPE: trans 0.0079 | rot 0.00000 (0.000 deg)
Matched 338 keypoints
[INFO] [1790553148.062632171] [pose_estimator]: RANSAC: 281 inliers / 338, 4 iterations
[INFO] [1790553148.062759296] [pose_estimator]: RPE: trans 0.0041 | rot 0.00000 (0.000 deg)
Matched 344 keypoints
[INFO] [1790553148.180417671] [pose_estimator]: RANSAC: 313 inliers / 344, 3 iterations
[INFO] [1790553148.180553254] [pose_estimator]: RPE: trans 0.0124 | rot 0.00000 (0.000 deg)
Matched 370 keypoints
[INFO] [1790553148.303723837] [pose_estimator]: RANSAC: 310 inliers / 370, 4 iterations
[INFO] [1790553148.309814254] [pose_estimator]: RPE: trans 0.0313 | rot 0.00000 (0.000 deg)
Matched 340 keypoints
[INFO] [1790553148.429259337] [pose_estimator]: RANSAC: 280 inliers / 340, 5 iterations
[INFO] [1790553148.429390921] [pose_estimator]: RPE: trans 0.0203 | rot 0.00000 (0.000 deg)
Matched 373 keypoints
[INFO] [1790553148.551240462] [pose_estimator]: RANSAC: 298 inliers / 373, 5 iterations
[INFO] [1790553148.551397212] [pose_estimator]: RPE: trans 0.0145 | rot 0.00000 (0.000 deg)
Matched 324 keypoints
[INFO] [1790553148.669009004] [pose_estimator]: RANSAC: 272 inliers / 324, 4 iterations
[INFO] [1790553148.669386754] [pose_estimator]: RPE: trans 0.0154 | rot 0.00000 (0.000 deg)
Matched 324 keypoints
[INFO] [1790553148.812238296] [pose_estimator]: RANSAC: 267 inliers / 324, 5 iterations
[INFO] [1790553148.816321963] [pose_estimator]: RPE: trans 0.1113 | rot 0.00000 (0.000 deg)
Matched 341 keypoints
[INFO] [1790553148.948677338] [pose_estimator]: RANSAC: 284 inliers / 341, 4 iterations
[INFO] [1790553148.948818713] [pose_estimator]: RPE: trans 0.0697 | rot 0.00000 (0.000 deg)
Matched 323 keypoints
[INFO] [1790553149.066846088] [pose_estimator]: RANSAC: 265 inliers / 323, 5 iterations
[INFO] [1790553149.066982838] [pose_estimator]: RPE: trans 0.0120 | rot 0.00000 (0.000 deg)
Matched 311 keypoints
[INFO] [1790553149.193606046] [pose_estimator]: RANSAC: 265 inliers / 311, 4 iterations
[INFO] [1790553149.209157088] [pose_estimator]: RPE: trans 0.0081 | rot 0.00000 (0.000 deg)
Matched 345 keypoints
[INFO] [1790553149.345445546] [pose_estimator]: RANSAC: 291 inliers / 345, 4 iterations
[INFO] [1790553149.349932713] [pose_estimator]: RPE: trans 0.0615 | rot 0.00000 (0.000 deg)
Matched 308 keypoints
[INFO] [1790553149.467434546] [pose_estimator]: RANSAC: 262 inliers / 308, 4 iterations
[INFO] [1790553149.467596171] [pose_estimator]: RPE: trans 0.0531 | rot 0.00000 (0.000 deg)
Matched 349 keypoints
[INFO] [1790553149.593900046] [pose_estimator]: RANSAC: 284 inliers / 349, 5 iterations
[INFO] [1790553149.594648380] [pose_estimator]: RPE: trans 0.0117 | rot 0.00000 (0.000 deg)
Matched 343 keypoints
[INFO] [1790553149.723358630] [pose_estimator]: RANSAC: 293 inliers / 343, 4 iterations
[INFO] [1790553149.726988671] [pose_estimator]: RPE: trans 0.0181 | rot 0.00000 (0.000 deg)
Matched 337 keypoints
[INFO] [1790553149.852261796] [pose_estimator]: RANSAC: 282 inliers / 337, 4 iterations
[INFO] [1790553149.852391380] [pose_estimator]: RPE: trans 0.0809 | rot 0.00000 (0.000 deg)
Matched 311 keypoints
[INFO] [1790553149.967231630] [pose_estimator]: RANSAC: 265 inliers / 311, 4 iterations
[INFO] [1790553149.967371130] [pose_estimator]: RPE: trans 0.0075 | rot 0.00000 (0.000 deg)
Matched 315 keypoints
[INFO] [1790553150.099830088] [pose_estimator]: RANSAC: 255 inliers / 315, 5 iterations
[INFO] [1790553150.101952172] [pose_estimator]: RPE: trans 0.0148 | rot 0.00000 (0.000 deg)
Matched 317 keypoints
[INFO] [1790553150.220565213] [pose_estimator]: RANSAC: 264 inliers / 317, 4 iterations
[INFO] [1790553150.220689588] [pose_estimator]: RPE: trans 0.0289 | rot 0.00000 (0.000 deg)
Matched 316 keypoints
[INFO] [1790553150.332908172] [pose_estimator]: RANSAC: 271 inliers / 316, 4 iterations
[INFO] [1790553150.333053047] [pose_estimator]: RPE: trans 0.0255 | rot 0.00000 (0.000 deg)
Matched 303 keypoints
[INFO] [1790553150.451814630] [pose_estimator]: RANSAC: 268 inliers / 303, 4 iterations
[INFO] [1790553150.459295047] [pose_estimator]: RPE: trans 0.0182 | rot 0.00000 (0.000 deg)
Matched 274 keypoints
[INFO] [1790553150.593434922] [pose_estimator]: RANSAC: 233 inliers / 274, 4 iterations
[INFO] [1790553150.628641297] [pose_estimator]: RPE: trans 0.0358 | rot 0.00000 (0.000 deg)
Matched 284 keypoints
[INFO] [1790553150.778505630] [pose_estimator]: RANSAC: 235 inliers / 284, 5 iterations
[INFO] [1790553150.784637547] [pose_estimator]: RPE: trans 0.0192 | rot 0.00000 (0.000 deg)
Matched 272 keypoints
[INFO] [1790553150.893984339] [pose_estimator]: RANSAC: 232 inliers / 272, 4 iterations
[INFO] [1790553150.894886464] [pose_estimator]: RPE: trans 0.0345 | rot 0.00000 (0.000 deg)
Matched 237 keypoints
[INFO] [1790553151.020845380] [pose_estimator]: RANSAC: 198 inliers / 237, 5 iterations
[INFO] [1790553151.030501672] [pose_estimator]: RPE: trans 0.0153 | rot 0.00000 (0.000 deg)
Matched 261 keypoints
[INFO] [1790553151.154310005] [pose_estimator]: RANSAC: 215 inliers / 261, 5 iterations
[INFO] [1790553151.154872922] [pose_estimator]: RPE: trans 0.0057 | rot 0.00000 (0.000 deg)
Matched 275 keypoints
[INFO] [1790553151.267427214] [pose_estimator]: RANSAC: 228 inliers / 275, 4 iterations
[INFO] [1790553151.267595880] [pose_estimator]: RPE: trans 0.0096 | rot 0.00000 (0.000 deg)
Matched 238 keypoints
[INFO] [1790553151.378432380] [pose_estimator]: RANSAC: 195 inliers / 238, 5 iterations
[INFO] [1790553151.379993880] [pose_estimator]: RPE: trans 0.0149 | rot 0.00000 (0.000 deg)
Matched 238 keypoints
[INFO] [1790553151.490676506] [pose_estimator]: RANSAC: 191 inliers / 238, 5 iterations
[INFO] [1790553151.503891172] [pose_estimator]: RPE: trans 0.1883 | rot 0.00000 (0.000 deg)
Matched 233 keypoints
[INFO] [1790553151.657959214] [pose_estimator]: RANSAC: 185 inliers / 233, 5 iterations
[INFO] [1790553151.658126589] [pose_estimator]: RPE: trans 0.0314 | rot 0.00000 (0.000 deg)
Matched 240 keypoints
[INFO] [1790553151.775111297] [pose_estimator]: RANSAC: 195 inliers / 240, 5 iterations
[INFO] [1790553151.776490297] [pose_estimator]: RPE: trans 0.0726 | rot 0.00000 (0.000 deg)
Matched 235 keypoints
[INFO] [1790553151.901550547] [pose_estimator]: RANSAC: 201 inliers / 235, 4 iterations
[INFO] [1790553151.925323464] [pose_estimator]: RPE: trans 0.0120 | rot 0.00000 (0.000 deg)
Matched 247 keypoints
[INFO] [1790553152.035411006] [pose_estimator]: RANSAC: 199 inliers / 247, 5 iterations
[INFO] [1790553152.035574339] [pose_estimator]: RPE: trans 0.0017 | rot 0.00000 (0.000 deg)
Matched 251 keypoints
[INFO] [1790553152.142194548] [pose_estimator]: RANSAC: 200 inliers / 251, 5 iterations
[INFO] [1790553152.142344548] [pose_estimator]: RPE: trans 0.0498 | rot 0.00000 (0.000 deg)
Matched 229 keypoints
[INFO] [1790553152.245606339] [pose_estimator]: RANSAC: 193 inliers / 229, 4 iterations
[INFO] [1790553152.246643548] [pose_estimator]: RPE: trans 0.0115 | rot 0.00000 (0.000 deg)
Matched 211 keypoints
[INFO] [1790553152.354628756] [pose_estimator]: RANSAC: 171 inliers / 211, 5 iterations
[INFO] [1790553152.354753131] [pose_estimator]: RPE: trans 0.0287 | rot 0.00000 (0.000 deg)
Matched 217 keypoints
[INFO] [1790553152.462413673] [pose_estimator]: RANSAC: 154 inliers / 217, 7 iterations
[INFO] [1790553152.462557464] [pose_estimator]: RPE: trans 0.0864 | rot 0.00000 (0.000 deg)
Matched 238 keypoints
[INFO] [1790553152.568009714] [pose_estimator]: RANSAC: 177 inliers / 238, 6 iterations
[INFO] [1790553152.568185714] [pose_estimator]: RPE: trans 0.0088 | rot 0.00000 (0.000 deg)
Matched 198 keypoints
[INFO] [1790553152.680982423] [pose_estimator]: RANSAC: 167 inliers / 198, 4 iterations
[INFO] [1790553152.684694173] [pose_estimator]: RPE: trans 0.0226 | rot 0.00000 (0.000 deg)
Matched 191 keypoints
[INFO] [1790553152.797603923] [pose_estimator]: RANSAC: 158 inliers / 191, 4 iterations
[INFO] [1790553152.830222840] [pose_estimator]: RPE: trans 0.0337 | rot 0.00000 (0.000 deg)
Matched 177 keypoints
[INFO] [1790553152.936126465] [pose_estimator]: RANSAC: 142 inliers / 177, 5 iterations
[INFO] [1790553152.939176006] [pose_estimator]: RPE: trans 0.0384 | rot 0.00000 (0.000 deg)
Matched 187 keypoints
[INFO] [1790553153.048312923] [pose_estimator]: RANSAC: 142 inliers / 187, 6 iterations
[INFO] [1790553153.048473423] [pose_estimator]: RPE: trans 0.0194 | rot 0.00000 (0.000 deg)
Matched 198 keypoints
[INFO] [1790553153.151067590] [pose_estimator]: RANSAC: 154 inliers / 198, 5 iterations
[INFO] [1790553153.151937506] [pose_estimator]: RPE: trans 0.1685 | rot 0.00000 (0.000 deg)
Matched 203 keypoints
[INFO] [1790553153.264578173] [pose_estimator]: RANSAC: 168 inliers / 203, 4 iterations
[INFO] [1790553153.264780506] [pose_estimator]: RPE: trans 0.0197 | rot 0.00000 (0.000 deg)
Matched 229 keypoints
[INFO] [1790553153.370189881] [pose_estimator]: RANSAC: 179 inliers / 229, 5 iterations
[INFO] [1790553153.370345340] [pose_estimator]: RPE: trans 0.1873 | rot 0.00000 (0.000 deg)
Matched 209 keypoints
[INFO] [1790553153.472981465] [pose_estimator]: RANSAC: 163 inliers / 209, 5 iterations
[INFO] [1790553153.473120881] [pose_estimator]: RPE: trans 0.0880 | rot 0.00000 (0.000 deg)
Matched 234 keypoints
[INFO] [1790553153.579099257] [pose_estimator]: RANSAC: 191 inliers / 234, 5 iterations
[INFO] [1790553153.580990465] [pose_estimator]: RPE: trans 0.0470 | rot 0.00000 (0.000 deg)
Matched 189 keypoints
[INFO] [1790553153.700622757] [pose_estimator]: RANSAC: 148 inliers / 189, 5 iterations
[INFO] [1790553153.716151298] [pose_estimator]: RPE: trans 0.0203 | rot 0.00000 (0.000 deg)
Matched 204 keypoints
[INFO] [1790553153.868768507] [pose_estimator]: RANSAC: 152 inliers / 204, 7 iterations
[INFO] [1790553153.868962298] [pose_estimator]: RPE: trans 0.1962 | rot 0.00000 (0.000 deg)
Matched 220 keypoints
[INFO] [1790553153.979372090] [pose_estimator]: RANSAC: 184 inliers / 220, 4 iterations
[INFO] [1790553153.979531673] [pose_estimator]: RPE: trans 0.0104 | rot 0.00000 (0.000 deg)
Matched 206 keypoints
[INFO] [1790553154.085890340] [pose_estimator]: RANSAC: 160 inliers / 206, 5 iterations
[INFO] [1790553154.088795340] [pose_estimator]: RPE: trans 0.0069 | rot 0.00000 (0.000 deg)
Matched 204 keypoints
[INFO] [1790553154.212282965] [pose_estimator]: RANSAC: 166 inliers / 204, 5 iterations
[INFO] [1790553154.214857715] [pose_estimator]: RPE: trans 0.0743 | rot 0.00000 (0.000 deg)
Matched 214 keypoints
[INFO] [1790553154.319973299] [pose_estimator]: RANSAC: 172 inliers / 214, 5 iterations
[INFO] [1790553154.320157757] [pose_estimator]: RPE: trans 0.0235 | rot 0.00000 (0.000 deg)
Matched 218 keypoints
[INFO] [1790553154.425010715] [pose_estimator]: RANSAC: 181 inliers / 218, 4 iterations
[INFO] [1790553154.425163090] [pose_estimator]: RPE: trans 0.0015 | rot 0.00000 (0.000 deg)
Matched 228 keypoints
[INFO] [1790553154.559793965] [pose_estimator]: RANSAC: 191 inliers / 228, 4 iterations
[INFO] [1790553154.588770424] [pose_estimator]: RPE: trans 0.1028 | rot 0.00000 (0.000 deg)
Matched 200 keypoints
[INFO] [1790553154.728591882] [pose_estimator]: RANSAC: 155 inliers / 200, 6 iterations
[INFO] [1790553154.730838882] [pose_estimator]: RPE: trans 0.0144 | rot 0.00000 (0.000 deg)
Matched 198 keypoints
[INFO] [1790553154.837567382] [pose_estimator]: RANSAC: 166 inliers / 198, 4 iterations
[INFO] [1790553154.837769090] [pose_estimator]: RPE: trans 0.0453 | rot 0.00000 (0.000 deg)
Matched 203 keypoints
[INFO] [1790553154.943505757] [pose_estimator]: RANSAC: 175 inliers / 203, 4 iterations
[INFO] [1790553154.946495466] [pose_estimator]: RPE: trans 0.0229 | rot 0.00000 (0.000 deg)
Matched 212 keypoints
[INFO] [1790553155.060142841] [pose_estimator]: RANSAC: 167 inliers / 212, 5 iterations
[INFO] [1790553155.060296757] [pose_estimator]: RPE: trans 0.0318 | rot 0.00000 (0.000 deg)
Matched 182 keypoints
[INFO] [1790553155.162571591] [pose_estimator]: RANSAC: 158 inliers / 182, 4 iterations
[INFO] [1790553155.162738841] [pose_estimator]: RPE: trans 0.0085 | rot 0.00000 (0.000 deg)
Matched 192 keypoints
[INFO] [1790553155.266878924] [pose_estimator]: RANSAC: 149 inliers / 192, 6 iterations
[INFO] [1790553155.267038466] [pose_estimator]: RPE: trans 0.0168 | rot 0.00000 (0.000 deg)
Matched 179 keypoints
[INFO] [1790553155.370334174] [pose_estimator]: RANSAC: 158 inliers / 179, 4 iterations
[INFO] [1790553155.370503341] [pose_estimator]: RPE: trans 0.0051 | rot 0.00000 (0.000 deg)
Matched 204 keypoints
[INFO] [1790553155.476559924] [pose_estimator]: RANSAC: 164 inliers / 204, 5 iterations
[INFO] [1790553155.477678924] [pose_estimator]: RPE: trans 0.1161 | rot 0.00000 (0.000 deg)
Matched 207 keypoints
[INFO] [1790553155.585276716] [pose_estimator]: RANSAC: 168 inliers / 207, 5 iterations
[INFO] [1790553155.591662758] [pose_estimator]: RPE: trans 0.1113 | rot 0.00000 (0.000 deg)
Matched 216 keypoints
[INFO] [1790553155.707961216] [pose_estimator]: RANSAC: 161 inliers / 216, 6 iterations
[INFO] [1790553155.708120549] [pose_estimator]: RPE: trans 0.0269 | rot 0.00000 (0.000 deg)
Matched 207 keypoints
[INFO] [1790553155.817866174] [pose_estimator]: RANSAC: 167 inliers / 207, 6 iterations
[INFO] [1790553155.818038508] [pose_estimator]: RPE: trans 0.0962 | rot 0.00000 (0.000 deg)
Matched 210 keypoints
[INFO] [1790553155.927918383] [pose_estimator]: RANSAC: 173 inliers / 210, 5 iterations
[INFO] [1790553155.955519299] [pose_estimator]: RPE: trans 0.0213 | rot 0.00000 (0.000 deg)
Matched 205 keypoints
[INFO] [1790553156.082629299] [pose_estimator]: RANSAC: 175 inliers / 205, 4 iterations
[INFO] [1790553156.085791174] [pose_estimator]: RPE: trans 0.0809 | rot 0.00000 (0.000 deg)
Matched 205 keypoints
[INFO] [1790553156.191401466] [pose_estimator]: RANSAC: 172 inliers / 205, 4 iterations
[INFO] [1790553156.191546174] [pose_estimator]: RPE: trans 0.1166 | rot 0.00000 (0.000 deg)
Matched 170 keypoints
[INFO] [1790553156.301921091] [pose_estimator]: RANSAC: 139 inliers / 170, 5 iterations
[INFO] [1790553156.304664883] [pose_estimator]: RPE: trans 0.0350 | rot 0.00000 (0.000 deg)
Matched 147 keypoints
[INFO] [1790553156.435108675] [pose_estimator]: RANSAC: 115 inliers / 147, 5 iterations
[INFO] [1790553156.439403258] [pose_estimator]: RPE: trans 0.0581 | rot 0.00000 (0.000 deg)
Matched 181 keypoints
[INFO] [1790553156.544469841] [pose_estimator]: RANSAC: 147 inliers / 181, 5 iterations
[INFO] [1790553156.544644675] [pose_estimator]: RPE: trans 0.1097 | rot 0.00000 (0.000 deg)
Matched 172 keypoints
[INFO] [1790553156.648426675] [pose_estimator]: RANSAC: 141 inliers / 172, 5 iterations
[INFO] [1790553156.648550425] [pose_estimator]: RPE: trans 0.0723 | rot 0.00000 (0.000 deg)
Matched 188 keypoints
[INFO] [1790553156.755009050] [pose_estimator]: RANSAC: 153 inliers / 188, 5 iterations
[INFO] [1790553156.760882966] [pose_estimator]: RPE: trans 0.1550 | rot 0.00000 (0.000 deg)
Matched 176 keypoints
[INFO] [1790553156.876361383] [pose_estimator]: RANSAC: 136 inliers / 176, 6 iterations
[INFO] [1790553156.879037008] [pose_estimator]: RPE: trans 0.0382 | rot 0.00000 (0.000 deg)
Matched 189 keypoints
[INFO] [1790553156.987610258] [pose_estimator]: RANSAC: 147 inliers / 189, 5 iterations
[INFO] [1790553157.013010800] [pose_estimator]: RPE: trans 0.0595 | rot 0.00000 (0.000 deg)
Matched 158 keypoints
[INFO] [1790553157.146377050] [pose_estimator]: RANSAC: 113 inliers / 158, 7 iterations
[INFO] [1790553157.146535342] [pose_estimator]: RPE: trans 0.0070 | rot 0.00000 (0.000 deg)
Matched 181 keypoints
[INFO] [1790553157.249957300] [pose_estimator]: RANSAC: 136 inliers / 181, 6 iterations
[INFO] [1790553157.256125717] [pose_estimator]: RPE: trans 0.0563 | rot 0.00000 (0.000 deg)
Matched 169 keypoints
[INFO] [1790553157.363484008] [pose_estimator]: RANSAC: 139 inliers / 169, 6 iterations
[INFO] [1790553157.366564467] [pose_estimator]: RPE: trans 0.0037 | rot 0.00000 (0.000 deg)
Matched 180 keypoints
[INFO] [1790553157.485354133] [pose_estimator]: RANSAC: 135 inliers / 180, 6 iterations
[INFO] [1790553157.485519300] [pose_estimator]: RPE: trans 0.0847 | rot 0.00000 (0.000 deg)
Matched 196 keypoints
[INFO] [1790553157.591389842] [pose_estimator]: RANSAC: 151 inliers / 196, 6 iterations
[INFO] [1790553157.591533592] [pose_estimator]: RPE: trans 0.1011 | rot 0.00000 (0.000 deg)
Matched 224 keypoints
[INFO] [1790553157.696986467] [pose_estimator]: RANSAC: 173 inliers / 224, 6 iterations
[INFO] [1790553157.700623175] [pose_estimator]: RPE: trans 0.0217 | rot 0.00000 (0.000 deg)
Matched 209 keypoints
[INFO] [1790553157.812141925] [pose_estimator]: RANSAC: 164 inliers / 209, 5 iterations
[INFO] [1790553157.814270842] [pose_estimator]: RPE: trans 0.1471 | rot 0.00000 (0.000 deg)
Matched 215 keypoints
[INFO] [1790553157.930010967] [pose_estimator]: RANSAC: 171 inliers / 215, 5 iterations
[INFO] [1790553157.930186717] [pose_estimator]: RPE: trans 0.1295 | rot 0.00000 (0.000 deg)
Matched 216 keypoints
[INFO] [1790553158.035658759] [pose_estimator]: RANSAC: 159 inliers / 216, 6 iterations
[INFO] [1790553158.035814175] [pose_estimator]: RPE: trans 0.0433 | rot 0.00000 (0.000 deg)
Matched 243 keypoints
[INFO] [1790553158.152168550] [pose_estimator]: RANSAC: 191 inliers / 243, 6 iterations
[INFO] [1790553158.174484592] [pose_estimator]: RPE: trans 0.0350 | rot 0.00000 (0.000 deg)
Matched 177 keypoints
[INFO] [1790553158.297665425] [pose_estimator]: RANSAC: 122 inliers / 177, 8 iterations
[INFO] [1790553158.301867467] [pose_estimator]: RPE: trans 0.0401 | rot 0.00000 (0.000 deg)
Matched 150 keypoints
[INFO] [1790553158.484546176] [pose_estimator]: RANSAC: 104 inliers / 150, 8 iterations
[INFO] [1790553158.484690134] [pose_estimator]: RPE: trans 0.0583 | rot 0.00000 (0.000 deg)
Matched 127 keypoints
[INFO] [1790553158.607481134] [pose_estimator]: RANSAC: 103 inliers / 127, 5 iterations
[INFO] [1790553158.610327509] [pose_estimator]: RPE: trans 0.0820 | rot 0.00000 (0.000 deg)
Matched 158 keypoints
[INFO] [1790553158.928995426] [pose_estimator]: RANSAC: 130 inliers / 158, 5 iterations
[INFO] [1790553158.957132926] [pose_estimator]: RPE: trans 0.0700 | rot 0.00000 (0.000 deg)
Matched 169 keypoints
[INFO] [1790553160.599344968] [pose_estimator]: RANSAC: 140 inliers / 169, 5 iterations
[INFO] [1790553160.600888302] [pose_estimator]: RPE: trans 0.0050 | rot 0.00000 (0.000 deg)
Matched 117 keypoints
[INFO] [1790553160.817079552] [pose_estimator]: RANSAC: 60 inliers / 117, 16 iterations
[INFO] [1790553160.833531177] [pose_estimator]: RPE: trans 0.0204 | rot 0.00000 (0.000 deg)
Matched 133 keypoints
[INFO] [1790553160.950187760] [pose_estimator]: RANSAC: 110 inliers / 133, 4 iterations
[INFO] [1790553160.953835385] [pose_estimator]: RPE: trans 0.0101 | rot 0.00000 (0.000 deg)
Matched 160 keypoints
[INFO] [1790553161.064052260] [pose_estimator]: RANSAC: 124 inliers / 160, 6 iterations
[INFO] [1790553161.070687968] [pose_estimator]: RPE: trans 0.1318 | rot 0.00000 (0.000 deg)
Matched 156 keypoints
[INFO] [1790553161.175140010] [pose_estimator]: RANSAC: 122 inliers / 156, 5 iterations
[INFO] [1790553161.176500635] [pose_estimator]: RPE: trans 0.0225 | rot 0.00000 (0.000 deg)
Matched 144 keypoints
[INFO] [1790553161.287480802] [pose_estimator]: RANSAC: 119 inliers / 144, 5 iterations
[INFO] [1790553161.290081385] [pose_estimator]: RPE: trans 0.1282 | rot 0.00000 (0.000 deg)
Matched 176 keypoints
[INFO] [1790553161.405757635] [pose_estimator]: RANSAC: 137 inliers / 176, 5 iterations
[INFO] [1790553161.408762094] [pose_estimator]: RPE: trans 0.0151 | rot 0.00000 (0.000 deg)
Matched 155 keypoints
[INFO] [1790553161.519389635] [pose_estimator]: RANSAC: 98 inliers / 155, 10 iterations
[INFO] [1790553161.526969135] [pose_estimator]: RPE: trans 0.4691 | rot 0.00000 (0.000 deg)
Matched 169 keypoints
[INFO] [1790553161.649636969] [pose_estimator]: RANSAC: 145 inliers / 169, 4 iterations
[INFO] [1790553161.652422094] [pose_estimator]: RPE: trans 0.3271 | rot 0.00000 (0.000 deg)
Matched 161 keypoints
[INFO] [1790553161.758602635] [pose_estimator]: RANSAC: 132 inliers / 161, 5 iterations
[INFO] [1790553161.760791844] [pose_estimator]: RPE: trans 0.1056 | rot 0.00000 (0.000 deg)
Matched 175 keypoints
[INFO] [1790553161.872279385] [pose_estimator]: RANSAC: 141 inliers / 175, 5 iterations
[INFO] [1790553161.873599427] [pose_estimator]: RPE: trans 0.0246 | rot 0.00000 (0.000 deg)
Matched 176 keypoints
[INFO] [1790553161.985992344] [pose_estimator]: RANSAC: 148 inliers / 176, 4 iterations
[INFO] [1790553161.988298927] [pose_estimator]: RPE: trans 0.4395 | rot 0.00000 (0.000 deg)
Matched 175 keypoints
[INFO] [1790553162.093604802] [pose_estimator]: RANSAC: 143 inliers / 175, 5 iterations
[INFO] [1790553162.095610719] [pose_estimator]: RPE: trans 0.2368 | rot 0.00000 (0.000 deg)
Matched 148 keypoints
[INFO] [1790553162.200031261] [pose_estimator]: RANSAC: 124 inliers / 148, 4 iterations
[INFO] [1790553162.200460469] [pose_estimator]: RPE: trans 0.2917 | rot 0.00000 (0.000 deg)
Matched 156 keypoints
[INFO] [1790553162.305713552] [pose_estimator]: RANSAC: 130 inliers / 156, 4 iterations
[INFO] [1790553162.305859094] [pose_estimator]: RPE: trans 0.0608 | rot 0.00000 (0.000 deg)
Matched 166 keypoints
[INFO] [1790553162.411338886] [pose_estimator]: RANSAC: 136 inliers / 166, 5 iterations
[INFO] [1790553162.411527386] [pose_estimator]: RPE: trans 0.0966 | rot 0.00000 (0.000 deg)
Matched 192 keypoints
[INFO] [1790553162.528744636] [pose_estimator]: RANSAC: 159 inliers / 192, 4 iterations
[INFO] [1790553162.540316427] [pose_estimator]: RPE: trans 0.0141 | rot 0.00000 (0.000 deg)
Matched 181 keypoints
[INFO] [1790553162.679515969] [pose_estimator]: RANSAC: 157 inliers / 181, 4 iterations
[INFO] [1790553162.681753053] [pose_estimator]: RPE: trans 0.0234 | rot 0.00000 (0.000 deg)
Matched 205 keypoints
[INFO] [1790553162.794795094] [pose_estimator]: RANSAC: 173 inliers / 205, 4 iterations
[INFO] [1790553162.794971094] [pose_estimator]: RPE: trans 0.1904 | rot 0.00000 (0.000 deg)
Matched 205 keypoints
[INFO] [1790553162.907052803] [pose_estimator]: RANSAC: 190 inliers / 205, 3 iterations
[INFO] [1790553162.907299594] [pose_estimator]: RPE: trans 0.2283 | rot 0.00000 (0.000 deg)
Matched 193 keypoints
[INFO] [1790553163.023983803] [pose_estimator]: RANSAC: 156 inliers / 193, 5 iterations
[INFO] [1790553163.027904136] [pose_estimator]: RPE: trans 0.5879 | rot 0.00000 (0.000 deg)
Matched 198 keypoints
[INFO] [1790553163.144608053] [pose_estimator]: RANSAC: 176 inliers / 198, 3 iterations
[INFO] [1790553163.145123386] [pose_estimator]: RPE: trans 0.0628 | rot 0.00000 (0.000 deg)
Matched 213 keypoints
[INFO] [1790553163.264795344] [pose_estimator]: RANSAC: 179 inliers / 213, 4 iterations
[INFO] [1790553163.265086469] [pose_estimator]: RPE: trans 0.2088 | rot 0.00000 (0.000 deg)
Matched 212 keypoints
[INFO] [1790553163.377261303] [pose_estimator]: RANSAC: 176 inliers / 212, 4 iterations
[INFO] [1790553163.377457970] [pose_estimator]: RPE: trans 0.1811 | rot 0.00000 (0.000 deg)
Matched 199 keypoints
[INFO] [1790553163.490226095] [pose_estimator]: RANSAC: 153 inliers / 199, 6 iterations
[INFO] [1790553163.490810678] [pose_estimator]: RPE: trans 0.3581 | rot 0.00000 (0.000 deg)
Matched 216 keypoints
[INFO] [1790553163.601504803] [pose_estimator]: RANSAC: 170 inliers / 216, 5 iterations
[INFO] [1790553163.607504428] [pose_estimator]: RPE: trans 0.5189 | rot 0.00000 (0.000 deg)
Matched 180 keypoints
[INFO] [1790553163.721101928] [pose_estimator]: RANSAC: 149 inliers / 180, 4 iterations
[INFO] [1790553163.721275470] [pose_estimator]: RPE: trans 0.0486 | rot 0.00000 (0.000 deg)
Matched 192 keypoints
[INFO] [1790553163.829287303] [pose_estimator]: RANSAC: 160 inliers / 192, 4 iterations
[INFO] [1790553163.829469886] [pose_estimator]: RPE: trans 0.1388 | rot 0.00000 (0.000 deg)
Matched 212 keypoints
[INFO] [1790553163.951878428] [pose_estimator]: RANSAC: 168 inliers / 212, 5 iterations
[INFO] [1790553163.955696720] [pose_estimator]: RPE: trans 0.0260 | rot 0.00000 (0.000 deg)
Matched 197 keypoints
[INFO] [1790553164.093940928] [pose_estimator]: RANSAC: 161 inliers / 197, 5 iterations
[INFO] [1790553164.094187595] [pose_estimator]: RPE: trans 0.0723 | rot 0.00000 (0.000 deg)
Matched 197 keypoints
[INFO] [1790553164.218750012] [pose_estimator]: RANSAC: 156 inliers / 197, 5 iterations
[INFO] [1790553164.219184053] [pose_estimator]: RPE: trans 0.0433 | rot 0.00000 (0.000 deg)
Matched 194 keypoints
[INFO] [1790553164.337209303] [pose_estimator]: RANSAC: 154 inliers / 194, 5 iterations
[INFO] [1790553164.337565845] [pose_estimator]: RPE: trans 0.0942 | rot 0.00000 (0.000 deg)
Matched 204 keypoints
[INFO] [1790553164.449695262] [pose_estimator]: RANSAC: 157 inliers / 204, 6 iterations
[INFO] [1790553164.450371137] [pose_estimator]: RPE: trans 0.1434 | rot 0.00000 (0.000 deg)
Matched 200 keypoints
[INFO] [1790553164.563254345] [pose_estimator]: RANSAC: 139 inliers / 200, 7 iterations
[INFO] [1790553164.563426303] [pose_estimator]: RPE: trans 0.2294 | rot 0.00000 (0.000 deg)
Matched 174 keypoints
[INFO] [1790553164.669187762] [pose_estimator]: RANSAC: 140 inliers / 174, 5 iterations
[INFO] [1790553164.669342428] [pose_estimator]: RPE: trans 0.0373 | rot 0.00000 (0.000 deg)
Matched 201 keypoints
[INFO] [1790553164.787479220] [pose_estimator]: RANSAC: 153 inliers / 201, 6 iterations
[INFO] [1790553164.793225970] [pose_estimator]: RPE: trans 0.0939 | rot 0.00000 (0.000 deg)
Matched 248 keypoints
[INFO] [1790553164.903924304] [pose_estimator]: RANSAC: 176 inliers / 248, 7 iterations
[INFO] [1790553164.904450887] [pose_estimator]: RPE: trans 0.3607 | rot 0.00000 (0.000 deg)
Matched 211 keypoints
[INFO] [1790553165.018770679] [pose_estimator]: RANSAC: 162 inliers / 211, 6 iterations
[INFO] [1790553165.018935470] [pose_estimator]: RPE: trans 0.1058 | rot 0.00000 (0.000 deg)
Matched 255 keypoints
[INFO] [1790553165.134120304] [pose_estimator]: RANSAC: 198 inliers / 255, 5 iterations
[INFO] [1790553165.134261970] [pose_estimator]: RPE: trans 0.2917 | rot 0.00000 (0.000 deg)
Matched 249 keypoints
[INFO] [1790553165.252023387] [pose_estimator]: RANSAC: 192 inliers / 249, 6 iterations
[INFO] [1790553165.253961679] [pose_estimator]: RPE: trans 0.1640 | rot 0.00000 (0.000 deg)
Matched 265 keypoints
[INFO] [1790553165.384764012] [pose_estimator]: RANSAC: 196 inliers / 265, 6 iterations
[INFO] [1790553165.385188096] [pose_estimator]: RPE: trans 0.2317 | rot 0.00000 (0.000 deg)
Matched 284 keypoints
[INFO] [1790553165.501476054] [pose_estimator]: RANSAC: 212 inliers / 284, 6 iterations
[INFO] [1790553165.501639179] [pose_estimator]: RPE: trans 0.0908 | rot 0.00000 (0.000 deg)
Matched 241 keypoints
[INFO] [1790553165.618720596] [pose_estimator]: RANSAC: 187 inliers / 241, 6 iterations
[INFO] [1790553165.618887762] [pose_estimator]: RPE: trans 0.0628 | rot 0.00000 (0.000 deg)
Matched 280 keypoints
[INFO] [1790553165.741141721] [pose_estimator]: RANSAC: 198 inliers / 280, 7 iterations
[INFO] [1790553165.743908637] [pose_estimator]: RPE: trans 0.0510 | rot 0.00000 (0.000 deg)
Matched 260 keypoints
[INFO] [1790553165.858737387] [pose_estimator]: RANSAC: 178 inliers / 260, 8 iterations
[INFO] [1790553165.861551721] [pose_estimator]: RPE: trans 0.3184 | rot 0.00000 (0.000 deg)
Matched 263 keypoints
[INFO] [1790553165.979402471] [pose_estimator]: RANSAC: 196 inliers / 263, 6 iterations
[INFO] [1790553165.979537429] [pose_estimator]: RPE: trans 0.1911 | rot 0.00000 (0.000 deg)
Matched 260 keypoints
[INFO] [1790553166.110597596] [pose_estimator]: RANSAC: 175 inliers / 260, 8 iterations
[INFO] [1790553166.111520054] [pose_estimator]: RPE: trans 0.1657 | rot 0.00000 (0.000 deg)
Matched 277 keypoints
[INFO] [1790553166.254394638] [pose_estimator]: RANSAC: 210 inliers / 277, 6 iterations
[INFO] [1790553166.398877138] [pose_estimator]: RPE: trans 0.1904 | rot 0.00000 (0.000 deg)
Matched 304 keypoints
[INFO] [1790553166.515175346] [pose_estimator]: RANSAC: 231 inliers / 304, 6 iterations
[INFO] [1790553166.682624763] [pose_estimator]: RPE: trans 0.0164 | rot 0.00000 (0.000 deg)
Matched 316 keypoints
[INFO] [1790553166.819802513] [pose_estimator]: RANSAC: 236 inliers / 316, 6 iterations
[INFO] [1790553166.835267888] [pose_estimator]: RPE: trans 0.2802 | rot 0.00000 (0.000 deg)
Matched 375 keypoints
[INFO] [1790553166.952587180] [pose_estimator]: RANSAC: 276 inliers / 375, 6 iterations
[INFO] [1790553166.952846721] [pose_estimator]: RPE: trans 0.2618 | rot 0.00000 (0.000 deg)
Matched 417 keypoints
[INFO] [1790553167.077127430] [pose_estimator]: RANSAC: 305 inliers / 417, 7 iterations
[INFO] [1790553167.077321221] [pose_estimator]: RPE: trans 0.0826 | rot 0.00000 (0.000 deg)
Matched 436 keypoints
[INFO] [1790553167.199192555] [pose_estimator]: RANSAC: 318 inliers / 436, 7 iterations
[INFO] [1790553167.199885263] [pose_estimator]: RPE: trans 0.5631 | rot 0.00000 (0.000 deg)
Matched 414 keypoints
[INFO] [1790553167.322064096] [pose_estimator]: RANSAC: 304 inliers / 414, 6 iterations
[INFO] [1790553167.322220763] [pose_estimator]: RPE: trans 0.5274 | rot 0.00000 (0.000 deg)
Matched 427 keypoints
[INFO] [1790553167.444629430] [pose_estimator]: RANSAC: 313 inliers / 427, 6 iterations
[INFO] [1790553167.444944180] [pose_estimator]: RPE: trans 0.3309 | rot 0.00000 (0.000 deg)
Matched 420 keypoints
[INFO] [1790553167.568107722] [pose_estimator]: RANSAC: 306 inliers / 420, 7 iterations
[INFO] [1790553167.568274347] [pose_estimator]: RPE: trans 0.3884 | rot 0.00000 (0.000 deg)
Matched 401 keypoints
[INFO] [1790553167.691877805] [pose_estimator]: RANSAC: 293 inliers / 401, 7 iterations
[INFO] [1790553167.692060805] [pose_estimator]: RPE: trans 0.0307 | rot 0.00000 (0.000 deg)
Matched 371 keypoints
[INFO] [1790553167.809545722] [pose_estimator]: RANSAC: 272 inliers / 371, 7 iterations
[INFO] [1790553167.811055805] [pose_estimator]: RPE: trans 0.2742 | rot 0.00000 (0.000 deg)
Matched 364 keypoints
[INFO] [1790553167.939110138] [pose_estimator]: RANSAC: 262 inliers / 364, 7 iterations
[INFO] [1790553167.939265722] [pose_estimator]: RPE: trans 0.9780 | rot 0.00000 (0.000 deg)
Matched 380 keypoints
[INFO] [1790553168.058712013] [pose_estimator]: RANSAC: 282 inliers / 380, 6 iterations
[INFO] [1790553168.058850013] [pose_estimator]: RPE: trans 0.4060 | rot 0.00000 (0.000 deg)
Matched 420 keypoints
[INFO] [1790553168.177147722] [pose_estimator]: RANSAC: 334 inliers / 420, 5 iterations
[INFO] [1790553168.177300222] [pose_estimator]: RPE: trans 0.1998 | rot 0.00000 (0.000 deg)
Matched 405 keypoints
[INFO] [1790553168.293233430] [pose_estimator]: RANSAC: 294 inliers / 405, 7 iterations
[INFO] [1790553168.295361347] [pose_estimator]: RPE: trans 0.1155 | rot 0.00000 (0.000 deg)
Matched 419 keypoints
[INFO] [1790553168.417066264] [pose_estimator]: RANSAC: 291 inliers / 419, 7 iterations
[INFO] [1790553168.417214930] [pose_estimator]: RPE: trans 0.2242 | rot 0.00000 (0.000 deg)
Matched 404 keypoints
[INFO] [1790553168.538014722] [pose_estimator]: RANSAC: 302 inliers / 404, 6 iterations
[INFO] [1790553168.538176847] [pose_estimator]: RPE: trans 0.5557 | rot 0.00000 (0.000 deg)
Matched 427 keypoints
[INFO] [1790553168.660833430] [pose_estimator]: RANSAC: 310 inliers / 427, 7 iterations
[INFO] [1790553168.661074597] [pose_estimator]: RPE: trans 0.0665 | rot 0.00000 (0.000 deg)
Matched 443 keypoints
[INFO] [1790553168.787288472] [pose_estimator]: RANSAC: 299 inliers / 443, 8 iterations
[INFO] [1790553168.787828930] [pose_estimator]: RPE: trans 1.3388 | rot 0.00000 (0.000 deg)
Matched 435 keypoints
[INFO] [1790553168.908805958] [pose_estimator]: RANSAC: 352 inliers / 435, 5 iterations
[INFO] [1790553168.908978541] [pose_estimator]: RPE: trans 0.1156 | rot 0.00000 (0.000 deg)
Matched 418 keypoints
[INFO] [1790553169.032912291] [pose_estimator]: RANSAC: 311 inliers / 418, 6 iterations
[INFO] [1790553169.033077833] [pose_estimator]: RPE: trans 0.0659 | rot 0.00000 (0.000 deg)
Matched 424 keypoints
[INFO] [1790553169.164838083] [pose_estimator]: RANSAC: 267 inliers / 424, 10 iterations
[INFO] [1790553169.166521000] [pose_estimator]: RPE: trans 0.8777 | rot 0.00000 (0.000 deg)
Matched 403 keypoints
[INFO] [1790553169.291873708] [pose_estimator]: RANSAC: 292 inliers / 403, 7 iterations
[INFO] [1790553169.292053208] [pose_estimator]: RPE: trans 0.0688 | rot 0.00000 (0.000 deg)
Matched 410 keypoints
[INFO] [1790553169.409990833] [pose_estimator]: RANSAC: 273 inliers / 410, 8 iterations
[INFO] [1790553169.410143500] [pose_estimator]: RPE: trans 0.0962 | rot 0.00000 (0.000 deg)
Matched 398 keypoints
[INFO] [1790553169.532931292] [pose_estimator]: RANSAC: 289 inliers / 398, 7 iterations
[INFO] [1790553169.534635417] [pose_estimator]: RPE: trans 0.1232 | rot 0.00000 (0.000 deg)
Matched 386 keypoints
[INFO] [1790553169.669036708] [pose_estimator]: RANSAC: 293 inliers / 386, 6 iterations
[INFO] [1790553169.669192458] [pose_estimator]: RPE: trans 0.0545 | rot 0.00000 (0.000 deg)
Matched 400 keypoints
[INFO] [1790553169.792494417] [pose_estimator]: RANSAC: 309 inliers / 400, 6 iterations
[INFO] [1790553169.792634958] [pose_estimator]: RPE: trans 0.2001 | rot 0.00000 (0.000 deg)
Matched 393 keypoints
[INFO] [1790553169.912701708] [pose_estimator]: RANSAC: 312 inliers / 393, 5 iterations
[INFO] [1790553169.912851708] [pose_estimator]: RPE: trans 0.1170 | rot 0.00000 (0.000 deg)
Matched 383 keypoints
[INFO] [1790553170.036451417] [pose_estimator]: RANSAC: 309 inliers / 383, 5 iterations
[INFO] [1790553170.038634583] [pose_estimator]: RPE: trans 0.1035 | rot 0.00000 (0.000 deg)
Matched 390 keypoints
[INFO] [1790553170.181433917] [pose_estimator]: RANSAC: 322 inliers / 390, 5 iterations
[INFO] [1790553170.184147417] [pose_estimator]: RPE: trans 0.0524 | rot 0.00000 (0.000 deg)
Matched 410 keypoints
[INFO] [1790553170.303490792] [pose_estimator]: RANSAC: 327 inliers / 410, 5 iterations
[INFO] [1790553170.303642084] [pose_estimator]: RPE: trans 0.1577 | rot 0.00000 (0.000 deg)
Matched 396 keypoints
[INFO] [1790553170.420005167] [pose_estimator]: RANSAC: 312 inliers / 396, 5 iterations
[INFO] [1790553170.421465500] [pose_estimator]: RPE: trans 0.0201 | rot 0.00000 (0.000 deg)
Matched 376 keypoints
[INFO] [1790553170.553231459] [pose_estimator]: RANSAC: 301 inliers / 376, 5 iterations
[INFO] [1790553170.553387959] [pose_estimator]: RPE: trans 0.1080 | rot 0.00000 (0.000 deg)
Matched 387 keypoints
[INFO] [1790553170.673483334] [pose_estimator]: RANSAC: 316 inliers / 387, 5 iterations
[INFO] [1790553170.673636000] [pose_estimator]: RPE: trans 0.1418 | rot 0.00000 (0.000 deg)
Matched 374 keypoints
[INFO] [1790553170.795941500] [pose_estimator]: RANSAC: 297 inliers / 374, 5 iterations
[INFO] [1790553170.796080667] [pose_estimator]: RPE: trans 0.1905 | rot 0.00000 (0.000 deg)
Matched 373 keypoints
[INFO] [1790553170.933984667] [pose_estimator]: RANSAC: 303 inliers / 373, 5 iterations
[INFO] [1790553170.960971042] [pose_estimator]: RPE: trans 0.0865 | rot 0.00000 (0.000 deg)
Matched 402 keypoints
[INFO] [1790553171.103580626] [pose_estimator]: RANSAC: 330 inliers / 402, 5 iterations
[INFO] [1790553171.120004209] [pose_estimator]: RPE: trans 0.1876 | rot 0.00000 (0.000 deg)
Matched 368 keypoints
[INFO] [1790553171.249711251] [pose_estimator]: RANSAC: 314 inliers / 368, 4 iterations
[INFO] [1790553171.249873292] [pose_estimator]: RPE: trans 0.1090 | rot 0.00000 (0.000 deg)
Matched 394 keypoints
[INFO] [1790553171.371626667] [pose_estimator]: RANSAC: 344 inliers / 394, 4 iterations
[INFO] [1790553171.374435459] [pose_estimator]: RPE: trans 0.0702 | rot 0.00000 (0.000 deg)
Matched 404 keypoints
[INFO] [1790553171.509509501] [pose_estimator]: RANSAC: 344 inliers / 404, 4 iterations
[INFO] [1790553171.509639126] [pose_estimator]: RPE: trans 0.2423 | rot 0.00000 (0.000 deg)
Matched 364 keypoints
[INFO] [1790553171.624493043] [pose_estimator]: RANSAC: 311 inliers / 364, 4 iterations
[INFO] [1790553171.624636334] [pose_estimator]: RPE: trans 0.0439 | rot 0.00000 (0.000 deg)
Matched 353 keypoints
[INFO] [1790553171.739443334] [pose_estimator]: RANSAC: 311 inliers / 353, 4 iterations
[INFO] [1790553171.743615043] [pose_estimator]: RPE: trans 0.2048 | rot 0.00000 (0.000 deg)
Matched 332 keypoints
[INFO] [1790553171.872450918] [pose_estimator]: RANSAC: 294 inliers / 332, 4 iterations
[INFO] [1790553171.876683001] [pose_estimator]: RPE: trans 0.0326 | rot 0.00000 (0.000 deg)
Matched 295 keypoints
[INFO] [1790553171.996691584] [pose_estimator]: RANSAC: 247 inliers / 295, 4 iterations
[INFO] [1790553171.996865334] [pose_estimator]: RPE: trans 0.0507 | rot 0.00000 (0.000 deg)
Matched 341 keypoints
[INFO] [1790553172.107462043] [pose_estimator]: RANSAC: 282 inliers / 341, 4 iterations
[INFO] [1790553172.107615334] [pose_estimator]: RPE: trans 0.0990 | rot 0.00000 (0.000 deg)
Matched 259 keypoints
[INFO] [1790553172.221646043] [pose_estimator]: RANSAC: 217 inliers / 259, 4 iterations
[INFO] [1790553172.224630001] [pose_estimator]: RPE: trans 0.1673 | rot 0.00000 (0.000 deg)
Matched 293 keypoints
[INFO] [1790553172.354012835] [pose_estimator]: RANSAC: 241 inliers / 293, 5 iterations
[INFO] [1790553172.355919043] [pose_estimator]: RPE: trans 0.0448 | rot 0.00000 (0.000 deg)
Matched 273 keypoints
[INFO] [1790553172.469783793] [pose_estimator]: RANSAC: 219 inliers / 273, 5 iterations
[INFO] [1790553172.469938751] [pose_estimator]: RPE: trans 0.1159 | rot 0.00000 (0.000 deg)
Matched 266 keypoints
[INFO] [1790553172.582935668] [pose_estimator]: RANSAC: 225 inliers / 266, 4 iterations
[INFO] [1790553172.586215251] [pose_estimator]: RPE: trans 0.0516 | rot 0.00000 (0.000 deg)
Matched 314 keypoints
[INFO] [1790553172.700870335] [pose_estimator]: RANSAC: 253 inliers / 314, 5 iterations
[INFO] [1790553172.701514585] [pose_estimator]: RPE: trans 0.7099 | rot 0.00000 (0.000 deg)
Matched 305 keypoints
[INFO] [1790553172.819600960] [pose_estimator]: RANSAC: 256 inliers / 305, 5 iterations
[INFO] [1790553172.819748126] [pose_estimator]: RPE: trans 0.0830 | rot 0.00000 (0.000 deg)
Matched 304 keypoints
[INFO] [1790553172.934587626] [pose_estimator]: RANSAC: 240 inliers / 304, 5 iterations
[INFO] [1790553172.934744710] [pose_estimator]: RPE: trans 0.0385 | rot 0.00000 (0.000 deg)
Matched 314 keypoints
[INFO] [1790553173.096507793] [pose_estimator]: RANSAC: 254 inliers / 314, 5 iterations
[INFO] [1790553173.101159085] [pose_estimator]: RPE: trans 0.1086 | rot 0.00000 (0.000 deg)
Matched 261 keypoints
[INFO] [1790553173.248212627] [pose_estimator]: RANSAC: 229 inliers / 261, 4 iterations
[INFO] [1790553173.248396543] [pose_estimator]: RPE: trans 0.0659 | rot 0.00000 (0.000 deg)
Matched 242 keypoints
[INFO] [1790553173.363887335] [pose_estimator]: RANSAC: 195 inliers / 242, 8 iterations
[INFO] [1790553173.364036418] [pose_estimator]: RPE: trans 0.2429 | rot 0.00000 (0.000 deg)
Matched 274 keypoints
[INFO] [1790553173.472762002] [pose_estimator]: RANSAC: 219 inliers / 274, 5 iterations
[INFO] [1790553173.473508585] [pose_estimator]: RPE: trans 0.2593 | rot 0.00000 (0.000 deg)
Matched 245 keypoints
[INFO] [1790553173.584432585] [pose_estimator]: RANSAC: 202 inliers / 245, 5 iterations
[INFO] [1790553173.587087752] [pose_estimator]: RPE: trans 0.1179 | rot 0.00000 (0.000 deg)
Matched 258 keypoints
[INFO] [1790553173.697061127] [pose_estimator]: RANSAC: 217 inliers / 258, 4 iterations
[INFO] [1790553173.697209418] [pose_estimator]: RPE: trans 0.0229 | rot 0.00000 (0.000 deg)
Matched 257 keypoints
[INFO] [1790553173.808120460] [pose_estimator]: RANSAC: 215 inliers / 257, 4 iterations
[INFO] [1790553173.808302377] [pose_estimator]: RPE: trans 0.1305 | rot 0.00000 (0.000 deg)
Matched 247 keypoints
[INFO] [1790553173.928039044] [pose_estimator]: RANSAC: 194 inliers / 247, 5 iterations
[INFO] [1790553173.937280460] [pose_estimator]: RPE: trans 0.0315 | rot 0.00000 (0.000 deg)
Matched 242 keypoints
[INFO] [1790553174.051464960] [pose_estimator]: RANSAC: 204 inliers / 242, 4 iterations
[INFO] [1790553174.053023085] [pose_estimator]: RPE: trans 0.1584 | rot 0.00000 (0.000 deg)
Matched 221 keypoints
[INFO] [1790553174.170171419] [pose_estimator]: RANSAC: 185 inliers / 221, 4 iterations
[INFO] [1790553174.170306335] [pose_estimator]: RPE: trans 0.0404 | rot 0.00000 (0.000 deg)
Matched 257 keypoints
[INFO] [1790553174.285529752] [pose_estimator]: RANSAC: 217 inliers / 257, 4 iterations
[INFO] [1790553174.285672752] [pose_estimator]: RPE: trans 0.3140 | rot 0.00000 (0.000 deg)
Matched 250 keypoints
[INFO] [1790553174.401730794] [pose_estimator]: RANSAC: 196 inliers / 250, 5 iterations
[INFO] [1790553174.402258669] [pose_estimator]: RPE: trans 0.2287 | rot 0.00000 (0.000 deg)
Matched 196 keypoints
[INFO] [1790553174.515300461] [pose_estimator]: RANSAC: 175 inliers / 196, 3 iterations
[INFO] [1790553174.515439502] [pose_estimator]: RPE: trans 0.0458 | rot 0.00000 (0.000 deg)
Matched 255 keypoints
[INFO] [1790553174.630340919] [pose_estimator]: RANSAC: 219 inliers / 255, 4 iterations
[INFO] [1790553174.630494419] [pose_estimator]: RPE: trans 0.2408 | rot 0.00000 (0.000 deg)
Matched 297 keypoints
[INFO] [1790553174.740230877] [pose_estimator]: RANSAC: 270 inliers / 297, 3 iterations
[INFO] [1790553174.740381086] [pose_estimator]: RPE: trans 0.3206 | rot 0.00000 (0.000 deg)
Matched 307 keypoints
[INFO] [1790553174.858019294] [pose_estimator]: RANSAC: 272 inliers / 307, 3 iterations
[INFO] [1790553174.869977336] [pose_estimator]: RPE: trans 0.0613 | rot 0.00000 (0.000 deg)
Matched 257 keypoints
[INFO] [1790553174.982174127] [pose_estimator]: RANSAC: 206 inliers / 257, 5 iterations
[INFO] [1790553174.982320752] [pose_estimator]: RPE: trans 0.2068 | rot 0.00000 (0.000 deg)
Matched 266 keypoints
[INFO] [1790553175.093962294] [pose_estimator]: RANSAC: 219 inliers / 266, 5 iterations
[INFO] [1790553175.094121419] [pose_estimator]: RPE: trans 0.0577 | rot 0.00000 (0.000 deg)
Matched 261 keypoints
[INFO] [1790553175.216792128] [pose_estimator]: RANSAC: 227 inliers / 261, 4 iterations
[INFO] [1790553175.218816253] [pose_estimator]: RPE: trans 0.0055 | rot 0.00000 (0.000 deg)
Matched 283 keypoints
[INFO] [1790553175.338821586] [pose_estimator]: RANSAC: 246 inliers / 283, 4 iterations
[INFO] [1790553175.354944544] [pose_estimator]: RPE: trans 0.1377 | rot 0.00000 (0.000 deg)
Matched 238 keypoints
[INFO] [1790553175.483883544] [pose_estimator]: RANSAC: 200 inliers / 238, 4 iterations
[INFO] [1790553175.484034544] [pose_estimator]: RPE: trans 0.0517 | rot 0.00000 (0.000 deg)
Matched 319 keypoints
[INFO] [1790553175.601531211] [pose_estimator]: RANSAC: 267 inliers / 319, 4 iterations
[INFO] [1790553175.601675794] [pose_estimator]: RPE: trans 0.0377 | rot 0.00000 (0.000 deg)
Matched 238 keypoints
[INFO] [1790553175.718118086] [pose_estimator]: RANSAC: 198 inliers / 238, 4 iterations
[INFO] [1790553175.720738128] [pose_estimator]: RPE: trans 0.0185 | rot 0.00000 (0.000 deg)
Matched 253 keypoints
[INFO] [1790553175.838345753] [pose_estimator]: RANSAC: 206 inliers / 253, 5 iterations
[INFO] [1790553175.839025211] [pose_estimator]: RPE: trans 0.1152 | rot 0.00000 (0.000 deg)
Matched 236 keypoints
[INFO] [1790553175.951841836] [pose_estimator]: RANSAC: 174 inliers / 236, 6 iterations
[INFO] [1790553175.952001461] [pose_estimator]: RPE: trans 0.2279 | rot 0.00000 (0.000 deg)
Matched 220 keypoints
[INFO] [1790553176.062925461] [pose_estimator]: RANSAC: 174 inliers / 220, 8 iterations
[INFO] [1790553176.069337461] [pose_estimator]: RPE: trans 0.2897 | rot 0.00000 (0.000 deg)
Matched 298 keypoints
[INFO] [1790553176.192709586] [pose_estimator]: RANSAC: 240 inliers / 298, 5 iterations
[INFO] [1790553176.218253795] [pose_estimator]: RPE: trans 0.0238 | rot 0.00000 (0.000 deg)
Matched 243 keypoints
[INFO] [1790553176.348555795] [pose_estimator]: RANSAC: 208 inliers / 243, 4 iterations
[INFO] [1790553176.351631628] [pose_estimator]: RPE: trans 0.2285 | rot 0.00000 (0.000 deg)
Matched 234 keypoints
[INFO] [1790553176.469576670] [pose_estimator]: RANSAC: 177 inliers / 234, 6 iterations
[INFO] [1790553176.471797920] [pose_estimator]: RPE: trans 0.1547 | rot 0.00000 (0.000 deg)
Matched 256 keypoints
[INFO] [1790553176.592172795] [pose_estimator]: RANSAC: 206 inliers / 256, 5 iterations
[INFO] [1790553176.593977795] [pose_estimator]: RPE: trans 0.0544 | rot 0.00000 (0.000 deg)
Matched 202 keypoints
[INFO] [1790553176.731900128] [pose_estimator]: RANSAC: 156 inliers / 202, 6 iterations
[INFO] [1790553176.751471128] [pose_estimator]: RPE: trans 0.0411 | rot 0.00000 (0.000 deg)
Matched 233 keypoints
[INFO] [1790553176.877427378] [pose_estimator]: RANSAC: 178 inliers / 233, 6 iterations
[INFO] [1790553176.877584878] [pose_estimator]: RPE: trans 0.0731 | rot 0.00000 (0.000 deg)
Matched 246 keypoints
[INFO] [1790553176.991548420] [pose_estimator]: RANSAC: 185 inliers / 246, 6 iterations
[INFO] [1790553176.992668128] [pose_estimator]: RPE: trans 0.1598 | rot 0.00000 (0.000 deg)
Matched 269 keypoints
[INFO] [1790553177.112907712] [pose_estimator]: RANSAC: 231 inliers / 269, 4 iterations
[INFO] [1790553177.114710712] [pose_estimator]: RPE: trans 0.4220 | rot 0.00000 (0.000 deg)
Matched 198 keypoints
[INFO] [1790553177.225072962] [pose_estimator]: RANSAC: 150 inliers / 198, 6 iterations
[INFO] [1790553177.225226629] [pose_estimator]: RPE: trans 0.0700 | rot 0.00000 (0.000 deg)
Matched 291 keypoints
[INFO] [1790553177.333016254] [pose_estimator]: RANSAC: 242 inliers / 291, 4 iterations
[INFO] [1790553177.333178254] [pose_estimator]: RPE: trans 0.3856 | rot 0.00000 (0.000 deg)
Matched 243 keypoints
[INFO] [1790553177.451001837] [pose_estimator]: RANSAC: 190 inliers / 243, 5 iterations
[INFO] [1790553177.456829545] [pose_estimator]: RPE: trans 0.2639 | rot 0.00000 (0.000 deg)
Matched 213 keypoints
[INFO] [1790553177.601403212] [pose_estimator]: RANSAC: 166 inliers / 213, 6 iterations
[INFO] [1790553177.604693254] [pose_estimator]: RPE: trans 0.0231 | rot 0.00000 (0.000 deg)
Matched 204 keypoints
[INFO] [1790553177.717603087] [pose_estimator]: RANSAC: 144 inliers / 204, 7 iterations
[INFO] [1790553177.717755920] [pose_estimator]: RPE: trans 0.0615 | rot 0.00000 (0.000 deg)
Matched 238 keypoints
[INFO] [1790553177.831332879] [pose_estimator]: RANSAC: 186 inliers / 238, 5 iterations
[INFO] [1790553177.832037754] [pose_estimator]: RPE: trans 0.0096 | rot 0.00000 (0.000 deg)
Matched 283 keypoints
[INFO] [1790553177.957627587] [pose_estimator]: RANSAC: 229 inliers / 283, 5 iterations
[INFO] [1790553177.958909421] [pose_estimator]: RPE: trans 0.0435 | rot 0.00000 (0.000 deg)
Matched 214 keypoints
[INFO] [1790553178.081202879] [pose_estimator]: RANSAC: 159 inliers / 214, 6 iterations
[INFO] [1790553178.081350421] [pose_estimator]: RPE: trans 0.0702 | rot 0.00000 (0.000 deg)
Matched 234 keypoints
[INFO] [1790553178.195512796] [pose_estimator]: RANSAC: 187 inliers / 234, 5 iterations
[INFO] [1790553178.195660879] [pose_estimator]: RPE: trans 0.0195 | rot 0.00000 (0.000 deg)
Matched 237 keypoints
[INFO] [1790553178.313267837] [pose_estimator]: RANSAC: 188 inliers / 237, 5 iterations
[INFO] [1790553178.316044129] [pose_estimator]: RPE: trans 0.3033 | rot 0.00000 (0.000 deg)
Matched 203 keypoints
[INFO] [1790553178.442958587] [pose_estimator]: RANSAC: 128 inliers / 203, 10 iterations
[INFO] [1790553178.452353962] [pose_estimator]: RPE: trans 0.0296 | rot 0.00000 (0.000 deg)
Matched 287 keypoints
[INFO] [1790553178.577852671] [pose_estimator]: RANSAC: 212 inliers / 287, 6 iterations
[INFO] [1790553178.577996004] [pose_estimator]: RPE: trans 0.0696 | rot 0.00000 (0.000 deg)
Matched 276 keypoints
[INFO] [1790553178.711379046] [pose_estimator]: RANSAC: 222 inliers / 276, 5 iterations
[INFO] [1790553178.714002213] [pose_estimator]: RPE: trans 0.0276 | rot 0.00000 (0.000 deg)
Matched 285 keypoints
[INFO] [1790553178.896140379] [pose_estimator]: RANSAC: 200 inliers / 285, 7 iterations
[INFO] [1790553178.911599629] [pose_estimator]: RPE: trans 0.1877 | rot 0.00000 (0.000 deg)
Matched 266 keypoints
[INFO] [1790553179.036242671] [pose_estimator]: RANSAC: 188 inliers / 266, 7 iterations
[INFO] [1790553179.036400963] [pose_estimator]: RPE: trans 0.1433 | rot 0.00000 (0.000 deg)
Matched 381 keypoints
[INFO] [1790553179.154528713] [pose_estimator]: RANSAC: 311 inliers / 381, 5 iterations
[INFO] [1790553179.159535713] [pose_estimator]: RPE: trans 0.2842 | rot 0.00000 (0.000 deg)
Matched 292 keypoints
[INFO] [1790553179.286360254] [pose_estimator]: RANSAC: 224 inliers / 292, 6 iterations
[INFO] [1790553179.287640879] [pose_estimator]: RPE: trans 0.0592 | rot 0.00000 (0.000 deg)
Matched 390 keypoints
[INFO] [1790553179.407891380] [pose_estimator]: RANSAC: 310 inliers / 390, 5 iterations
[INFO] [1790553179.408046671] [pose_estimator]: RPE: trans 0.1305 | rot 0.00000 (0.000 deg)
Matched 318 keypoints
[INFO] [1790553179.532639963] [pose_estimator]: RANSAC: 251 inliers / 318, 5 iterations
[INFO] [1790553179.554398505] [pose_estimator]: RPE: trans 0.0279 | rot 0.00000 (0.000 deg)
Matched 266 keypoints
[INFO] [1790553179.672587213] [pose_estimator]: RANSAC: 196 inliers / 266, 6 iterations
[INFO] [1790553179.673078880] [pose_estimator]: RPE: trans 0.0359 | rot 0.00000 (0.000 deg)
Matched 301 keypoints
[INFO] [1790553179.797155005] [pose_estimator]: RANSAC: 236 inliers / 301, 5 iterations
[INFO] [1790553179.797310713] [pose_estimator]: RPE: trans 0.0968 | rot 0.00000 (0.000 deg)
Matched 288 keypoints
[INFO] [1790553179.916590921] [pose_estimator]: RANSAC: 214 inliers / 288, 7 iterations
[INFO] [1790553179.916747921] [pose_estimator]: RPE: trans 0.1041 | rot 0.00000 (0.000 deg)
Matched 336 keypoints
[INFO] [1790553180.040554755] [pose_estimator]: RANSAC: 280 inliers / 336, 5 iterations
[INFO] [1790553180.043608838] [pose_estimator]: RPE: trans 0.0039 | rot 0.00000 (0.000 deg)
Matched 330 keypoints
[INFO] [1790553180.184125588] [pose_estimator]: RANSAC: 264 inliers / 330, 5 iterations
[INFO] [1790553180.198422463] [pose_estimator]: RPE: trans 0.0972 | rot 0.00000 (0.000 deg)
Matched 285 keypoints
[INFO] [1790553180.376347297] [pose_estimator]: RANSAC: 220 inliers / 285, 7 iterations
[INFO] [1790553180.388376088] [pose_estimator]: RPE: trans 0.0314 | rot 0.00000 (0.000 deg)
Matched 360 keypoints
[INFO] [1790553180.512046338] [pose_estimator]: RANSAC: 285 inliers / 360, 5 iterations
[INFO] [1790553180.512951130] [pose_estimator]: RPE: trans 0.0187 | rot 0.00000 (0.000 deg)
Matched 358 keypoints
[INFO] [1790553180.629197713] [pose_estimator]: RANSAC: 297 inliers / 358, 4 iterations
[INFO] [1790553180.633263088] [pose_estimator]: RPE: trans 0.0322 | rot 0.00000 (0.000 deg)
Matched 356 keypoints
[INFO] [1790553180.760477172] [pose_estimator]: RANSAC: 296 inliers / 356, 4 iterations
[INFO] [1790553180.776573922] [pose_estimator]: RPE: trans 0.0653 | rot 0.00000 (0.000 deg)
Matched 370 keypoints
[INFO] [1790553180.922554255] [pose_estimator]: RANSAC: 320 inliers / 370, 4 iterations
[INFO] [1790553180.922713630] [pose_estimator]: RPE: trans 0.0078 | rot 0.00000 (0.000 deg)
Matched 416 keypoints
[INFO] [1790553181.047266839] [pose_estimator]: RANSAC: 362 inliers / 416, 4 iterations
[INFO] [1790553181.047978755] [pose_estimator]: RPE: trans 0.0512 | rot 0.00000 (0.000 deg)
Matched 392 keypoints
[INFO] [1790553181.166345005] [pose_estimator]: RANSAC: 326 inliers / 392, 4 iterations
[INFO] [1790553181.166503297] [pose_estimator]: RPE: trans 0.0953 | rot 0.00000 (0.000 deg)
Matched 471 keypoints
[INFO] [1790553181.290567839] [pose_estimator]: RANSAC: 389 inliers / 471, 5 iterations
[INFO] [1790553181.290786339] [pose_estimator]: RPE: trans 0.0084 | rot 0.00000 (0.000 deg)
Matched 473 keypoints
[INFO] [1790553181.421839589] [pose_estimator]: RANSAC: 394 inliers / 473, 4 iterations
[INFO] [1790553181.424608797] [pose_estimator]: RPE: trans 0.0131 | rot 0.00000 (0.000 deg)
Matched 440 keypoints
[INFO] [1790553181.553072047] [pose_estimator]: RANSAC: 385 inliers / 440, 4 iterations
[INFO] [1790553181.553212631] [pose_estimator]: RPE: trans 0.0120 | rot 0.00000 (0.000 deg)
Matched 493 keypoints
[INFO] [1790553181.676354256] [pose_estimator]: RANSAC: 434 inliers / 493, 4 iterations
[INFO] [1790553181.676517839] [pose_estimator]: RPE: trans 0.0021 | rot 0.00000 (0.000 deg)
Matched 547 keypoints
[INFO] [1790553181.809141881] [pose_estimator]: RANSAC: 467 inliers / 547, 4 iterations
[INFO] [1790553181.810303714] [pose_estimator]: RPE: trans 0.0055 | rot 0.00000 (0.000 deg)
Matched 469 keypoints
[INFO] [1790553181.958146797] [pose_estimator]: RANSAC: 400 inliers / 469, 4 iterations
[INFO] [1790553181.967790756] [pose_estimator]: RPE: trans 0.0375 | rot 0.00000 (0.000 deg)
Matched 472 keypoints
[INFO] [1790553182.105456548] [pose_estimator]: RANSAC: 388 inliers / 472, 5 iterations
[INFO] [1790553182.105603423] [pose_estimator]: RPE: trans 0.0310 | rot 0.00000 (0.000 deg)
Matched 450 keypoints
[INFO] [1790553182.227866464] [pose_estimator]: RANSAC: 381 inliers / 450, 4 iterations
[INFO] [1790553182.228003298] [pose_estimator]: RPE: trans 0.0329 | rot 0.00000 (0.000 deg)
Matched 515 keypoints
[INFO] [1790553182.386412048] [pose_estimator]: RANSAC: 418 inliers / 515, 5 iterations
[INFO] [1790553182.412526923] [pose_estimator]: RPE: trans 0.0394 | rot 0.00000 (0.000 deg)
Matched 457 keypoints
[INFO] [1790553182.538205464] [pose_estimator]: RANSAC: 392 inliers / 457, 4 iterations
[INFO] [1790553182.538361631] [pose_estimator]: RPE: trans 0.1016 | rot 0.00000 (0.000 deg)
Matched 483 keypoints
[INFO] [1790553182.667191506] [pose_estimator]: RANSAC: 404 inliers / 483, 5 iterations
[INFO] [1790553182.668413173] [pose_estimator]: RPE: trans 0.0444 | rot 0.00000 (0.000 deg)
Matched 536 keypoints
[INFO] [1790553182.797655090] [pose_estimator]: RANSAC: 460 inliers / 536, 4 iterations
[INFO] [1790553182.812823256] [pose_estimator]: RPE: trans 0.0130 | rot 0.00000 (0.000 deg)
Matched 464 keypoints
[INFO] [1790553182.942939173] [pose_estimator]: RANSAC: 396 inliers / 464, 4 iterations
[INFO] [1790553182.943095673] [pose_estimator]: RPE: trans 0.0548 | rot 0.00000 (0.000 deg)
Matched 546 keypoints
[INFO] [1790553183.066300465] [pose_estimator]: RANSAC: 481 inliers / 546, 4 iterations
[INFO] [1790553183.066452173] [pose_estimator]: RPE: trans 0.0588 | rot 0.00000 (0.000 deg)
Matched 513 keypoints
[INFO] [1790553183.201964006] [pose_estimator]: RANSAC: 447 inliers / 513, 4 iterations
[INFO] [1790553183.205794173] [pose_estimator]: RPE: trans 0.1950 | rot 0.00000 (0.000 deg)
Matched 493 keypoints
[INFO] [1790553183.336969173] [pose_estimator]: RANSAC: 421 inliers / 493, 4 iterations
[INFO] [1790553183.337130840] [pose_estimator]: RPE: trans 0.1329 | rot 0.00000 (0.000 deg)
Matched 509 keypoints
[INFO] [1790553183.463027756] [pose_estimator]: RANSAC: 443 inliers / 509, 4 iterations
[INFO] [1790553183.463195923] [pose_estimator]: RPE: trans 0.1524 | rot 0.00000 (0.000 deg)
Matched 505 keypoints
[INFO] [1790553183.595992548] [pose_estimator]: RANSAC: 444 inliers / 505, 4 iterations
[INFO] [1790553183.611338132] [pose_estimator]: RPE: trans 0.0089 | rot 0.00000 (0.000 deg)
Matched 546 keypoints
[INFO] [1790553183.743457132] [pose_estimator]: RANSAC: 475 inliers / 546, 4 iterations
[INFO] [1790553183.743620298] [pose_estimator]: RPE: trans 0.2481 | rot 0.00000 (0.000 deg)
Matched 543 keypoints
[INFO] [1790553183.869159840] [pose_estimator]: RANSAC: 477 inliers / 543, 4 iterations
[INFO] [1790553183.869318590] [pose_estimator]: RPE: trans 0.0488 | rot 0.00000 (0.000 deg)
Matched 534 keypoints
[INFO] [1790553184.014652757] [pose_estimator]: RANSAC: 480 inliers / 534, 3 iterations
[INFO] [1790553184.020570215] [pose_estimator]: RPE: trans 0.0656 | rot 0.00000 (0.000 deg)
Matched 575 keypoints
[INFO] [1790553184.165910007] [pose_estimator]: RANSAC: 469 inliers / 575, 5 iterations
[INFO] [1790553184.166053048] [pose_estimator]: RPE: trans 0.5562 | rot 0.00000 (0.000 deg)
Matched 534 keypoints
[INFO] [1790553184.294065840] [pose_estimator]: RANSAC: 482 inliers / 534, 3 iterations
[INFO] [1790553184.294222340] [pose_estimator]: RPE: trans 0.3368 | rot 0.00000 (0.000 deg)
Matched 526 keypoints
[INFO] [1790553184.422501924] [pose_estimator]: RANSAC: 456 inliers / 526, 4 iterations
[INFO] [1790553184.424840924] [pose_estimator]: RPE: trans 0.1422 | rot 0.00000 (0.000 deg)
Matched 493 keypoints
[INFO] [1790553184.570448882] [pose_estimator]: RANSAC: 452 inliers / 493, 3 iterations
[INFO] [1790553184.570604424] [pose_estimator]: RPE: trans 0.0238 | rot 0.00000 (0.000 deg)
Matched 475 keypoints
[INFO] [1790553184.696389924] [pose_estimator]: RANSAC: 415 inliers / 475, 4 iterations
[INFO] [1790553184.696536049] [pose_estimator]: RPE: trans 0.0408 | rot 0.00000 (0.000 deg)
Matched 531 keypoints
[INFO] [1790553184.851559090] [pose_estimator]: RANSAC: 479 inliers / 531, 3 iterations
[INFO] [1790553184.890774799] [pose_estimator]: RPE: trans 0.0647 | rot 0.00000 (0.000 deg)
Matched 529 keypoints
[INFO] [1790553185.039478174] [pose_estimator]: RANSAC: 475 inliers / 529, 3 iterations
[INFO] [1790553185.065128757] [pose_estimator]: RPE: trans 0.0302 | rot 0.00000 (0.000 deg)
Matched 474 keypoints
[INFO] [1790553185.280792132] [pose_estimator]: RANSAC: 404 inliers / 474, 4 iterations
[INFO] [1790553185.292223007] [pose_estimator]: RPE: trans 0.1917 | rot 0.00000 (0.000 deg)
Matched 475 keypoints
[INFO] [1790553185.431468257] [pose_estimator]: RANSAC: 412 inliers / 475, 4 iterations
[INFO] [1790553185.440493549] [pose_estimator]: RPE: trans 0.0194 | rot 0.00000 (0.000 deg)
Matched 516 keypoints
[INFO] [1790553185.562817549] [pose_estimator]: RANSAC: 439 inliers / 516, 4 iterations
[INFO] [1790553185.565191841] [pose_estimator]: RPE: trans 0.9303 | rot 0.00000 (0.000 deg)
Matched 466 keypoints
[INFO] [1790553185.702272216] [pose_estimator]: RANSAC: 390 inliers / 466, 4 iterations
[INFO] [1790553185.704546549] [pose_estimator]: RPE: trans 0.4801 | rot 0.00000 (0.000 deg)
Matched 430 keypoints
[INFO] [1790553185.827938883] [pose_estimator]: RANSAC: 355 inliers / 430, 5 iterations
[INFO] [1790553185.829123049] [pose_estimator]: RPE: trans 0.0840 | rot 0.00000 (0.000 deg)
Matched 390 keypoints
[INFO] [1790553186.004282341] [pose_estimator]: RANSAC: 337 inliers / 390, 4 iterations
[INFO] [1790553186.006351633] [pose_estimator]: RPE: trans 0.0941 | rot 0.00000 (0.000 deg)
Matched 364 keypoints
[INFO] [1790553186.131064633] [pose_estimator]: RANSAC: 307 inliers / 364, 4 iterations
[INFO] [1790553186.131264883] [pose_estimator]: RPE: trans 0.1618 | rot 0.00000 (0.000 deg)
Matched 444 keypoints
[INFO] [1790553186.429761758] [pose_estimator]: RANSAC: 378 inliers / 444, 4 iterations
[INFO] [1790553186.432706758] [pose_estimator]: RPE: trans 0.2439 | rot 0.00000 (0.000 deg)
Matched 358 keypoints
[INFO] [1790553186.590740591] [pose_estimator]: RANSAC: 316 inliers / 358, 4 iterations
[INFO] [1790553187.164023467] [pose_estimator]: RPE: trans 0.0288 | rot 0.00000 (0.000 deg)
Matched 277 keypoints
[INFO] [1790553187.319367133] [pose_estimator]: RANSAC: 205 inliers / 277, 7 iterations
[INFO] [1790553187.321885175] [pose_estimator]: RPE: trans 0.1786 | rot 0.00000 (0.000 deg)
Matched 288 keypoints
[INFO] [1790553187.441482967] [pose_estimator]: RANSAC: 258 inliers / 288, 3 iterations
[INFO] [1790553187.444128008] [pose_estimator]: RPE: trans 0.0899 | rot 0.00000 (0.000 deg)
Matched 402 keypoints
[INFO] [1790553187.567580592] [pose_estimator]: RANSAC: 346 inliers / 402, 4 iterations
[INFO] [1790553187.569272300] [pose_estimator]: RPE: trans 0.0124 | rot 0.00000 (0.000 deg)
Matched 334 keypoints
[INFO] [1790553187.711399884] [pose_estimator]: RANSAC: 302 inliers / 334, 3 iterations
[INFO] [1790553187.714585300] [pose_estimator]: RPE: trans 0.1382 | rot 0.00000 (0.000 deg)
Matched 353 keypoints
[INFO] [1790553187.850642300] [pose_estimator]: RANSAC: 308 inliers / 353, 4 iterations
[INFO] [1790553187.850803634] [pose_estimator]: RPE: trans 0.0702 | rot 0.00000 (0.000 deg)
Matched 379 keypoints
[INFO] [1790553187.968869634] [pose_estimator]: RANSAC: 315 inliers / 379, 4 iterations
[INFO] [1790553187.969058675] [pose_estimator]: RPE: trans 0.1378 | rot 0.00000 (0.000 deg)
Matched 360 keypoints
[INFO] [1790553188.093643509] [pose_estimator]: RANSAC: 299 inliers / 360, 4 iterations
[INFO] [1790553188.095254759] [pose_estimator]: RPE: trans 0.1780 | rot 0.00000 (0.000 deg)
Matched 326 keypoints
[INFO] [1790553188.221408675] [pose_estimator]: RANSAC: 286 inliers / 326, 4 iterations
[INFO] [1790553188.221616634] [pose_estimator]: RPE: trans 0.2068 | rot 0.00000 (0.000 deg)
Matched 366 keypoints
[INFO] [1790553188.350061509] [pose_estimator]: RANSAC: 324 inliers / 366, 4 iterations
[INFO] [1790553188.351575342] [pose_estimator]: RPE: trans 0.2244 | rot 0.00000 (0.000 deg)
Matched 360 keypoints
[INFO] [1790553188.482422967] [pose_estimator]: RANSAC: 326 inliers / 360, 3 iterations
[INFO] [1790553188.482606842] [pose_estimator]: RPE: trans 0.1509 | rot 0.00000 (0.000 deg)
Matched 399 keypoints
[INFO] [1790553188.604982051] [pose_estimator]: RANSAC: 358 inliers / 399, 3 iterations
[INFO] [1790553188.605123217] [pose_estimator]: RPE: trans 0.0223 | rot 0.00000 (0.000 deg)
Matched 332 keypoints
[INFO] [1790553188.722237259] [pose_estimator]: RANSAC: 294 inliers / 332, 4 iterations
[INFO] [1790553188.722392134] [pose_estimator]: RPE: trans 0.1795 | rot 0.00000 (0.000 deg)
Matched 373 keypoints
[INFO] [1790553188.841483384] [pose_estimator]: RANSAC: 329 inliers / 373, 4 iterations
[INFO] [1790553188.841624509] [pose_estimator]: RPE: trans 0.2420 | rot 0.00000 (0.000 deg)
Matched 382 keypoints
[INFO] [1790553188.970601426] [pose_estimator]: RANSAC: 340 inliers / 382, 3 iterations
[INFO] [1790553188.973928967] [pose_estimator]: RPE: trans 0.0741 | rot 0.00000 (0.000 deg)
Matched 380 keypoints
[INFO] [1790553189.111514093] [pose_estimator]: RANSAC: 334 inliers / 380, 4 iterations
[INFO] [1790553189.112668384] [pose_estimator]: RPE: trans 0.1680 | rot 0.00000 (0.000 deg)
Matched 385 keypoints
[INFO] [1790553189.246960384] [pose_estimator]: RANSAC: 350 inliers / 385, 3 iterations
[INFO] [1790553189.247160718] [pose_estimator]: RPE: trans 0.0216 | rot 0.00000 (0.000 deg)
Matched 378 keypoints
[INFO] [1790553189.369285718] [pose_estimator]: RANSAC: 346 inliers / 378, 3 iterations
[INFO] [1790553189.369466843] [pose_estimator]: RPE: trans 0.0713 | rot 0.00000 (0.000 deg)
Matched 350 keypoints
[INFO] [1790553189.492836718] [pose_estimator]: RANSAC: 309 inliers / 350, 4 iterations
[INFO] [1790553189.494243676] [pose_estimator]: RPE: trans 0.0097 | rot 0.00000 (0.000 deg)
Matched 421 keypoints
[INFO] [1790553189.624272301] [pose_estimator]: RANSAC: 389 inliers / 421, 3 iterations
[INFO] [1790553189.624451968] [pose_estimator]: RPE: trans 0.2644 | rot 0.00000 (0.000 deg)
Matched 394 keypoints
[INFO] [1790553189.751411926] [pose_estimator]: RANSAC: 363 inliers / 394, 3 iterations
[INFO] [1790553189.751573218] [pose_estimator]: RPE: trans 0.0072 | rot 0.00000 (0.000 deg)
Matched 360 keypoints
[INFO] [1790553189.868976135] [pose_estimator]: RANSAC: 324 inliers / 360, 3 iterations
[INFO] [1790553189.869512010] [pose_estimator]: RPE: trans 0.0478 | rot 0.00000 (0.000 deg)
Matched 476 keypoints
[INFO] [1790553189.999004010] [pose_estimator]: RANSAC: 436 inliers / 476, 3 iterations
[INFO] [1790553189.999215551] [pose_estimator]: RPE: trans 0.1599 | rot 0.00000 (0.000 deg)
Matched 432 keypoints
[INFO] [1790553190.118657343] [pose_estimator]: RANSAC: 386 inliers / 432, 3 iterations
[INFO] [1790553190.118808218] [pose_estimator]: RPE: trans 0.0641 | rot 0.00000 (0.000 deg)
Matched 465 keypoints
[INFO] [1790553190.239653801] [pose_estimator]: RANSAC: 430 inliers / 465, 3 iterations
[INFO] [1790553190.239802176] [pose_estimator]: RPE: trans 0.3675 | rot 0.00000 (0.000 deg)
Matched 372 keypoints
[INFO] [1790553190.360504968] [pose_estimator]: RANSAC: 323 inliers / 372, 4 iterations
[INFO] [1790553190.364036385] [pose_estimator]: RPE: trans 0.2315 | rot 0.00000 (0.000 deg)
Matched 402 keypoints
[INFO] [1790553190.488349760] [pose_estimator]: RANSAC: 359 inliers / 402, 3 iterations
[INFO] [1790553190.488531635] [pose_estimator]: RPE: trans 0.3376 | rot 0.00000 (0.000 deg)
Matched 461 keypoints
[INFO] [1790553190.621908260] [pose_estimator]: RANSAC: 411 inliers / 461, 3 iterations
[INFO] [1790553190.622069302] [pose_estimator]: RPE: trans 0.0810 | rot 0.00000 (0.000 deg)
Matched 374 keypoints
[INFO] [1790553190.749838552] [pose_estimator]: RANSAC: 327 inliers / 374, 4 iterations
[INFO] [1790553190.752802552] [pose_estimator]: RPE: trans 0.0053 | rot 0.00000 (0.000 deg)
Matched 330 keypoints
[INFO] [1790553190.877126218] [pose_estimator]: RANSAC: 299 inliers / 330, 3 iterations
[INFO] [1790553190.885805177] [pose_estimator]: RPE: trans 0.0452 | rot 0.00000 (0.000 deg)
Matched 392 keypoints
[INFO] [1790553191.025594218] [pose_estimator]: RANSAC: 356 inliers / 392, 3 iterations
[INFO] [1790553191.039172885] [pose_estimator]: RPE: trans 0.3680 | rot 0.00000 (0.000 deg)
Matched 371 keypoints
[INFO] [1790553191.171231177] [pose_estimator]: RANSAC: 338 inliers / 371, 3 iterations
[INFO] [1790553191.174468718] [pose_estimator]: RPE: trans 0.1380 | rot 0.00000 (0.000 deg)
Matched 319 keypoints
[INFO] [1790553191.297469552] [pose_estimator]: RANSAC: 278 inliers / 319, 4 iterations
[INFO] [1790553191.299696260] [pose_estimator]: RPE: trans 0.0512 | rot 0.00000 (0.000 deg)
Matched 304 keypoints
[INFO] [1790553191.419860135] [pose_estimator]: RANSAC: 272 inliers / 304, 3 iterations
[INFO] [1790553191.419983052] [pose_estimator]: RPE: trans 0.2288 | rot 0.00000 (0.000 deg)
Matched 351 keypoints
[INFO] [1790553191.540546885] [pose_estimator]: RANSAC: 315 inliers / 351, 4 iterations
[INFO] [1790553191.540706760] [pose_estimator]: RPE: trans 0.2581 | rot 0.00000 (0.000 deg)
Matched 333 keypoints
[INFO] [1790553191.654857719] [pose_estimator]: RANSAC: 293 inliers / 333, 4 iterations
[INFO] [1790553191.655017760] [pose_estimator]: RPE: trans 0.0829 | rot 0.00000 (0.000 deg)
Matched 392 keypoints
[INFO] [1790553191.773033260] [pose_estimator]: RANSAC: 345 inliers / 392, 4 iterations
[INFO] [1790553191.775009385] [pose_estimator]: RPE: trans 0.3503 | rot 0.00000 (0.000 deg)
Matched 336 keypoints
[INFO] [1790553191.897343802] [pose_estimator]: RANSAC: 303 inliers / 336, 3 iterations
[INFO] [1790553191.897550261] [pose_estimator]: RPE: trans 0.0835 | rot 0.00000 (0.000 deg)
Matched 369 keypoints
[INFO] [1790553192.015998136] [pose_estimator]: RANSAC: 304 inliers / 369, 5 iterations
[INFO] [1790553192.016184511] [pose_estimator]: RPE: trans 0.6164 | rot 0.00000 (0.000 deg)
Matched 356 keypoints
[INFO] [1790553192.133849844] [pose_estimator]: RANSAC: 326 inliers / 356, 3 iterations
[INFO] [1790553192.134260969] [pose_estimator]: RPE: trans 0.0885 | rot 0.00000 (0.000 deg)
Matched 360 keypoints
[INFO] [1790553192.254959719] [pose_estimator]: RANSAC: 311 inliers / 360, 4 iterations
[INFO] [1790553192.255148427] [pose_estimator]: RPE: trans 0.0310 | rot 0.00000 (0.000 deg)
Matched 431 keypoints
[INFO] [1790553192.371751594] [pose_estimator]: RANSAC: 377 inliers / 431, 4 iterations
[INFO] [1790553192.371929844] [pose_estimator]: RPE: trans 0.1023 | rot 0.00000 (0.000 deg)
Matched 396 keypoints
[INFO] [1790553192.494513719] [pose_estimator]: RANSAC: 350 inliers / 396, 4 iterations
[INFO] [1790553192.494684052] [pose_estimator]: RPE: trans 0.0342 | rot 0.00000 (0.000 deg)
Matched 420 keypoints
[INFO] [1790553192.614485594] [pose_estimator]: RANSAC: 364 inliers / 420, 4 iterations
[INFO] [1790553192.615115636] [pose_estimator]: RPE: trans 0.2999 | rot 0.00000 (0.000 deg)
Matched 357 keypoints
[INFO] [1790553192.736700719] [pose_estimator]: RANSAC: 300 inliers / 357, 4 iterations
[INFO] [1790553192.736869886] [pose_estimator]: RPE: trans 0.2662 | rot 0.00000 (0.000 deg)
Matched 385 keypoints
[INFO] [1790553192.870311178] [pose_estimator]: RANSAC: 340 inliers / 385, 4 iterations
[INFO] [1790553192.870940094] [pose_estimator]: RPE: trans 0.0328 | rot 0.00000 (0.000 deg)
Matched 315 keypoints
[INFO] [1790553192.994209303] [pose_estimator]: RANSAC: 273 inliers / 315, 4 iterations
[INFO] [1790553192.994347469] [pose_estimator]: RPE: trans 0.0639 | rot 0.00000 (0.000 deg)
Matched 359 keypoints
[INFO] [1790553193.117653844] [pose_estimator]: RANSAC: 315 inliers / 359, 4 iterations
[INFO] [1790553193.119137886] [pose_estimator]: RPE: trans 0.0266 | rot 0.00000 (0.000 deg)
Matched 330 keypoints
[INFO] [1790553193.237571844] [pose_estimator]: RANSAC: 294 inliers / 330, 4 iterations
[INFO] [1790553193.237719094] [pose_estimator]: RPE: trans 0.0366 | rot 0.00000 (0.000 deg)
Matched 356 keypoints
[INFO] [1790553193.361230720] [pose_estimator]: RANSAC: 301 inliers / 356, 4 iterations
[INFO] [1790553193.361362803] [pose_estimator]: RPE: trans 0.3371 | rot 0.00000 (0.000 deg)
Matched 328 keypoints
[INFO] [1790553193.478837470] [pose_estimator]: RANSAC: 284 inliers / 328, 4 iterations
[INFO] [1790553193.480993053] [pose_estimator]: RPE: trans 0.0790 | rot 0.00000 (0.000 deg)
Matched 321 keypoints
[INFO] [1790553193.600765470] [pose_estimator]: RANSAC: 276 inliers / 321, 4 iterations
[INFO] [1790553193.600925595] [pose_estimator]: RPE: trans 0.2027 | rot 0.00000 (0.000 deg)
Matched 364 keypoints
[INFO] [1790553193.713734428] [pose_estimator]: RANSAC: 313 inliers / 364, 4 iterations
[INFO] [1790553193.713900053] [pose_estimator]: RPE: trans 0.1520 | rot 0.00000 (0.000 deg)
Matched 364 keypoints
[INFO] [1790553193.828534178] [pose_estimator]: RANSAC: 316 inliers / 364, 4 iterations
[INFO] [1790553193.828674970] [pose_estimator]: RPE: trans 0.0728 | rot 0.00000 (0.000 deg)
Matched 389 keypoints
[INFO] [1790553193.944331886] [pose_estimator]: RANSAC: 344 inliers / 389, 4 iterations
[INFO] [1790553193.946603636] [pose_estimator]: RPE: trans 0.0715 | rot 0.00000 (0.000 deg)
Matched 340 keypoints
[INFO] [1790553194.075733470] [pose_estimator]: RANSAC: 292 inliers / 340, 4 iterations
[INFO] [1790553194.075905095] [pose_estimator]: RPE: trans 0.0206 | rot 0.00000 (0.000 deg)
Matched 364 keypoints
[INFO] [1790553194.195449595] [pose_estimator]: RANSAC: 324 inliers / 364, 3 iterations
[INFO] [1790553194.195577262] [pose_estimator]: RPE: trans 0.2423 | rot 0.00000 (0.000 deg)
Matched 409 keypoints
[INFO] [1790553194.337674678] [pose_estimator]: RANSAC: 363 inliers / 409, 3 iterations
[INFO] [1790553194.338994303] [pose_estimator]: RPE: trans 0.1422 | rot 0.00000 (0.000 deg)
Matched 342 keypoints
[INFO] [1790553194.456078262] [pose_estimator]: RANSAC: 289 inliers / 342, 4 iterations
[INFO] [1790553194.456240595] [pose_estimator]: RPE: trans 0.0388 | rot 0.00000 (0.000 deg)
Matched 352 keypoints
[INFO] [1790553194.574790095] [pose_estimator]: RANSAC: 302 inliers / 352, 4 iterations
[INFO] [1790553194.574935053] [pose_estimator]: RPE: trans 0.0274 | rot 0.00000 (0.000 deg)
Matched 369 keypoints
[INFO] [1790553194.694213762] [pose_estimator]: RANSAC: 322 inliers / 369, 4 iterations
[INFO] [1790553194.694359970] [pose_estimator]: RPE: trans 0.0375 | rot 0.00000 (0.000 deg)
Matched 387 keypoints
[INFO] [1790553194.812272012] [pose_estimator]: RANSAC: 336 inliers / 387, 4 iterations
[INFO] [1790553194.813570137] [pose_estimator]: RPE: trans 0.0648 | rot 0.00000 (0.000 deg)
Matched 326 keypoints
[INFO] [1790553194.932656387] [pose_estimator]: RANSAC: 280 inliers / 326, 4 iterations
[INFO] [1790553194.932807929] [pose_estimator]: RPE: trans 0.0659 | rot 0.00000 (0.000 deg)
Matched 358 keypoints
[INFO] [1790553195.055635970] [pose_estimator]: RANSAC: 287 inliers / 358, 5 iterations
[INFO] [1790553195.055802137] [pose_estimator]: RPE: trans 0.3653 | rot 0.00000 (0.000 deg)
Matched 368 keypoints
[INFO] [1790553195.173147054] [pose_estimator]: RANSAC: 320 inliers / 368, 4 iterations
[INFO] [1790553195.174640095] [pose_estimator]: RPE: trans 0.0414 | rot 0.00000 (0.000 deg)
Matched 416 keypoints
[INFO] [1790553195.321824137] [pose_estimator]: RANSAC: 369 inliers / 416, 3 iterations
[INFO] [1790553195.324105137] [pose_estimator]: RPE: trans 0.1080 | rot 0.00000 (0.000 deg)
Matched 415 keypoints
[INFO] [1790553195.470421596] [pose_estimator]: RANSAC: 366 inliers / 415, 4 iterations
[INFO] [1790553195.470559679] [pose_estimator]: RPE: trans 0.0883 | rot 0.00000 (0.000 deg)
Matched 482 keypoints
[INFO] [1790553195.589148762] [pose_estimator]: RANSAC: 425 inliers / 482, 4 iterations
[INFO] [1790553195.589287804] [pose_estimator]: RPE: trans 0.0134 | rot 0.00000 (0.000 deg)
Matched 486 keypoints
[INFO] [1790553195.710025346] [pose_estimator]: RANSAC: 429 inliers / 486, 4 iterations
[INFO] [1790553195.711882096] [pose_estimator]: RPE: trans 0.3070 | rot 0.00000 (0.000 deg)
Matched 411 keypoints
[INFO] [1790553195.845714971] [pose_estimator]: RANSAC: 340 inliers / 411, 4 iterations
[INFO] [1790553195.845867471] [pose_estimator]: RPE: trans 0.0856 | rot 0.00000 (0.000 deg)
Matched 452 keypoints
[INFO] [1790553195.967286971] [pose_estimator]: RANSAC: 398 inliers / 452, 4 iterations
[INFO] [1790553195.967454971] [pose_estimator]: RPE: trans 0.0644 | rot 0.00000 (0.000 deg)
Matched 485 keypoints
[INFO] [1790553196.100479263] [pose_estimator]: RANSAC: 412 inliers / 485, 4 iterations
[INFO] [1790553196.113118054] [pose_estimator]: RPE: trans 0.0342 | rot 0.00000 (0.000 deg)
Matched 531 keypoints
[INFO] [1790553196.255218596] [pose_estimator]: RANSAC: 459 inliers / 531, 4 iterations
[INFO] [1790553196.262069679] [pose_estimator]: RPE: trans 0.2384 | rot 0.00000 (0.000 deg)
Matched 516 keypoints
[INFO] [1790553196.398926638] [pose_estimator]: RANSAC: 458 inliers / 516, 4 iterations
[INFO] [1790553196.399151429] [pose_estimator]: RPE: trans 0.0675 | rot 0.00000 (0.000 deg)
Matched 518 keypoints
[INFO] [1790553196.528970554] [pose_estimator]: RANSAC: 446 inliers / 518, 4 iterations
[INFO] [1790553196.549991679] [pose_estimator]: RPE: trans 0.1272 | rot 0.00000 (0.000 deg)
Matched 457 keypoints
[INFO] [1790553196.683501679] [pose_estimator]: RANSAC: 403 inliers / 457, 4 iterations
[INFO] [1790553196.687102596] [pose_estimator]: RPE: trans 0.1054 | rot 0.00000 (0.000 deg)
Matched 509 keypoints
[INFO] [1790553196.814669013] [pose_estimator]: RANSAC: 454 inliers / 509, 3 iterations
[INFO] [1790553196.814832971] [pose_estimator]: RPE: trans 0.4449 | rot 0.00000 (0.000 deg)
Matched 455 keypoints
[INFO] [1790553196.942884805] [pose_estimator]: RANSAC: 378 inliers / 455, 4 iterations
[INFO] [1790553196.943538430] [pose_estimator]: RPE: trans 0.3750 | rot 0.00000 (0.000 deg)
Matched 518 keypoints
[INFO] [1790553197.067886513] [pose_estimator]: RANSAC: 434 inliers / 518, 4 iterations
[INFO] [1790553197.070212721] [pose_estimator]: RPE: trans 0.6937 | rot 0.00000 (0.000 deg)
Matched 453 keypoints
[INFO] [1790553197.203316263] [pose_estimator]: RANSAC: 394 inliers / 453, 4 iterations
[INFO] [1790553197.203461846] [pose_estimator]: RPE: trans 0.0671 | rot 0.00000 (0.000 deg)
Matched 497 keypoints
[INFO] [1790553197.325414846] [pose_estimator]: RANSAC: 440 inliers / 497, 4 iterations
[INFO] [1790553197.325557346] [pose_estimator]: RPE: trans 0.1392 | rot 0.00000 (0.000 deg)
Matched 517 keypoints
[INFO] [1790553197.463972180] [pose_estimator]: RANSAC: 461 inliers / 517, 3 iterations
[INFO] [1790553197.467524180] [pose_estimator]: RPE: trans 0.0891 | rot 0.00000 (0.000 deg)
Matched 424 keypoints
[INFO] [1790553197.596116347] [pose_estimator]: RANSAC: 359 inliers / 424, 4 iterations
[INFO] [1790553197.596258680] [pose_estimator]: RPE: trans 0.0166 | rot 0.00000 (0.000 deg)
Matched 544 keypoints
[INFO] [1790553197.720274888] [pose_estimator]: RANSAC: 495 inliers / 544, 3 iterations
[INFO] [1790553197.720407638] [pose_estimator]: RPE: trans 0.0553 | rot 0.00000 (0.000 deg)
Matched 476 keypoints
[INFO] [1790553197.850188888] [pose_estimator]: RANSAC: 427 inliers / 476, 3 iterations
[INFO] [1790553197.855954222] [pose_estimator]: RPE: trans 0.0624 | rot 0.00000 (0.000 deg)
Matched 417 keypoints
[INFO] [1790553198.008556138] [pose_estimator]: RANSAC: 357 inliers / 417, 4 iterations
[INFO] [1790553198.008704597] [pose_estimator]: RPE: trans 0.0948 | rot 0.00000 (0.000 deg)
Matched 482 keypoints
[INFO] [1790553198.131427013] [pose_estimator]: RANSAC: 426 inliers / 482, 4 iterations
[INFO] [1790553198.131564222] [pose_estimator]: RPE: trans 0.0623 | rot 0.00000 (0.000 deg)
Matched 496 keypoints
[INFO] [1790553198.260405139] [pose_estimator]: RANSAC: 430 inliers / 496, 4 iterations
[INFO] [1790553198.261198347] [pose_estimator]: RPE: trans 0.0488 | rot 0.00000 (0.000 deg)
Matched 534 keypoints
[INFO] [1790553198.386309347] [pose_estimator]: RANSAC: 482 inliers / 534, 3 iterations
[INFO] [1790553198.386479639] [pose_estimator]: RPE: trans 0.0404 | rot 0.00000 (0.000 deg)
Matched 524 keypoints
[INFO] [1790553198.508772555] [pose_estimator]: RANSAC: 472 inliers / 524, 3 iterations
[INFO] [1790553198.508973347] [pose_estimator]: RPE: trans 0.0404 | rot 0.00000 (0.000 deg)
Matched 549 keypoints
[INFO] [1790553198.644229764] [pose_estimator]: RANSAC: 516 inliers / 549, 3 iterations
[INFO] [1790553198.644393264] [pose_estimator]: RPE: trans 0.0251 | rot 0.00000 (0.000 deg)
Matched 534 keypoints
[INFO] [1790553198.778670847] [pose_estimator]: RANSAC: 420 inliers / 534, 5 iterations
[INFO] [1790553198.783129597] [pose_estimator]: RPE: trans 0.6411 | rot 0.00000 (0.000 deg)
Matched 569 keypoints
[INFO] [1790553198.920714750] [pose_estimator]: RANSAC: 509 inliers / 569, 3 iterations
[INFO] [1790553198.922046666] [pose_estimator]: RPE: trans 0.2763 | rot 0.00000 (0.000 deg)
Matched 509 keypoints
[INFO] [1790553199.050229000] [pose_estimator]: RANSAC: 448 inliers / 509, 4 iterations
[INFO] [1790553199.050433416] [pose_estimator]: RPE: trans 0.2221 | rot 0.00000 (0.000 deg)
Matched 486 keypoints
[INFO] [1790553199.170590250] [pose_estimator]: RANSAC: 420 inliers / 486, 4 iterations
[INFO] [1790553199.172504750] [pose_estimator]: RPE: trans 0.1986 | rot 0.00000 (0.000 deg)
Matched 455 keypoints
[INFO] [1790553199.307743500] [pose_estimator]: RANSAC: 391 inliers / 455, 4 iterations
[INFO] [1790553199.326302958] [pose_estimator]: RPE: trans 0.0179 | rot 0.00000 (0.000 deg)
Matched 470 keypoints
[INFO] [1790553199.471978375] [pose_estimator]: RANSAC: 411 inliers / 470, 4 iterations
[INFO] [1790553199.472492958] [pose_estimator]: RPE: trans 0.0315 | rot 0.00000 (0.000 deg)
Matched 374 keypoints
[INFO] [1790553199.592960083] [pose_estimator]: RANSAC: 323 inliers / 374, 4 iterations
[INFO] [1790553199.593128458] [pose_estimator]: RPE: trans 0.0485 | rot 0.00000 (0.000 deg)
Matched 406 keypoints
[INFO] [1790553199.722057208] [pose_estimator]: RANSAC: 347 inliers / 406, 4 iterations
[INFO] [1790553199.722224875] [pose_estimator]: RPE: trans 0.0382 | rot 0.00000 (0.000 deg)
Matched 421 keypoints
[INFO] [1790553199.859962333] [pose_estimator]: RANSAC: 371 inliers / 421, 4 iterations
[INFO] [1790553199.860205500] [pose_estimator]: RPE: trans 0.0313 | rot 0.00000 (0.000 deg)
Matched 375 keypoints
[INFO] [1790553199.995061583] [pose_estimator]: RANSAC: 300 inliers / 375, 5 iterations
[INFO] [1790553199.995213458] [pose_estimator]: RPE: trans 0.0779 | rot 0.00000 (0.000 deg)
Matched 438 keypoints
[INFO] [1790553200.124919542] [pose_estimator]: RANSAC: 382 inliers / 438, 4 iterations
[INFO] [1790553200.127052917] [pose_estimator]: RPE: trans 0.0420 | rot 0.00000 (0.000 deg)
Matched 386 keypoints
[INFO] [1790553200.250941750] [pose_estimator]: RANSAC: 338 inliers / 386, 4 iterations
[INFO] [1790553200.251101750] [pose_estimator]: RPE: trans 0.0071 | rot 0.00000 (0.000 deg)
Matched 357 keypoints
[INFO] [1790553200.370527084] [pose_estimator]: RANSAC: 319 inliers / 357, 3 iterations
[INFO] [1790553200.370693417] [pose_estimator]: RPE: trans 0.0017 | rot 0.00000 (0.000 deg)
Matched 361 keypoints
[INFO] [1790553200.490015375] [pose_estimator]: RANSAC: 316 inliers / 361, 4 iterations
[INFO] [1790553200.492153625] [pose_estimator]: RPE: trans 0.1544 | rot 0.00000 (0.000 deg)
Matched 418 keypoints
[INFO] [1790553200.617049834] [pose_estimator]: RANSAC: 365 inliers / 418, 6 iterations
[INFO] [1790553200.618091042] [pose_estimator]: RPE: trans 0.0464 | rot 0.00000 (0.000 deg)
Matched 347 keypoints
[INFO] [1790553200.744532250] [pose_estimator]: RANSAC: 282 inliers / 347, 5 iterations
[INFO] [1790553200.745304000] [pose_estimator]: RPE: trans 0.0808 | rot 0.00000 (0.000 deg)
Matched 322 keypoints
[INFO] [1790553200.866695209] [pose_estimator]: RANSAC: 278 inliers / 322, 4 iterations
[INFO] [1790553200.866841167] [pose_estimator]: RPE: trans 0.1001 | rot 0.00000 (0.000 deg)
Matched 326 keypoints
[INFO] [1790553200.980155376] [pose_estimator]: RANSAC: 263 inliers / 326, 5 iterations
[INFO] [1790553200.983053709] [pose_estimator]: RPE: trans 0.4245 | rot 0.00000 (0.000 deg)
Matched 317 keypoints
[INFO] [1790553201.100093667] [pose_estimator]: RANSAC: 269 inliers / 317, 4 iterations
[INFO] [1790553201.100254667] [pose_estimator]: RPE: trans 0.1910 | rot 0.00000 (0.000 deg)
Matched 288 keypoints
[INFO] [1790553201.215836709] [pose_estimator]: RANSAC: 225 inliers / 288, 5 iterations
[INFO] [1790553201.216003126] [pose_estimator]: RPE: trans 0.1168 | rot 0.00000 (0.000 deg)
Matched 320 keypoints
[INFO] [1790553201.330687084] [pose_estimator]: RANSAC: 282 inliers / 320, 4 iterations
[INFO] [1790553201.332667459] [pose_estimator]: RPE: trans 0.0445 | rot 0.00000 (0.000 deg)
Matched 332 keypoints
[INFO] [1790553201.454501292] [pose_estimator]: RANSAC: 289 inliers / 332, 4 iterations
[INFO] [1790553201.455619542] [pose_estimator]: RPE: trans 0.0020 | rot 0.00000 (0.000 deg)
Matched 268 keypoints
[INFO] [1790553201.582374417] [pose_estimator]: RANSAC: 219 inliers / 268, 5 iterations
[INFO] [1790553201.586356626] [pose_estimator]: RPE: trans 0.1741 | rot 0.00000 (0.000 deg)
Matched 307 keypoints
[INFO] [1790553201.732087709] [pose_estimator]: RANSAC: 265 inliers / 307, 4 iterations
[INFO] [1790553201.734418959] [pose_estimator]: RPE: trans 0.0930 | rot 0.00000 (0.000 deg)
Matched 305 keypoints
[INFO] [1790553201.862534668] [pose_estimator]: RANSAC: 257 inliers / 305, 4 iterations
[INFO] [1790553201.877211668] [pose_estimator]: RPE: trans 0.0674 | rot 0.00000 (0.000 deg)
Matched 361 keypoints
[INFO] [1790553202.022587751] [pose_estimator]: RANSAC: 326 inliers / 361, 4 iterations
[INFO] [1790553202.022743709] [pose_estimator]: RPE: trans 0.2239 | rot 0.00000 (0.000 deg)
Matched 311 keypoints
[INFO] [1790553202.135813376] [pose_estimator]: RANSAC: 242 inliers / 311, 5 iterations
[INFO] [1790553202.135961793] [pose_estimator]: RPE: trans 0.4312 | rot 0.00000 (0.000 deg)
Matched 348 keypoints
[INFO] [1790553202.250350584] [pose_estimator]: RANSAC: 303 inliers / 348, 4 iterations
[INFO] [1790553202.252660251] [pose_estimator]: RPE: trans 0.0942 | rot 0.00000 (0.000 deg)
Matched 301 keypoints
[INFO] [1790553202.370577376] [pose_estimator]: RANSAC: 274 inliers / 301, 3 iterations
[INFO] [1790553202.375265335] [pose_estimator]: RPE: trans 0.0357 | rot 0.00000 (0.000 deg)
Matched 376 keypoints
[INFO] [1790553202.497694460] [pose_estimator]: RANSAC: 339 inliers / 376, 3 iterations
[INFO] [1790553202.498926293] [pose_estimator]: RPE: trans 0.0709 | rot 0.00000 (0.000 deg)
Matched 329 keypoints
[INFO] [1790553202.617494085] [pose_estimator]: RANSAC: 288 inliers / 329, 4 iterations
[INFO] [1790553202.617636501] [pose_estimator]: RPE: trans 0.0422 | rot 0.00000 (0.000 deg)
Matched 283 keypoints
[INFO] [1790553202.754619251] [pose_estimator]: RANSAC: 236 inliers / 283, 4 iterations
[INFO] [1790553202.781061418] [pose_estimator]: RPE: trans 0.1624 | rot 0.00000 (0.000 deg)
Matched 317 keypoints
[INFO] [1790553202.899949043] [pose_estimator]: RANSAC: 291 inliers / 317, 3 iterations
[INFO] [1790553202.901410293] [pose_estimator]: RPE: trans 0.0958 | rot 0.00000 (0.000 deg)
Matched 285 keypoints
[INFO] [1790553203.015605710] [pose_estimator]: RANSAC: 258 inliers / 285, 3 iterations
[INFO] [1790553203.015764002] [pose_estimator]: RPE: trans 0.0215 | rot 0.00000 (0.000 deg)
Matched 365 keypoints
[INFO] [1790553203.135412168] [pose_estimator]: RANSAC: 324 inliers / 365, 3 iterations
[INFO] [1790553203.138271877] [pose_estimator]: RPE: trans 0.0663 | rot 0.00000 (0.000 deg)
Matched 359 keypoints
[INFO] [1790553203.263767168] [pose_estimator]: RANSAC: 333 inliers / 359, 4 iterations
[INFO] [1790553203.275035460] [pose_estimator]: RPE: trans 0.0150 | rot 0.00000 (0.000 deg)
Matched 377 keypoints
[INFO] [1790553203.398250418] [pose_estimator]: RANSAC: 344 inliers / 377, 3 iterations
[INFO] [1790553203.400138210] [pose_estimator]: RPE: trans 0.1364 | rot 0.00000 (0.000 deg)
Matched 334 keypoints
[INFO] [1790553203.524561752] [pose_estimator]: RANSAC: 299 inliers / 334, 3 iterations
[INFO] [1790553203.526591085] [pose_estimator]: RPE: trans 0.0490 | rot 0.00000 (0.000 deg)
Matched 367 keypoints
[INFO] [1790553203.659591002] [pose_estimator]: RANSAC: 300 inliers / 367, 5 iterations
[INFO] [1790553203.661405127] [pose_estimator]: RPE: trans 0.6734 | rot 0.00000 (0.000 deg)
Matched 333 keypoints
[INFO] [1790553203.780289960] [pose_estimator]: RANSAC: 293 inliers / 333, 4 iterations
[INFO] [1790553203.780463752] [pose_estimator]: RPE: trans 0.1758 | rot 0.00000 (0.000 deg)
Matched 379 keypoints
[INFO] [1790553203.895710585] [pose_estimator]: RANSAC: 306 inliers / 379, 5 iterations
[INFO] [1790553203.895865127] [pose_estimator]: RPE: trans 0.1447 | rot 0.00000 (0.000 deg)
Matched 367 keypoints
[INFO] [1790553204.005819919] [pose_estimator]: RANSAC: 282 inliers / 367, 6 iterations
[INFO] [1790553204.006860002] [pose_estimator]: RPE: trans 0.1488 | rot 0.00000 (0.000 deg)
Matched 383 keypoints
[INFO] [1790553204.124130085] [pose_estimator]: RANSAC: 280 inliers / 383, 7 iterations
[INFO] [1790553204.134804335] [pose_estimator]: RPE: trans 0.0743 | rot 0.00000 (0.000 deg)
Matched 353 keypoints
[INFO] [1790553204.252756044] [pose_estimator]: RANSAC: 249 inliers / 353, 7 iterations
[INFO] [1790553204.252906252] [pose_estimator]: RPE: trans 0.2015 | rot 0.00000 (0.000 deg)
Matched 399 keypoints
[INFO] [1790553204.363262210] [pose_estimator]: RANSAC: 323 inliers / 399, 5 iterations
[INFO] [1790553204.363403919] [pose_estimator]: RPE: trans 0.1949 | rot 0.00000 (0.000 deg)
Matched 436 keypoints
[INFO] [1790553204.480238419] [pose_estimator]: RANSAC: 376 inliers / 436, 4 iterations
[INFO] [1790553204.497826752] [pose_estimator]: RPE: trans 0.0645 | rot 0.00000 (0.000 deg)
Matched 413 keypoints
[INFO] [1790553204.630357461] [pose_estimator]: RANSAC: 362 inliers / 413, 4 iterations
[INFO] [1790553204.631280836] [pose_estimator]: RPE: trans 0.2507 | rot 0.00000 (0.000 deg)
Matched 415 keypoints
[INFO] [1790553204.755082211] [pose_estimator]: RANSAC: 359 inliers / 415, 4 iterations
[INFO] [1790553204.755221169] [pose_estimator]: RPE: trans 0.2051 | rot 0.00000 (0.000 deg)
Matched 337 keypoints
[INFO] [1790553204.880491377] [pose_estimator]: RANSAC: 299 inliers / 337, 3 iterations
[INFO] [1790553204.888245044] [pose_estimator]: RPE: trans 0.0673 | rot 0.00000 (0.000 deg)
Matched 340 keypoints
[INFO] [1790553205.009681711] [pose_estimator]: RANSAC: 265 inliers / 340, 5 iterations
[INFO] [1790553205.009861044] [pose_estimator]: RPE: trans 0.8925 | rot 0.00000 (0.000 deg)
Matched 360 keypoints
[INFO] [1790553205.118650003] [pose_estimator]: RANSAC: 314 inliers / 360, 4 iterations
[INFO] [1790553205.118798419] [pose_estimator]: RPE: trans 0.2737 | rot 0.00000 (0.000 deg)
Matched 370 keypoints
[INFO] [1790553205.229210878] [pose_estimator]: RANSAC: 329 inliers / 370, 4 iterations
[INFO] [1790553205.229376628] [pose_estimator]: RPE: trans 0.4466 | rot 0.00000 (0.000 deg)
Matched 391 keypoints
[INFO] [1790553205.345826211] [pose_estimator]: RANSAC: 343 inliers / 391, 5 iterations
[INFO] [1790553205.347797961] [pose_estimator]: RPE: trans 0.0647 | rot 0.00000 (0.000 deg)
Matched 334 keypoints
[INFO] [1790553205.477124878] [pose_estimator]: RANSAC: 294 inliers / 334, 4 iterations
[INFO] [1790553205.477247461] [pose_estimator]: RPE: trans 0.0595 | rot 0.00000 (0.000 deg)
Matched 349 keypoints
[INFO] [1790553205.593918044] [pose_estimator]: RANSAC: 315 inliers / 349, 3 iterations
[INFO] [1790553205.594057419] [pose_estimator]: RPE: trans 0.3238 | rot 0.00000 (0.000 deg)
Matched 372 keypoints
[INFO] [1790553205.722220211] [pose_estimator]: RANSAC: 322 inliers / 372, 4 iterations
[INFO] [1790553205.740578503] [pose_estimator]: RPE: trans 0.8342 | rot 0.00000 (0.000 deg)
Matched 303 keypoints
[INFO] [1790553205.880560920] [pose_estimator]: RANSAC: 275 inliers / 303, 3 iterations
[INFO] [1790553205.880923670] [pose_estimator]: RPE: trans 0.0272 | rot 0.00000 (0.000 deg)
Matched 374 keypoints
[INFO] [1790553205.997999336] [pose_estimator]: RANSAC: 347 inliers / 374, 3 iterations
[INFO] [1790553205.998146003] [pose_estimator]: RPE: trans 0.0145 | rot 0.00000 (0.000 deg)
Matched 341 keypoints
[INFO] [1790553206.111008170] [pose_estimator]: RANSAC: 313 inliers / 341, 3 iterations
[INFO] [1790553206.111146670] [pose_estimator]: RPE: trans 0.0770 | rot 0.00000 (0.000 deg)
Matched 321 keypoints
[INFO] [1790553206.240387628] [pose_estimator]: RANSAC: 295 inliers / 321, 3 iterations
[INFO] [1790553206.251474461] [pose_estimator]: RPE: trans 0.1324 | rot 0.00000 (0.000 deg)
Matched 385 keypoints
[INFO] [1790553206.383621378] [pose_estimator]: RANSAC: 348 inliers / 385, 3 iterations
[INFO] [1790553206.389768503] [pose_estimator]: RPE: trans 0.6632 | rot 0.00000 (0.000 deg)
Matched 411 keypoints
[INFO] [1790553206.503897628] [pose_estimator]: RANSAC: 369 inliers / 411, 3 iterations
[INFO] [1790553206.504044795] [pose_estimator]: RPE: trans 0.1521 | rot 0.00000 (0.000 deg)
Matched 315 keypoints
[INFO] [1790553206.612347003] [pose_estimator]: RANSAC: 278 inliers / 315, 4 iterations
[INFO] [1790553206.614892628] [pose_estimator]: RPE: trans 0.0720 | rot 0.00000 (0.000 deg)
Matched 364 keypoints
[INFO] [1790553206.728386962] [pose_estimator]: RANSAC: 332 inliers / 364, 3 iterations
[INFO] [1790553206.733805587] [pose_estimator]: RPE: trans 0.1388 | rot 0.00000 (0.000 deg)
Matched 304 keypoints
[INFO] [1790553206.851718128] [pose_estimator]: RANSAC: 266 inliers / 304, 4 iterations
[INFO] [1790553206.851862503] [pose_estimator]: RPE: trans 0.0971 | rot 0.00000 (0.000 deg)
Matched 253 keypoints
[INFO] [1790553206.962384503] [pose_estimator]: RANSAC: 215 inliers / 253, 4 iterations
[INFO] [1790553206.962523253] [pose_estimator]: RPE: trans 0.0214 | rot 0.00000 (0.000 deg)
Matched 324 keypoints
[INFO] [1790553207.070578045] [pose_estimator]: RANSAC: 286 inliers / 324, 4 iterations
[INFO] [1790553207.071398628] [pose_estimator]: RPE: trans 0.0745 | rot 0.00000 (0.000 deg)
Matched 325 keypoints
[INFO] [1790553207.192974045] [pose_estimator]: RANSAC: 264 inliers / 325, 5 iterations
[INFO] [1790553207.206754628] [pose_estimator]: RPE: trans 0.0912 | rot 0.00000 (0.000 deg)
Matched 243 keypoints
[INFO] [1790553207.345040504] [pose_estimator]: RANSAC: 205 inliers / 243, 4 iterations
[INFO] [1790553207.345194754] [pose_estimator]: RPE: trans 0.0759 | rot 0.00000 (0.000 deg)
Matched 293 keypoints
[INFO] [1790553207.453804795] [pose_estimator]: RANSAC: 255 inliers / 293, 4 iterations
[INFO] [1790553207.453954920] [pose_estimator]: RPE: trans 0.0177 | rot 0.00000 (0.000 deg)
Matched 295 keypoints
[INFO] [1790553207.565547879] [pose_estimator]: RANSAC: 244 inliers / 295, 4 iterations
[INFO] [1790553207.567494879] [pose_estimator]: RPE: trans 0.7734 | rot 0.00000 (0.000 deg)
Matched 307 keypoints
[INFO] [1790553207.679472337] [pose_estimator]: RANSAC: 253 inliers / 307, 5 iterations
[INFO] [1790553207.679587004] [pose_estimator]: RPE: trans 0.0451 | rot 0.00000 (0.000 deg)
Matched 292 keypoints
[INFO] [1790553207.792060629] [pose_estimator]: RANSAC: 254 inliers / 292, 4 iterations
[INFO] [1790553207.792235379] [pose_estimator]: RPE: trans 0.0261 | rot 0.00000 (0.000 deg)
Matched 325 keypoints
[INFO] [1790553207.905707295] [pose_estimator]: RANSAC: 275 inliers / 325, 4 iterations
[INFO] [1790553207.906686837] [pose_estimator]: RPE: trans 0.2502 | rot 0.00000 (0.000 deg)
Matched 287 keypoints
[INFO] [1790553208.018066212] [pose_estimator]: RANSAC: 237 inliers / 287, 5 iterations
[INFO] [1790553208.021931546] [pose_estimator]: RPE: trans 0.0144 | rot 0.00000 (0.000 deg)
Matched 320 keypoints
[INFO] [1790553208.138671421] [pose_estimator]: RANSAC: 279 inliers / 320, 4 iterations
[INFO] [1790553208.146111546] [pose_estimator]: RPE: trans 0.0171 | rot 0.00000 (0.000 deg)
Matched 334 keypoints
[INFO] [1790553208.261939712] [pose_estimator]: RANSAC: 266 inliers / 334, 5 iterations
[INFO] [1790553208.262097504] [pose_estimator]: RPE: trans 0.0557 | rot 0.00000 (0.000 deg)
Matched 307 keypoints
[INFO] [1790553208.381842379] [pose_estimator]: RANSAC: 259 inliers / 307, 4 iterations
[INFO] [1790553208.384040879] [pose_estimator]: RPE: trans 0.0221 | rot 0.00000 (0.000 deg)
Matched 354 keypoints
[INFO] [1790553208.508042629] [pose_estimator]: RANSAC: 302 inliers / 354, 4 iterations
[INFO] [1790553208.521570296] [pose_estimator]: RPE: trans 0.1524 | rot 0.00000 (0.000 deg)
Matched 265 keypoints
[INFO] [1790553208.662431879] [pose_estimator]: RANSAC: 205 inliers / 265, 6 iterations
[INFO] [1790553208.663005838] [pose_estimator]: RPE: trans 0.3176 | rot 0.00000 (0.000 deg)
Matched 304 keypoints
[INFO] [1790553208.777142296] [pose_estimator]: RANSAC: 264 inliers / 304, 4 iterations
[INFO] [1790553208.777304713] [pose_estimator]: RPE: trans 0.1882 | rot 0.00000 (0.000 deg)
Matched 338 keypoints
[INFO] [1790553208.899105713] [pose_estimator]: RANSAC: 292 inliers / 338, 4 iterations
[INFO] [1790553208.914795504] [pose_estimator]: RPE: trans 0.1981 | rot 0.00000 (0.000 deg)
Matched 317 keypoints
[INFO] [1790553209.066569504] [pose_estimator]: RANSAC: 276 inliers / 317, 4 iterations
[INFO] [1790553209.070598296] [pose_estimator]: RPE: trans 0.1062 | rot 0.00000 (0.000 deg)
Matched 313 keypoints
[INFO] [1790553209.187290088] [pose_estimator]: RANSAC: 270 inliers / 313, 4 iterations
[INFO] [1790553209.187457463] [pose_estimator]: RPE: trans 0.1234 | rot 0.00000 (0.000 deg)
Matched 368 keypoints
[INFO] [1790553209.314739171] [pose_estimator]: RANSAC: 320 inliers / 368, 4 iterations
[INFO] [1790553209.337781755] [pose_estimator]: RPE: trans 0.1820 | rot 0.00000 (0.000 deg)
Matched 347 keypoints
[INFO] [1790553209.459126963] [pose_estimator]: RANSAC: 295 inliers / 347, 4 iterations
[INFO] [1790553209.460158338] [pose_estimator]: RPE: trans 0.3234 | rot 0.00000 (0.000 deg)
Matched 359 keypoints
[INFO] [1790553209.609800880] [pose_estimator]: RANSAC: 309 inliers / 359, 4 iterations
[INFO] [1790553209.614833005] [pose_estimator]: RPE: trans 0.2529 | rot 0.00000 (0.000 deg)
Matched 286 keypoints
[INFO] [1790553209.729687130] [pose_estimator]: RANSAC: 225 inliers / 286, 5 iterations
[INFO] [1790553209.731605338] [pose_estimator]: RPE: trans 0.0453 | rot 0.00000 (0.000 deg)
Matched 329 keypoints
[INFO] [1790553209.904267963] [pose_estimator]: RANSAC: 277 inliers / 329, 4 iterations
[INFO] [1790553209.926438963] [pose_estimator]: RPE: trans 0.0209 | rot 0.00000 (0.000 deg)
Matched 292 keypoints
[INFO] [1790553210.056581630] [pose_estimator]: RANSAC: 251 inliers / 292, 4 iterations
[INFO] [1790553210.056733505] [pose_estimator]: RPE: trans 0.2870 | rot 0.00000 (0.000 deg)
Matched 296 keypoints
[INFO] [1790553210.175199213] [pose_estimator]: RANSAC: 251 inliers / 296, 4 iterations
[INFO] [1790553210.183311630] [pose_estimator]: RPE: trans 0.2385 | rot 0.00000 (0.000 deg)
Matched 351 keypoints
[INFO] [1790553210.322184338] [pose_estimator]: RANSAC: 305 inliers / 351, 4 iterations
[INFO] [1790553210.329755838] [pose_estimator]: RPE: trans 0.7836 | rot 0.00000 (0.000 deg)
Matched 305 keypoints
[INFO] [1790553210.442955963] [pose_estimator]: RANSAC: 267 inliers / 305, 4 iterations
[INFO] [1790553210.443078047] [pose_estimator]: RPE: trans 0.3086 | rot 0.00000 (0.000 deg)
Matched 376 keypoints
[INFO] [1790553210.554452547] [pose_estimator]: RANSAC: 330 inliers / 376, 4 iterations
[INFO] [1790553210.554608922] [pose_estimator]: RPE: trans 0.1416 | rot 0.00000 (0.000 deg)
Matched 294 keypoints
[INFO] [1790553210.670280547] [pose_estimator]: RANSAC: 257 inliers / 294, 4 iterations
[INFO] [1790553210.673468547] [pose_estimator]: RPE: trans 0.0440 | rot 0.00000 (0.000 deg)
Matched 347 keypoints
[INFO] [1790553210.801997464] [pose_estimator]: RANSAC: 310 inliers / 347, 3 iterations
[INFO] [1790553210.807454630] [pose_estimator]: RPE: trans 0.0216 | rot 0.00000 (0.000 deg)
Matched 348 keypoints
[INFO] [1790553210.929133547] [pose_estimator]: RANSAC: 296 inliers / 348, 4 iterations
[INFO] [1790553210.929348464] [pose_estimator]: RPE: trans 0.1197 | rot 0.00000 (0.000 deg)
Matched 370 keypoints
[INFO] [1790553211.048705214] [pose_estimator]: RANSAC: 340 inliers / 370, 3 iterations
[INFO] [1790553211.052751172] [pose_estimator]: RPE: trans 0.2768 | rot 0.00000 (0.000 deg)
Matched 396 keypoints
[INFO] [1790553211.177423839] [pose_estimator]: RANSAC: 354 inliers / 396, 3 iterations
[INFO] [1790553211.191038172] [pose_estimator]: RPE: trans 0.0310 | rot 0.00000 (0.000 deg)
Matched 317 keypoints
[INFO] [1790553211.304044880] [pose_estimator]: RANSAC: 278 inliers / 317, 4 iterations
[INFO] [1790553211.304190297] [pose_estimator]: RPE: trans 0.0179 | rot 0.00000 (0.000 deg)
Matched 353 keypoints
[INFO] [1790553211.421202631] [pose_estimator]: RANSAC: 312 inliers / 353, 4 iterations
[INFO] [1790553211.421336381] [pose_estimator]: RPE: trans 0.0285 | rot 0.00000 (0.000 deg)
Matched 334 keypoints
[INFO] [1790553211.558687506] [pose_estimator]: RANSAC: 285 inliers / 334, 4 iterations
[INFO] [1790553211.561390047] [pose_estimator]: RPE: trans 0.1022 | rot 0.00000 (0.000 deg)
Matched 330 keypoints
[INFO] [1790553211.687698922] [pose_estimator]: RANSAC: 283 inliers / 330, 4 iterations
[INFO] [1790553211.690790381] [pose_estimator]: RPE: trans 0.0060 | rot 0.00000 (0.000 deg)
Matched 410 keypoints
[INFO] [1790553211.815705047] [pose_estimator]: RANSAC: 380 inliers / 410, 3 iterations
[INFO] [1790553211.815850256] [pose_estimator]: RPE: trans 0.0282 | rot 0.00000 (0.000 deg)
Matched 378 keypoints
[INFO] [1790553211.940288589] [pose_estimator]: RANSAC: 337 inliers / 378, 3 iterations
[INFO] [1790553211.958487006] [pose_estimator]: RPE: trans 0.0309 | rot 0.00000 (0.000 deg)
Matched 426 keypoints
[INFO] [1790553212.090152631] [pose_estimator]: RANSAC: 384 inliers / 426, 3 iterations
[INFO] [1790553212.090295214] [pose_estimator]: RPE: trans 0.0890 | rot 0.00000 (0.000 deg)
Matched 458 keypoints
[INFO] [1790553212.215056756] [pose_estimator]: RANSAC: 400 inliers / 458, 4 iterations
[INFO] [1790553212.215203964] [pose_estimator]: RPE: trans 0.0145 | rot 0.00000 (0.000 deg)
Matched 474 keypoints
[INFO] [1790553212.334514089] [pose_estimator]: RANSAC: 413 inliers / 474, 4 iterations
[INFO] [1790553212.336483173] [pose_estimator]: RPE: trans 0.1441 | rot 0.00000 (0.000 deg)
Matched 438 keypoints
[INFO] [1790553212.460951256] [pose_estimator]: RANSAC: 376 inliers / 438, 4 iterations
[INFO] [1790553212.463882256] [pose_estimator]: RPE: trans 0.0097 | rot 0.00000 (0.000 deg)
Matched 464 keypoints
[INFO] [1790553212.584350673] [pose_estimator]: RANSAC: 402 inliers / 464, 4 iterations
[INFO] [1790553212.584500673] [pose_estimator]: RPE: trans 0.0993 | rot 0.00000 (0.000 deg)
Matched 434 keypoints
[INFO] [1790553212.706102214] [pose_estimator]: RANSAC: 371 inliers / 434, 5 iterations
[INFO] [1790553212.706263714] [pose_estimator]: RPE: trans 0.0102 | rot 0.00000 (0.000 deg)
Matched 433 keypoints
[INFO] [1790553212.825493715] [pose_estimator]: RANSAC: 366 inliers / 433, 4 iterations
[INFO] [1790553212.825943840] [pose_estimator]: RPE: trans 0.0528 | rot 0.00000 (0.000 deg)
Matched 443 keypoints
[INFO] [1790553212.949779590] [pose_estimator]: RANSAC: 383 inliers / 443, 4 iterations
[INFO] [1790553212.949944673] [pose_estimator]: RPE: trans 0.1338 | rot 0.00000 (0.000 deg)
Matched 462 keypoints
[INFO] [1790553213.068123256] [pose_estimator]: RANSAC: 409 inliers / 462, 4 iterations
[INFO] [1790553213.068277173] [pose_estimator]: RPE: trans 0.1796 | rot 0.00000 (0.000 deg)
Matched 460 keypoints
[INFO] [1790553213.198047423] [pose_estimator]: RANSAC: 413 inliers / 460, 4 iterations
[INFO] [1790553213.228701798] [pose_estimator]: RPE: trans 0.0327 | rot 0.00000 (0.000 deg)
Matched 452 keypoints
[INFO] [1790553213.382101673] [pose_estimator]: RANSAC: 394 inliers / 452, 4 iterations
[INFO] [1790553213.386412256] [pose_estimator]: RPE: trans 0.0990 | rot 0.00000 (0.000 deg)
Matched 481 keypoints
[INFO] [1790553213.520807048] [pose_estimator]: RANSAC: 430 inliers / 481, 4 iterations
[INFO] [1790553213.523503132] [pose_estimator]: RPE: trans 0.0536 | rot 0.00000 (0.000 deg)
Matched 442 keypoints
[INFO] [1790553213.645078965] [pose_estimator]: RANSAC: 379 inliers / 442, 4 iterations
[INFO] [1790553213.646290340] [pose_estimator]: RPE: trans 0.0079 | rot 0.00000 (0.000 deg)
Matched 523 keypoints
[INFO] [1790553213.788481173] [pose_estimator]: RANSAC: 430 inliers / 523, 5 iterations
[INFO] [1790553213.790336923] [pose_estimator]: RPE: trans 0.0824 | rot 0.00000 (0.000 deg)
Matched 453 keypoints
[INFO] [1790553213.925210423] [pose_estimator]: RANSAC: 382 inliers / 453, 4 iterations
[INFO] [1790553213.925360673] [pose_estimator]: RPE: trans 0.0786 | rot 0.00000 (0.000 deg)
Matched 428 keypoints
[INFO] [1790553214.044055340] [pose_estimator]: RANSAC: 358 inliers / 428, 4 iterations
[INFO] [1790553214.044194382] [pose_estimator]: RPE: trans 0.0289 | rot 0.00000 (0.000 deg)
Matched 449 keypoints
[INFO] [1790553214.165424257] [pose_estimator]: RANSAC: 375 inliers / 449, 4 iterations
[INFO] [1790553214.168767965] [pose_estimator]: RPE: trans 0.0805 | rot 0.00000 (0.000 deg)
Matched 412 keypoints
[INFO] [1790553214.287652382] [pose_estimator]: RANSAC: 347 inliers / 412, 4 iterations
[INFO] [1790553214.287791090] [pose_estimator]: RPE: trans 0.0537 | rot 0.00000 (0.000 deg)
Matched 396 keypoints
[INFO] [1790553214.402338590] [pose_estimator]: RANSAC: 346 inliers / 396, 4 iterations
[INFO] [1790553214.402474049] [pose_estimator]: RPE: trans 0.0203 | rot 0.00000 (0.000 deg)
Matched 441 keypoints
[INFO] [1790553214.518649840] [pose_estimator]: RANSAC: 376 inliers / 441, 4 iterations
[INFO] [1790553214.519168382] [pose_estimator]: RPE: trans 0.0202 | rot 0.00000 (0.000 deg)
Matched 469 keypoints
[INFO] [1790553214.643389174] [pose_estimator]: RANSAC: 392 inliers / 469, 4 iterations
[INFO] [1790553214.646286340] [pose_estimator]: RPE: trans 0.1563 | rot 0.00000 (0.000 deg)
Matched 454 keypoints
[INFO] [1790553214.772341715] [pose_estimator]: RANSAC: 395 inliers / 454, 4 iterations
[INFO] [1790553214.772496632] [pose_estimator]: RPE: trans 0.0676 | rot 0.00000 (0.000 deg)
Matched 451 keypoints
[INFO] [1790553214.889349632] [pose_estimator]: RANSAC: 389 inliers / 451, 4 iterations
[INFO] [1790553214.889516674] [pose_estimator]: RPE: trans 0.0133 | rot 0.00000 (0.000 deg)
Matched 454 keypoints
[INFO] [1790553215.023631341] [pose_estimator]: RANSAC: 388 inliers / 454, 4 iterations
[INFO] [1790553215.042719632] [pose_estimator]: RPE: trans 0.1547 | rot 0.00000 (0.000 deg)
Matched 443 keypoints
[INFO] [1790553215.163334591] [pose_estimator]: RANSAC: 389 inliers / 443, 4 iterations
[INFO] [1790553215.166234382] [pose_estimator]: RPE: trans 0.0330 | rot 0.00000 (0.000 deg)
Matched 469 keypoints
[INFO] [1790553215.293033466] [pose_estimator]: RANSAC: 405 inliers / 469, 4 iterations
[INFO] [1790553215.293194591] [pose_estimator]: RPE: trans 0.0204 | rot 0.00000 (0.000 deg)
Matched 475 keypoints
[INFO] [1790553215.417300924] [pose_estimator]: RANSAC: 404 inliers / 475, 4 iterations
[INFO] [1790553215.418102507] [pose_estimator]: RPE: trans 0.0131 | rot 0.00000 (0.000 deg)
Matched 470 keypoints
[INFO] [1790553215.544382716] [pose_estimator]: RANSAC: 400 inliers / 470, 4 iterations
[INFO] [1790553215.546027841] [pose_estimator]: RPE: trans 0.0843 | rot 0.00000 (0.000 deg)
Matched 488 keypoints
[INFO] [1790553215.664889508] [pose_estimator]: RANSAC: 416 inliers / 488, 4 iterations
[INFO] [1790553215.665055799] [pose_estimator]: RPE: trans 0.0400 | rot 0.00000 (0.000 deg)
Matched 454 keypoints
[INFO] [1790553215.784386174] [pose_estimator]: RANSAC: 380 inliers / 454, 4 iterations
[INFO] [1790553215.784533049] [pose_estimator]: RPE: trans 0.0447 | rot 0.00000 (0.000 deg)
Matched 418 keypoints
[INFO] [1790553215.900003216] [pose_estimator]: RANSAC: 367 inliers / 418, 4 iterations
[INFO] [1790553215.901628258] [pose_estimator]: RPE: trans 0.0235 | rot 0.00000 (0.000 deg)
Matched 439 keypoints
[INFO] [1790553216.030953216] [pose_estimator]: RANSAC: 368 inliers / 439, 4 iterations
[INFO] [1790553216.031554383] [pose_estimator]: RPE: trans 0.1154 | rot 0.00000 (0.000 deg)
Matched 418 keypoints
[INFO] [1790553216.151505466] [pose_estimator]: RANSAC: 369 inliers / 418, 4 iterations
[INFO] [1790553216.151651633] [pose_estimator]: RPE: trans 0.1301 | rot 0.00000 (0.000 deg)
Matched 442 keypoints
[INFO] [1790553216.270815633] [pose_estimator]: RANSAC: 379 inliers / 442, 4 iterations
[INFO] [1790553216.274067883] [pose_estimator]: RPE: trans 0.0250 | rot 0.00000 (0.000 deg)
Matched 434 keypoints
[INFO] [1790553216.412597133] [pose_estimator]: RANSAC: 363 inliers / 434, 5 iterations
[INFO] [1790553216.412927591] [pose_estimator]: RPE: trans 0.0315 | rot 0.00000 (0.000 deg)
Matched 407 keypoints
[INFO] [1790553216.534583425] [pose_estimator]: RANSAC: 342 inliers / 407, 4 iterations
[INFO] [1790553216.534726925] [pose_estimator]: RPE: trans 0.0323 | rot 0.00000 (0.000 deg)
Matched 413 keypoints
[INFO] [1790553216.654983341] [pose_estimator]: RANSAC: 343 inliers / 413, 4 iterations
[INFO] [1790553216.655128008] [pose_estimator]: RPE: trans 0.0819 | rot 0.00000 (0.000 deg)
Matched 462 keypoints
[INFO] [1790553216.781083841] [pose_estimator]: RANSAC: 390 inliers / 462, 4 iterations
[INFO] [1790553216.782925508] [pose_estimator]: RPE: trans 0.0108 | rot 0.00000 (0.000 deg)
Matched 460 keypoints
[INFO] [1790553216.908675675] [pose_estimator]: RANSAC: 393 inliers / 460, 4 iterations
[INFO] [1790553216.908833800] [pose_estimator]: RPE: trans 0.0385 | rot 0.00000 (0.000 deg)
Matched 417 keypoints
[INFO] [1790553217.031572758] [pose_estimator]: RANSAC: 372 inliers / 417, 3 iterations
[INFO] [1790553217.031736008] [pose_estimator]: RPE: trans 0.0162 | rot 0.00000 (0.000 deg)
Matched 428 keypoints
[INFO] [1790553217.155642925] [pose_estimator]: RANSAC: 382 inliers / 428, 3 iterations
[INFO] [1790553217.173281092] [pose_estimator]: RPE: trans 0.0288 | rot 0.00000 (0.000 deg)
Matched 402 keypoints
[INFO] [1790553217.291041675] [pose_estimator]: RANSAC: 357 inliers / 402, 4 iterations
[INFO] [1790553217.291243300] [pose_estimator]: RPE: trans 0.0164 | rot 0.00000 (0.000 deg)
Matched 401 keypoints
[INFO] [1790553217.416417175] [pose_estimator]: RANSAC: 353 inliers / 401, 4 iterations
[INFO] [1790553217.416571925] [pose_estimator]: RPE: trans 0.0325 | rot 0.00000 (0.000 deg)
Matched 388 keypoints
[INFO] [1790553217.534686633] [pose_estimator]: RANSAC: 337 inliers / 388, 4 iterations
[INFO] [1790553217.534820008] [pose_estimator]: RPE: trans 0.0086 | rot 0.00000 (0.000 deg)
Matched 410 keypoints
[INFO] [1790553217.655527425] [pose_estimator]: RANSAC: 366 inliers / 410, 3 iterations
[INFO] [1790553217.668041092] [pose_estimator]: RPE: trans 0.0058 | rot 0.00000 (0.000 deg)
Matched 430 keypoints
[INFO] [1790553218.506910301] [pose_estimator]: RANSAC: 372 inliers / 430, 4 iterations
[INFO] [1790553218.537287759] [pose_estimator]: RPE: trans 0.0329 | rot 0.00000 (0.000 deg)
Matched 304 keypoints
[INFO] [1790553218.721124509] [pose_estimator]: RANSAC: 243 inliers / 304, 5 iterations
[INFO] [1790553218.721284634] [pose_estimator]: RPE: trans 0.0096 | rot 0.00000 (0.000 deg)
Matched 397 keypoints
[INFO] [1790553218.835700426] [pose_estimator]: RANSAC: 332 inliers / 397, 4 iterations
[INFO] [1790553218.837145051] [pose_estimator]: RPE: trans 0.0171 | rot 0.00000 (0.000 deg)
Matched 445 keypoints
[INFO] [1790553219.043488009] [pose_estimator]: RANSAC: 397 inliers / 445, 4 iterations
[INFO] [1790553219.045346384] [pose_estimator]: RPE: trans 0.0013 | rot 0.00000 (0.000 deg)
Matched 362 keypoints
[INFO] [1790553219.168709343] [pose_estimator]: RANSAC: 323 inliers / 362, 3 iterations
[INFO] [1790553219.169504509] [pose_estimator]: RPE: trans 0.0265 | rot 0.00000 (0.000 deg)
Matched 367 keypoints
[INFO] [1790553219.298732634] [pose_estimator]: RANSAC: 316 inliers / 367, 4 iterations
[INFO] [1790553219.304732801] [pose_estimator]: RPE: trans 0.0032 | rot 0.00000 (0.000 deg)
Matched 466 keypoints
[INFO] [1790553219.464532634] [pose_estimator]: RANSAC: 389 inliers / 466, 5 iterations
[INFO] [1790553219.469395593] [pose_estimator]: RPE: trans 0.0561 | rot 0.00000 (0.000 deg)
Matched 409 keypoints
[INFO] [1790553219.592587134] [pose_estimator]: RANSAC: 357 inliers / 409, 4 iterations
[INFO] [1790553219.595614801] [pose_estimator]: RPE: trans 0.0129 | rot 0.00000 (0.000 deg)
Matched 392 keypoints
[INFO] [1790553219.731569634] [pose_estimator]: RANSAC: 349 inliers / 392, 3 iterations
[INFO] [1790553219.734197301] [pose_estimator]: RPE: trans 0.0248 | rot 0.00000 (0.000 deg)
Matched 407 keypoints
[INFO] [1790553219.886602051] [pose_estimator]: RANSAC: 349 inliers / 407, 4 iterations
[INFO] [1790553219.889274010] [pose_estimator]: RPE: trans 0.0482 | rot 0.00000 (0.000 deg)
Matched 384 keypoints
[INFO] [1790553220.013346718] [pose_estimator]: RANSAC: 333 inliers / 384, 4 iterations
[INFO] [1790553220.018827301] [pose_estimator]: RPE: trans 0.0474 | rot 0.00000 (0.000 deg)
Matched 375 keypoints
[INFO] [1790553220.133989885] [pose_estimator]: RANSAC: 333 inliers / 375, 3 iterations
[INFO] [1790553220.134145551] [pose_estimator]: RPE: trans 0.0341 | rot 0.00000 (0.000 deg)
Matched 392 keypoints
[INFO] [1790553220.251932010] [pose_estimator]: RANSAC: 346 inliers / 392, 4 iterations
[INFO] [1790553220.253086635] [pose_estimator]: RPE: trans 0.0754 | rot 0.00000 (0.000 deg)
Matched 353 keypoints
[INFO] [1790553220.376489510] [pose_estimator]: RANSAC: 308 inliers / 353, 4 iterations
[INFO] [1790553220.378086260] [pose_estimator]: RPE: trans 0.0319 | rot 0.00000 (0.000 deg)
Matched 373 keypoints
[INFO] [1790553220.501727677] [pose_estimator]: RANSAC: 317 inliers / 373, 4 iterations
[INFO] [1790553220.501879802] [pose_estimator]: RPE: trans 0.0652 | rot 0.00000 (0.000 deg)
Matched 377 keypoints
[INFO] [1790553220.621530343] [pose_estimator]: RANSAC: 335 inliers / 377, 3 iterations
[INFO] [1790553220.624390177] [pose_estimator]: RPE: trans 0.0603 | rot 0.00000 (0.000 deg)
Matched 378 keypoints
[INFO] [1790553220.743982635] [pose_estimator]: RANSAC: 320 inliers / 378, 4 iterations
[INFO] [1790553220.746042593] [pose_estimator]: RPE: trans 0.0124 | rot 0.00000 (0.000 deg)
Matched 405 keypoints
[INFO] [1790553220.867674427] [pose_estimator]: RANSAC: 338 inliers / 405, 4 iterations
[INFO] [1790553220.867827427] [pose_estimator]: RPE: trans 0.0350 | rot 0.00000 (0.000 deg)
Matched 397 keypoints
[INFO] [1790553220.984527927] [pose_estimator]: RANSAC: 340 inliers / 397, 4 iterations
[INFO] [1790553220.984732635] [pose_estimator]: RPE: trans 0.0241 | rot 0.00000 (0.000 deg)
Matched 383 keypoints
[INFO] [1790553221.109839135] [pose_estimator]: RANSAC: 328 inliers / 383, 4 iterations
[INFO] [1790553221.113495885] [pose_estimator]: RPE: trans 0.0393 | rot 0.00000 (0.000 deg)
Matched 375 keypoints
[INFO] [1790553221.238962094] [pose_estimator]: RANSAC: 316 inliers / 375, 4 iterations
[INFO] [1790553221.239184844] [pose_estimator]: RPE: trans 0.0318 | rot 0.00000 (0.000 deg)
Matched 430 keypoints
[INFO] [1790553221.368440635] [pose_estimator]: RANSAC: 375 inliers / 430, 4 iterations
[INFO] [1790553221.368614344] [pose_estimator]: RPE: trans 0.0417 | rot 0.00000 (0.000 deg)
Matched 393 keypoints
[INFO] [1790553221.492640677] [pose_estimator]: RANSAC: 341 inliers / 393, 4 iterations
[INFO] [1790553221.493147510] [pose_estimator]: RPE: trans 0.0217 | rot 0.00000 (0.000 deg)
Matched 395 keypoints
[INFO] [1790553221.636831969] [pose_estimator]: RANSAC: 325 inliers / 395, 5 iterations
[INFO] [1790553221.643728844] [pose_estimator]: RPE: trans 0.0021 | rot 0.00000 (0.000 deg)
Matched 430 keypoints
[INFO] [1790553221.803756844] [pose_estimator]: RANSAC: 358 inliers / 430, 4 iterations
[INFO] [1790553221.803961344] [pose_estimator]: RPE: trans 0.0040 | rot 0.00000 (0.000 deg)
Matched 388 keypoints
[INFO] [1790553221.927167636] [pose_estimator]: RANSAC: 332 inliers / 388, 4 iterations
[INFO] [1790553221.927746677] [pose_estimator]: RPE: trans 0.0203 | rot 0.00000 (0.000 deg)
Matched 426 keypoints
[INFO] [1790553222.066876177] [pose_estimator]: RANSAC: 354 inliers / 426, 5 iterations
[INFO] [1790553222.068546677] [pose_estimator]: RPE: trans 0.0165 | rot 0.00000 (0.000 deg)
Matched 411 keypoints
[INFO] [1790553222.202376886] [pose_estimator]: RANSAC: 327 inliers / 411, 5 iterations
[INFO] [1790553222.202614927] [pose_estimator]: RPE: trans 0.0266 | rot 0.00000 (0.000 deg)
Matched 404 keypoints
[INFO] [1790553222.323316761] [pose_estimator]: RANSAC: 339 inliers / 404, 4 iterations
[INFO] [1790553222.323481344] [pose_estimator]: RPE: trans 0.0077 | rot 0.00000 (0.000 deg)
Matched 363 keypoints
[INFO] [1790553222.448218761] [pose_estimator]: RANSAC: 309 inliers / 363, 4 iterations
[INFO] [1790553222.450837552] [pose_estimator]: RPE: trans 0.0055 | rot 0.00000 (0.000 deg)
Matched 370 keypoints
[INFO] [1790553222.578761886] [pose_estimator]: RANSAC: 320 inliers / 370, 4 iterations
[INFO] [1790553222.578922802] [pose_estimator]: RPE: trans 0.0185 | rot 0.00000 (0.000 deg)
Matched 361 keypoints
[INFO] [1790553222.697221886] [pose_estimator]: RANSAC: 293 inliers / 361, 5 iterations
[INFO] [1790553222.697361386] [pose_estimator]: RPE: trans 0.0042 | rot 0.00000 (0.000 deg)
Matched 331 keypoints
[INFO] [1790553222.831474678] [pose_estimator]: RANSAC: 273 inliers / 331, 5 iterations
[INFO] [1790553222.833252844] [pose_estimator]: RPE: trans 0.0011 | rot 0.00000 (0.000 deg)
Matched 376 keypoints
[INFO] [1790553222.953787428] [pose_estimator]: RANSAC: 324 inliers / 376, 4 iterations
[INFO] [1790553222.957481469] [pose_estimator]: RPE: trans 0.0145 | rot 0.00000 (0.000 deg)
Matched 430 keypoints
[INFO] [1790553223.078602803] [pose_estimator]: RANSAC: 368 inliers / 430, 4 iterations
[INFO] [1790553223.078765053] [pose_estimator]: RPE: trans 0.0364 | rot 0.00000 (0.000 deg)
Matched 398 keypoints
[INFO] [1790553223.202721219] [pose_estimator]: RANSAC: 335 inliers / 398, 4 iterations
[INFO] [1790553223.202979094] [pose_estimator]: RPE: trans 0.0323 | rot 0.00000 (0.000 deg)
Matched 419 keypoints
[INFO] [1790553223.331332470] [pose_estimator]: RANSAC: 357 inliers / 419, 4 iterations
[INFO] [1790553223.332905720] [pose_estimator]: RPE: trans 0.0435 | rot 0.00000 (0.000 deg)
Matched 441 keypoints
[INFO] [1790553223.465693761] [pose_estimator]: RANSAC: 377 inliers / 441, 4 iterations
[INFO] [1790553223.465895636] [pose_estimator]: RPE: trans 0.1312 | rot 0.00000 (0.000 deg)
Matched 378 keypoints
[INFO] [1790553223.605571428] [pose_estimator]: RANSAC: 326 inliers / 378, 4 iterations
[INFO] [1790553223.605893845] [pose_estimator]: RPE: trans 0.0078 | rot 0.00000 (0.000 deg)
Matched 386 keypoints
[INFO] [1790553223.738283136] [pose_estimator]: RANSAC: 328 inliers / 386, 4 iterations
[INFO] [1790553223.739433220] [pose_estimator]: RPE: trans 0.0450 | rot 0.00000 (0.000 deg)
Matched 402 keypoints
[INFO] [1790553223.860916928] [pose_estimator]: RANSAC: 351 inliers / 402, 4 iterations
[INFO] [1790553223.863925553] [pose_estimator]: RPE: trans 0.0702 | rot 0.00000 (0.000 deg)
Matched 371 keypoints
[INFO] [1790553223.979417886] [pose_estimator]: RANSAC: 332 inliers / 371, 3 iterations
[INFO] [1790553223.979572136] [pose_estimator]: RPE: trans 0.0050 | rot 0.00000 (0.000 deg)
Matched 386 keypoints
[INFO] [1790553224.154112595] [pose_estimator]: RANSAC: 346 inliers / 386, 3 iterations
[INFO] [1790553224.160465887] [pose_estimator]: RPE: trans 0.0463 | rot 0.00000 (0.000 deg)
Matched 331 keypoints
[INFO] [1790553224.312826387] [pose_estimator]: RANSAC: 289 inliers / 331, 4 iterations
[INFO] [1790553224.327421220] [pose_estimator]: RPE: trans 0.0647 | rot 0.00000 (0.000 deg)
Matched 333 keypoints
[INFO] [1790553224.469998262] [pose_estimator]: RANSAC: 300 inliers / 333, 3 iterations
[INFO] [1790553224.503140012] [pose_estimator]: RPE: trans 0.1445 | rot 0.00000 (0.000 deg)
Matched 354 keypoints
[INFO] [1790553224.633690095] [pose_estimator]: RANSAC: 320 inliers / 354, 3 iterations
[INFO] [1790553224.648782095] [pose_estimator]: RPE: trans 0.0990 | rot 0.00000 (0.000 deg)
Matched 337 keypoints
[INFO] [1790553224.789251054] [pose_estimator]: RANSAC: 296 inliers / 337, 4 iterations
[INFO] [1790553224.790948179] [pose_estimator]: RPE: trans 0.3336 | rot 0.00000 (0.000 deg)
Matched 365 keypoints
[INFO] [1790553224.909599929] [pose_estimator]: RANSAC: 312 inliers / 365, 4 iterations
[INFO] [1790553224.911834845] [pose_estimator]: RPE: trans 0.1527 | rot 0.00000 (0.000 deg)
Matched 383 keypoints
[INFO] [1790553225.036987637] [pose_estimator]: RANSAC: 325 inliers / 383, 5 iterations
[INFO] [1790553225.040409012] [pose_estimator]: RPE: trans 0.0072 | rot 0.00000 (0.000 deg)
Matched 363 keypoints
[INFO] [1790553225.173965304] [pose_estimator]: RANSAC: 303 inliers / 363, 4 iterations
[INFO] [1790553225.176272929] [pose_estimator]: RPE: trans 0.0034 | rot 0.00000 (0.000 deg)
Matched 350 keypoints
[INFO] [1790553225.298003512] [pose_estimator]: RANSAC: 305 inliers / 350, 4 iterations
[INFO] [1790553225.298159804] [pose_estimator]: RPE: trans 0.0359 | rot 0.00000 (0.000 deg)
Matched 396 keypoints
[INFO] [1790553225.421440346] [pose_estimator]: RANSAC: 319 inliers / 396, 5 iterations
[INFO] [1790553225.424354179] [pose_estimator]: RPE: trans 0.1719 | rot 0.00000 (0.000 deg)
Matched 322 keypoints
[INFO] [1790553225.567052929] [pose_estimator]: RANSAC: 282 inliers / 322, 4 iterations
[INFO] [1790553225.567198679] [pose_estimator]: RPE: trans 0.0239 | rot 0.00000 (0.000 deg)
Matched 323 keypoints
[INFO] [1790553225.681550721] [pose_estimator]: RANSAC: 273 inliers / 323, 4 iterations
[INFO] [1790553225.681732429] [pose_estimator]: RPE: trans 0.0203 | rot 0.00000 (0.000 deg)
Matched 364 keypoints
[INFO] [1790553225.796482471] [pose_estimator]: RANSAC: 311 inliers / 364, 4 iterations
[INFO] [1790553225.798431846] [pose_estimator]: RPE: trans 0.1064 | rot 0.00000 (0.000 deg)
Matched 339 keypoints
[INFO] [1790553225.913280971] [pose_estimator]: RANSAC: 290 inliers / 339, 4 iterations
[INFO] [1790553225.916904762] [pose_estimator]: RPE: trans 0.0280 | rot 0.00000 (0.000 deg)
Matched 371 keypoints
[INFO] [1790553226.032196262] [pose_estimator]: RANSAC: 327 inliers / 371, 4 iterations
[INFO] [1790553226.032353679] [pose_estimator]: RPE: trans 0.0466 | rot 0.00000 (0.000 deg)
Matched 389 keypoints
[INFO] [1790553226.155906346] [pose_estimator]: RANSAC: 355 inliers / 389, 3 iterations
[INFO] [1790553226.156081804] [pose_estimator]: RPE: trans 0.1922 | rot 0.00000 (0.000 deg)
Matched 363 keypoints
[INFO] [1790553226.282932304] [pose_estimator]: RANSAC: 323 inliers / 363, 3 iterations
[INFO] [1790553226.285763471] [pose_estimator]: RPE: trans 0.0604 | rot 0.00000 (0.000 deg)
Matched 355 keypoints
[INFO] [1790553226.406422929] [pose_estimator]: RANSAC: 313 inliers / 355, 4 iterations
[INFO] [1790553226.406573679] [pose_estimator]: RPE: trans 0.0788 | rot 0.00000 (0.000 deg)
Matched 338 keypoints
[INFO] [1790553226.519777388] [pose_estimator]: RANSAC: 305 inliers / 338, 4 iterations
[INFO] [1790553226.519926971] [pose_estimator]: RPE: trans 0.0407 | rot 0.00000 (0.000 deg)
Matched 335 keypoints
[INFO] [1790553226.633725221] [pose_estimator]: RANSAC: 292 inliers / 335, 4 iterations
[INFO] [1790553226.634948596] [pose_estimator]: RPE: trans 0.0399 | rot 0.00000 (0.000 deg)
Matched 347 keypoints
[INFO] [1790553226.756576179] [pose_estimator]: RANSAC: 298 inliers / 347, 4 iterations
[INFO] [1790553226.761405346] [pose_estimator]: RPE: trans 0.1068 | rot 0.00000 (0.000 deg)
Matched 336 keypoints
[INFO] [1790553226.877338888] [pose_estimator]: RANSAC: 291 inliers / 336, 4 iterations
[INFO] [1790553226.877502930] [pose_estimator]: RPE: trans 0.0476 | rot 0.00000 (0.000 deg)
Matched 328 keypoints
[INFO] [1790553226.989574763] [pose_estimator]: RANSAC: 286 inliers / 328, 4 iterations
[INFO] [1790553226.989783596] [pose_estimator]: RPE: trans 0.0091 | rot 0.00000 (0.000 deg)
Matched 350 keypoints
[INFO] [1790553227.101823555] [pose_estimator]: RANSAC: 311 inliers / 350, 3 iterations
[INFO] [1790553227.103756263] [pose_estimator]: RPE: trans 0.0388 | rot 0.00000 (0.000 deg)
Matched 339 keypoints
[INFO] [1790553227.223244013] [pose_estimator]: RANSAC: 292 inliers / 339, 4 iterations
[INFO] [1790553227.225531388] [pose_estimator]: RPE: trans 0.0531 | rot 0.00000 (0.000 deg)
Matched 347 keypoints
[INFO] [1790553227.344334138] [pose_estimator]: RANSAC: 294 inliers / 347, 4 iterations
[INFO] [1790553227.344530305] [pose_estimator]: RPE: trans 0.0071 | rot 0.00000 (0.000 deg)
Matched 324 keypoints
[INFO] [1790553227.458058346] [pose_estimator]: RANSAC: 286 inliers / 324, 4 iterations
[INFO] [1790553227.458251805] [pose_estimator]: RPE: trans 0.0881 | rot 0.00000 (0.000 deg)
Matched 304 keypoints
[INFO] [1790553227.569686138] [pose_estimator]: RANSAC: 263 inliers / 304, 4 iterations
[INFO] [1790553227.573055138] [pose_estimator]: RPE: trans 0.0192 | rot 0.00000 (0.000 deg)
Matched 311 keypoints
[INFO] [1790553227.692180222] [pose_estimator]: RANSAC: 270 inliers / 311, 4 iterations
[INFO] [1790553227.692345305] [pose_estimator]: RPE: trans 0.0130 | rot 0.00000 (0.000 deg)
Matched 306 keypoints
[INFO] [1790553227.800504430] [pose_estimator]: RANSAC: 271 inliers / 306, 4 iterations
[INFO] [1790553227.800695513] [pose_estimator]: RPE: trans 0.0220 | rot 0.00000 (0.000 deg)
Matched 318 keypoints
[INFO] [1790553227.913923805] [pose_estimator]: RANSAC: 277 inliers / 318, 4 iterations
[INFO] [1790553227.916543472] [pose_estimator]: RPE: trans 0.0229 | rot 0.00000 (0.000 deg)
Matched 283 keypoints
[INFO] [1790553228.028298930] [pose_estimator]: RANSAC: 255 inliers / 283, 3 iterations
[INFO] [1790553228.032317430] [pose_estimator]: RPE: trans 0.0056 | rot 0.00000 (0.000 deg)
Matched 288 keypoints
[INFO] [1790553228.152293472] [pose_estimator]: RANSAC: 259 inliers / 288, 3 iterations
[INFO] [1790553228.156196555] [pose_estimator]: RPE: trans 0.0029 | rot 0.00000 (0.000 deg)
Matched 254 keypoints
[INFO] [1790553228.286821139] [pose_estimator]: RANSAC: 227 inliers / 254, 3 iterations
[INFO] [1790553228.431878222] [pose_estimator]: RPE: trans 0.0680 | rot 0.00000 (0.000 deg)
Matched 257 keypoints
[INFO] [1790553228.570693555] [pose_estimator]: RANSAC: 224 inliers / 257, 4 iterations
[INFO] [1790553228.587679930] [pose_estimator]: RPE: trans 0.0596 | rot 0.00000 (0.000 deg)
Matched 294 keypoints
[INFO] [1790553228.765477389] [pose_estimator]: RANSAC: 271 inliers / 294, 3 iterations
[INFO] [1790553228.775769639] [pose_estimator]: RPE: trans 0.0054 | rot 0.00000 (0.000 deg)
Matched 296 keypoints
[INFO] [1790553228.899298875] [pose_estimator]: RANSAC: 272 inliers / 296, 3 iterations
[INFO] [1790553228.937859208] [pose_estimator]: RPE: trans 0.0817 | rot 0.00000 (0.000 deg)
Matched 264 keypoints
[INFO] [1790553229.072446000] [pose_estimator]: RANSAC: 234 inliers / 264, 3 iterations
[INFO] [1790553229.072612041] [pose_estimator]: RPE: trans 0.0339 | rot 0.00000 (0.000 deg)
Matched 296 keypoints
[INFO] [1790553229.203960458] [pose_estimator]: RANSAC: 265 inliers / 296, 3 iterations
[INFO] [1790553229.218997250] [pose_estimator]: RPE: trans 0.0015 | rot 0.00000 (0.000 deg)
Matched 269 keypoints
[INFO] [1790553229.347507708] [pose_estimator]: RANSAC: 245 inliers / 269, 3 iterations
[INFO] [1790553229.362541833] [pose_estimator]: RPE: trans 0.0189 | rot 0.00000 (0.000 deg)
Matched 291 keypoints
[INFO] [1790553229.499997625] [pose_estimator]: RANSAC: 257 inliers / 291, 4 iterations
[INFO] [1790553229.517351791] [pose_estimator]: RPE: trans 0.0032 | rot 0.00000 (0.000 deg)
Matched 248 keypoints
[INFO] [1790553229.644569417] [pose_estimator]: RANSAC: 220 inliers / 248, 3 iterations
[INFO] [1790553229.687960167] [pose_estimator]: RPE: trans 0.0306 | rot 0.00000 (0.000 deg)
Matched 254 keypoints
[INFO] [1790553229.818950208] [pose_estimator]: RANSAC: 218 inliers / 254, 4 iterations
[INFO] [1790553229.819938583] [pose_estimator]: RPE: trans 0.0046 | rot 0.00000 (0.000 deg)
Matched 262 keypoints
[INFO] [1790553229.933298333] [pose_estimator]: RANSAC: 242 inliers / 262, 3 iterations
[INFO] [1790553229.949928917] [pose_estimator]: RPE: trans 0.0126 | rot 0.00000 (0.000 deg)
Matched 277 keypoints
[INFO] [1790553230.056021458] [pose_estimator]: RANSAC: 241 inliers / 277, 4 iterations
[INFO] [1790553230.056710917] [pose_estimator]: RPE: trans 0.0330 | rot 0.00000 (0.000 deg)
Matched 270 keypoints
[INFO] [1790553230.172053917] [pose_estimator]: RANSAC: 234 inliers / 270, 4 iterations
[INFO] [1790553230.175790417] [pose_estimator]: RPE: trans 0.0243 | rot 0.00000 (0.000 deg)
Matched 274 keypoints
[INFO] [1790553230.305886417] [pose_estimator]: RANSAC: 242 inliers / 274, 4 iterations
[INFO] [1790553230.326026125] [pose_estimator]: RPE: trans 0.0040 | rot 0.00000 (0.000 deg)
Matched 278 keypoints
[INFO] [1790553230.448417667] [pose_estimator]: RANSAC: 241 inliers / 278, 4 iterations
[INFO] [1790553230.451571250] [pose_estimator]: RPE: trans 0.0500 | rot 0.00000 (0.000 deg)
Matched 237 keypoints
[INFO] [1790553230.561356750] [pose_estimator]: RANSAC: 202 inliers / 237, 4 iterations
[INFO] [1790553230.563809875] [pose_estimator]: RPE: trans 0.0257 | rot 0.00000 (0.000 deg)
Matched 259 keypoints
[INFO] [1790553230.742818625] [pose_estimator]: RANSAC: 223 inliers / 259, 4 iterations
[INFO] [1790553230.743534250] [pose_estimator]: RPE: trans 0.0489 | rot 0.00000 (0.000 deg)
Matched 253 keypoints
[INFO] [1790553230.873872167] [pose_estimator]: RANSAC: 225 inliers / 253, 3 iterations
[INFO] [1790553230.887424834] [pose_estimator]: RPE: trans 0.0225 | rot 0.00000 (0.000 deg)
Matched 232 keypoints
[INFO] [1790553231.012758084] [pose_estimator]: RANSAC: 197 inliers / 232, 4 iterations
[INFO] [1790553231.017542626] [pose_estimator]: RPE: trans 0.0076 | rot 0.00000 (0.000 deg)
Matched 231 keypoints
[INFO] [1790553231.132805126] [pose_estimator]: RANSAC: 200 inliers / 231, 4 iterations
[INFO] [1790553231.137365792] [pose_estimator]: RPE: trans 0.0160 | rot 0.00000 (0.000 deg)
Matched 233 keypoints
[INFO] [1790553231.246308209] [pose_estimator]: RANSAC: 204 inliers / 233, 4 iterations
[INFO] [1790553231.246503917] [pose_estimator]: RPE: trans 0.0110 | rot 0.00000 (0.000 deg)
Matched 226 keypoints
[INFO] [1790553231.357412542] [pose_estimator]: RANSAC: 195 inliers / 226, 4 iterations
[INFO] [1790553231.365385501] [pose_estimator]: RPE: trans 0.0171 | rot 0.00000 (0.000 deg)
Matched 228 keypoints
[INFO] [1790553231.479236292] [pose_estimator]: RANSAC: 194 inliers / 228, 4 iterations
[INFO] [1790553231.481186709] [pose_estimator]: RPE: trans 0.0022 | rot 0.00000 (0.000 deg)
Matched 225 keypoints
[INFO] [1790553231.594189501] [pose_estimator]: RANSAC: 188 inliers / 225, 4 iterations
[INFO] [1790553231.595164501] [pose_estimator]: RPE: trans 0.0826 | rot 0.00000 (0.000 deg)
Matched 196 keypoints
[INFO] [1790553231.703721334] [pose_estimator]: RANSAC: 156 inliers / 196, 5 iterations
[INFO] [1790553231.725293834] [pose_estimator]: RPE: trans 0.0029 | rot 0.00000 (0.000 deg)
Matched 207 keypoints
[INFO] [1790553231.855814043] [pose_estimator]: RANSAC: 185 inliers / 207, 3 iterations
[INFO] [1790553231.860305584] [pose_estimator]: RPE: trans 0.0253 | rot 0.00000 (0.000 deg)
Matched 187 keypoints
[INFO] [1790553231.979471709] [pose_estimator]: RANSAC: 146 inliers / 187, 5 iterations
[INFO] [1790553231.992218709] [pose_estimator]: RPE: trans 0.0744 | rot 0.00000 (0.000 deg)
Matched 170 keypoints
[INFO] [1790553232.108971001] [pose_estimator]: RANSAC: 137 inliers / 170, 5 iterations
[INFO] [1790553232.111711084] [pose_estimator]: RPE: trans 0.0090 | rot 0.00000 (0.000 deg)
Matched 185 keypoints
[INFO] [1790553232.220263751] [pose_estimator]: RANSAC: 161 inliers / 185, 4 iterations
[INFO] [1790553232.224805376] [pose_estimator]: RPE: trans 0.0838 | rot 0.00000 (0.000 deg)
Matched 200 keypoints
[INFO] [1790553232.355186668] [pose_estimator]: RANSAC: 169 inliers / 200, 4 iterations
[INFO] [1790553232.359323626] [pose_estimator]: RPE: trans 0.0317 | rot 0.00000 (0.000 deg)
Matched 191 keypoints
[INFO] [1790553232.493238085] [pose_estimator]: RANSAC: 150 inliers / 191, 5 iterations
[INFO] [1790553232.494062251] [pose_estimator]: RPE: trans 0.0266 | rot 0.00000 (0.000 deg)
Matched 209 keypoints
[INFO] [1790553232.605249751] [pose_estimator]: RANSAC: 175 inliers / 209, 4 iterations
[INFO] [1790553232.622536085] [pose_estimator]: RPE: trans 0.0675 | rot 0.00000 (0.000 deg)
Matched 183 keypoints
[INFO] [1790553232.732704168] [pose_estimator]: RANSAC: 140 inliers / 183, 6 iterations
[INFO] [1790553232.738872335] [pose_estimator]: RPE: trans 0.1065 | rot 0.00000 (0.000 deg)
Matched 143 keypoints
[INFO] [1790553232.853972918] [pose_estimator]: RANSAC: 116 inliers / 143, 5 iterations
[INFO] [1790553232.879114335] [pose_estimator]: RPE: trans 0.0390 | rot 0.00000 (0.000 deg)
Matched 167 keypoints
[INFO] [1790553232.992687585] [pose_estimator]: RANSAC: 142 inliers / 167, 4 iterations
[INFO] [1790553232.993142501] [pose_estimator]: RPE: trans 0.1563 | rot 0.00000 (0.000 deg)
Matched 116 keypoints
[INFO] [1790553233.096147168] [pose_estimator]: RANSAC: 94 inliers / 116, 6 iterations
[INFO] [1790553233.097675793] [pose_estimator]: RPE: trans 0.0039 | rot 0.00000 (0.000 deg)
Matched 142 keypoints
[INFO] [1790553233.204774377] [pose_estimator]: RANSAC: 118 inliers / 142, 4 iterations
[INFO] [1790553233.205351335] [pose_estimator]: RPE: trans 0.1170 | rot 0.00000 (0.000 deg)
Matched 164 keypoints
[INFO] [1790553233.306486960] [pose_estimator]: RANSAC: 141 inliers / 164, 4 iterations
[INFO] [1790553233.310728085] [pose_estimator]: RPE: trans 0.0500 | rot 0.00000 (0.000 deg)
Matched 173 keypoints
[INFO] [1790553233.424317543] [pose_estimator]: RANSAC: 146 inliers / 173, 5 iterations
[INFO] [1790553233.427171793] [pose_estimator]: RPE: trans 0.0219 | rot 0.00000 (0.000 deg)
Matched 138 keypoints
[INFO] [1790553233.557276335] [pose_estimator]: RANSAC: 114 inliers / 138, 5 iterations
[INFO] [1790553233.558914210] [pose_estimator]: RPE: trans 0.0851 | rot 0.00000 (0.000 deg)
Matched 172 keypoints
[INFO] [1790553233.661025752] [pose_estimator]: RANSAC: 141 inliers / 172, 5 iterations
[INFO] [1790553233.661183002] [pose_estimator]: RPE: trans 0.0168 | rot 0.00000 (0.000 deg)
Matched 165 keypoints
[INFO] [1790553233.777490377] [pose_estimator]: RANSAC: 138 inliers / 165, 4 iterations
[INFO] [1790553233.797605169] [pose_estimator]: RPE: trans 0.0627 | rot 0.00000 (0.000 deg)
Matched 143 keypoints
[INFO] [1790553233.918727627] [pose_estimator]: RANSAC: 109 inliers / 143, 6 iterations
[INFO] [1790553233.919806835] [pose_estimator]: RPE: trans 0.0171 | rot 0.00000 (0.000 deg)
Matched 139 keypoints
[INFO] [1790553234.021815044] [pose_estimator]: RANSAC: 116 inliers / 139, 4 iterations
[INFO] [1790553234.021968627] [pose_estimator]: RPE: trans 0.0024 | rot 0.00000 (0.000 deg)
Matched 150 keypoints
[INFO] [1790553234.124246669] [pose_estimator]: RANSAC: 111 inliers / 150, 6 iterations
[INFO] [1790553234.125123960] [pose_estimator]: RPE: trans 0.0846 | rot 0.00000 (0.000 deg)
Matched 158 keypoints
[INFO] [1790553234.246198877] [pose_estimator]: RANSAC: 130 inliers / 158, 5 iterations
[INFO] [1790553234.249416044] [pose_estimator]: RPE: trans 0.0514 | rot 0.00000 (0.000 deg)
Matched 155 keypoints
[INFO] [1790553234.358106669] [pose_estimator]: RANSAC: 126 inliers / 155, 5 iterations
[INFO] [1790553234.358708960] [pose_estimator]: RPE: trans 0.0410 | rot 0.00000 (0.000 deg)
Matched 175 keypoints
[INFO] [1790553234.468371586] [pose_estimator]: RANSAC: 127 inliers / 175, 7 iterations
[INFO] [1790553234.471718961] [pose_estimator]: RPE: trans 0.0312 | rot 0.00000 (0.000 deg)
Matched 171 keypoints
[INFO] [1790553234.609817461] [pose_estimator]: RANSAC: 120 inliers / 171, 7 iterations
[INFO] [1790553234.610482836] [pose_estimator]: RPE: trans 0.0531 | rot 0.00000 (0.000 deg)
Matched 169 keypoints
[INFO] [1790553234.723416544] [pose_estimator]: RANSAC: 128 inliers / 169, 6 iterations
[INFO] [1790553234.747734961] [pose_estimator]: RPE: trans 0.0457 | rot 0.00000 (0.000 deg)
Matched 178 keypoints
[INFO] [1790553234.860287961] [pose_estimator]: RANSAC: 146 inliers / 178, 5 iterations
[INFO] [1790553234.860441169] [pose_estimator]: RPE: trans 0.0711 | rot 0.00000 (0.000 deg)
Matched 222 keypoints
[INFO] [1790553234.963675669] [pose_estimator]: RANSAC: 158 inliers / 222, 7 iterations
[INFO] [1790553234.963832377] [pose_estimator]: RPE: trans 0.0315 | rot 0.00000 (0.000 deg)
Matched 200 keypoints
[INFO] [1790553235.067992377] [pose_estimator]: RANSAC: 153 inliers / 200, 6 iterations
[INFO] [1790553236.431798128] [pose_estimator]: RPE: trans 0.0330 | rot 0.00000 (0.000 deg)
Matched 115 keypoints
[INFO] [1790553236.621490003] [pose_estimator]: RANSAC: 81 inliers / 115, 7 iterations
[INFO] [1790553236.621994503] [pose_estimator]: RPE: trans 0.0052 | rot 0.00000 (0.000 deg)
Matched 316 keypoints
[INFO] [1790553236.731474378] [pose_estimator]: RANSAC: 257 inliers / 316, 5 iterations
[INFO] [1790553236.734058920] [pose_estimator]: RPE: trans 0.0673 | rot 0.00000 (0.000 deg)
Matched 300 keypoints
[INFO] [1790553236.872767378] [pose_estimator]: RANSAC: 252 inliers / 300, 5 iterations
[INFO] [1790553236.889030378] [pose_estimator]: RPE: trans 0.0470 | rot 0.00000 (0.000 deg)
Matched 300 keypoints
[INFO] [1790553237.022074753] [pose_estimator]: RANSAC: 256 inliers / 300, 4 iterations
[INFO] [1790553237.023754712] [pose_estimator]: RPE: trans 0.0353 | rot 0.00000 (0.000 deg)
Matched 318 keypoints
[INFO] [1790553237.160861837] [pose_estimator]: RANSAC: 268 inliers / 318, 4 iterations
[INFO] [1790553237.164948920] [pose_estimator]: RPE: trans 0.0254 | rot 0.00000 (0.000 deg)
Matched 293 keypoints
[INFO] [1790553237.292145462] [pose_estimator]: RANSAC: 242 inliers / 293, 6 iterations
[INFO] [1790553237.314866170] [pose_estimator]: RPE: trans 0.0938 | rot 0.00000 (0.000 deg)
Matched 252 keypoints
[INFO] [1790553237.449152337] [pose_estimator]: RANSAC: 178 inliers / 252, 7 iterations
[INFO] [1790553237.450845420] [pose_estimator]: RPE: trans 0.4140 | rot 0.00000 (0.000 deg)
Matched 306 keypoints
[INFO] [1790553237.567833420] [pose_estimator]: RANSAC: 252 inliers / 306, 5 iterations
[INFO] [1790553237.582912962] [pose_estimator]: RPE: trans 0.0928 | rot 0.00000 (0.000 deg)
Matched 338 keypoints
[INFO] [1790553237.727071962] [pose_estimator]: RANSAC: 285 inliers / 338, 4 iterations
[INFO] [1790553237.744524545] [pose_estimator]: RPE: trans 0.0113 | rot 0.00000 (0.000 deg)
Matched 293 keypoints
[INFO] [1790553237.892784545] [pose_estimator]: RANSAC: 236 inliers / 293, 5 iterations
[INFO] [1790553237.905684170] [pose_estimator]: RPE: trans 0.0558 | rot 0.00000 (0.000 deg)
Matched 307 keypoints
[INFO] [1790553238.023226712] [pose_estimator]: RANSAC: 251 inliers / 307, 5 iterations
[INFO] [1790553238.026897546] [pose_estimator]: RPE: trans 0.0502 | rot 0.00000 (0.000 deg)
Matched 314 keypoints
[INFO] [1790553238.144836379] [pose_estimator]: RANSAC: 263 inliers / 314, 4 iterations
[INFO] [1790553238.148265754] [pose_estimator]: RPE: trans 0.0477 | rot 0.00000 (0.000 deg)
Matched 266 keypoints
[INFO] [1790553238.267093296] [pose_estimator]: RANSAC: 223 inliers / 266, 4 iterations
[INFO] [1790553238.268659254] [pose_estimator]: RPE: trans 0.2170 | rot 0.00000 (0.000 deg)
Matched 285 keypoints
[INFO] [1790553238.388629004] [pose_estimator]: RANSAC: 237 inliers / 285, 4 iterations
[INFO] [1790553238.391625504] [pose_estimator]: RPE: trans 0.1987 | rot 0.00000 (0.000 deg)
Matched 256 keypoints
[INFO] [1790553238.544691879] [pose_estimator]: RANSAC: 207 inliers / 256, 5 iterations
[INFO] [1790553238.546083379] [pose_estimator]: RPE: trans 0.0448 | rot 0.00000 (0.000 deg)
Matched 283 keypoints
[INFO] [1790553238.674495963] [pose_estimator]: RANSAC: 249 inliers / 283, 4 iterations
[INFO] [1790553238.689420546] [pose_estimator]: RPE: trans 0.0752 | rot 0.00000 (0.000 deg)
Matched 306 keypoints
[INFO] [1790553238.847069004] [pose_estimator]: RANSAC: 263 inliers / 306, 4 iterations
[INFO] [1790553238.850655838] [pose_estimator]: RPE: trans 0.1150 | rot 0.00000 (0.000 deg)
Matched 312 keypoints
[INFO] [1790553238.967624171] [pose_estimator]: RANSAC: 254 inliers / 312, 5 iterations
[INFO] [1790553238.968492754] [pose_estimator]: RPE: trans 0.5040 | rot 0.00000 (0.000 deg)
Matched 376 keypoints
[INFO] [1790553239.086094254] [pose_estimator]: RANSAC: 320 inliers / 376, 4 iterations
[INFO] [1790553239.089495463] [pose_estimator]: RPE: trans 0.3161 | rot 0.00000 (0.000 deg)
Matched 342 keypoints
[INFO] [1790553239.209648546] [pose_estimator]: RANSAC: 288 inliers / 342, 4 iterations
[INFO] [1790553239.210300421] [pose_estimator]: RPE: trans 0.0733 | rot 0.00000 (0.000 deg)
Matched 324 keypoints
[INFO] [1790553239.337053005] [pose_estimator]: RANSAC: 279 inliers / 324, 4 iterations
[INFO] [1790553239.338390755] [pose_estimator]: RPE: trans 0.1664 | rot 0.00000 (0.000 deg)
Matched 322 keypoints
[INFO] [1790553239.460149338] [pose_estimator]: RANSAC: 278 inliers / 322, 4 iterations
[INFO] [1790553239.465529421] [pose_estimator]: RPE: trans 0.0485 | rot 0.00000 (0.000 deg)
Matched 341 keypoints
[INFO] [1790553239.588407755] [pose_estimator]: RANSAC: 290 inliers / 341, 4 iterations
[INFO] [1790553239.589210921] [pose_estimator]: RPE: trans 0.1990 | rot 0.00000 (0.000 deg)
Matched 368 keypoints
[INFO] [1790553239.712358796] [pose_estimator]: RANSAC: 326 inliers / 368, 3 iterations
[INFO] [1790553239.712525046] [pose_estimator]: RPE: trans 0.2521 | rot 0.00000 (0.000 deg)
Matched 305 keypoints
[INFO] [1790553239.834071380] [pose_estimator]: RANSAC: 259 inliers / 305, 4 iterations
[INFO] [1790553239.835912005] [pose_estimator]: RPE: trans 0.0812 | rot 0.00000 (0.000 deg)
Matched 346 keypoints
[INFO] [1790553239.957821421] [pose_estimator]: RANSAC: 296 inliers / 346, 4 iterations
[INFO] [1790553239.960976671] [pose_estimator]: RPE: trans 0.1517 | rot 0.00000 (0.000 deg)
Matched 367 keypoints
[INFO] [1790553240.089623838] [pose_estimator]: RANSAC: 319 inliers / 367, 4 iterations
[INFO] [1790553240.096220005] [pose_estimator]: RPE: trans 0.2435 | rot 0.00000 (0.000 deg)
Matched 366 keypoints
[INFO] [1790553240.243848422] [pose_estimator]: RANSAC: 309 inliers / 366, 4 iterations
[INFO] [1790553240.247873088] [pose_estimator]: RPE: trans 0.0636 | rot 0.00000 (0.000 deg)
Matched 359 keypoints
[INFO] [1790553240.377210588] [pose_estimator]: RANSAC: 311 inliers / 359, 4 iterations
[INFO] [1790553240.388807505] [pose_estimator]: RPE: trans 0.1720 | rot 0.00000 (0.000 deg)
Matched 372 keypoints
[INFO] [1790553240.506723463] [pose_estimator]: RANSAC: 322 inliers / 372, 4 iterations
[INFO] [1790553240.509802713] [pose_estimator]: RPE: trans 0.0669 | rot 0.00000 (0.000 deg)
Matched 361 keypoints
[INFO] [1790553240.626769380] [pose_estimator]: RANSAC: 309 inliers / 361, 4 iterations
[INFO] [1790553240.626947547] [pose_estimator]: RPE: trans 0.0202 | rot 0.00000 (0.000 deg)
Matched 377 keypoints
[INFO] [1790553240.748560047] [pose_estimator]: RANSAC: 321 inliers / 377, 4 iterations
[INFO] [1790553240.750304089] [pose_estimator]: RPE: trans 0.0224 | rot 0.00000 (0.000 deg)
Matched 413 keypoints
[INFO] [1790553240.878958297] [pose_estimator]: RANSAC: 367 inliers / 413, 3 iterations
[INFO] [1790553240.881284547] [pose_estimator]: RPE: trans 0.0367 | rot 0.00000 (0.000 deg)
Matched 392 keypoints
[INFO] [1790553241.007033089] [pose_estimator]: RANSAC: 339 inliers / 392, 4 iterations
[INFO] [1790553241.007205839] [pose_estimator]: RPE: trans 0.0589 | rot 0.00000 (0.000 deg)
Matched 332 keypoints
[INFO] [1790553241.127926672] [pose_estimator]: RANSAC: 292 inliers / 332, 4 iterations
[INFO] [1790553241.130873672] [pose_estimator]: RPE: trans 0.1690 | rot 0.00000 (0.000 deg)
Matched 351 keypoints
[INFO] [1790553241.250346964] [pose_estimator]: RANSAC: 303 inliers / 351, 4 iterations
[INFO] [1790553241.253263964] [pose_estimator]: RPE: trans 0.0419 | rot 0.00000 (0.000 deg)
Matched 330 keypoints
[INFO] [1790553241.367224089] [pose_estimator]: RANSAC: 277 inliers / 330, 4 iterations
[INFO] [1790553241.377499547] [pose_estimator]: RPE: trans 0.1922 | rot 0.00000 (0.000 deg)
Matched 333 keypoints
[INFO] [1790553241.538781214] [pose_estimator]: RANSAC: 297 inliers / 333, 3 iterations
[INFO] [1790553241.557550422] [pose_estimator]: RPE: trans 0.0961 | rot 0.00000 (0.000 deg)
Matched 314 keypoints
[INFO] [1790553241.684227547] [pose_estimator]: RANSAC: 269 inliers / 314, 4 iterations
[INFO] [1790553241.686770922] [pose_estimator]: RPE: trans 0.1456 | rot 0.00000 (0.000 deg)
Matched 304 keypoints
[INFO] [1790553241.832283131] [pose_estimator]: RANSAC: 233 inliers / 304, 6 iterations
[INFO] [1790553241.842924881] [pose_estimator]: RPE: trans 0.5162 | rot 0.00000 (0.000 deg)
Matched 303 keypoints
[INFO] [1790553241.965748214] [pose_estimator]: RANSAC: 266 inliers / 303, 4 iterations
[INFO] [1790553241.967428256] [pose_estimator]: RPE: trans 0.0923 | rot 0.00000 (0.000 deg)
Matched 310 keypoints
[INFO] [1790553242.080897047] [pose_estimator]: RANSAC: 273 inliers / 310, 4 iterations
[INFO] [1790553242.088245964] [pose_estimator]: RPE: trans 0.1794 | rot 0.00000 (0.000 deg)
Matched 282 keypoints
[INFO] [1790553242.201785506] [pose_estimator]: RANSAC: 239 inliers / 282, 4 iterations
[INFO] [1790553242.201958089] [pose_estimator]: RPE: trans 0.6428 | rot 0.00000 (0.000 deg)
Matched 311 keypoints
[INFO] [1790553242.314648714] [pose_estimator]: RANSAC: 278 inliers / 311, 3 iterations
[INFO] [1790553242.314799881] [pose_estimator]: RPE: trans 0.1654 | rot 0.00000 (0.000 deg)
Matched 303 keypoints
[INFO] [1790553242.490574964] [pose_estimator]: RANSAC: 253 inliers / 303, 4 iterations
[INFO] [1790553242.491900631] [pose_estimator]: RPE: trans 0.0795 | rot 0.00000 (0.000 deg)
Matched 296 keypoints
[INFO] [1790553242.607007423] [pose_estimator]: RANSAC: 254 inliers / 296, 4 iterations
[INFO] [1790553242.623144881] [pose_estimator]: RPE: trans 0.1896 | rot 0.00000 (0.000 deg)
Matched 293 keypoints
[INFO] [1790553242.741168173] [pose_estimator]: RANSAC: 243 inliers / 293, 4 iterations
[INFO] [1790553242.741320256] [pose_estimator]: RPE: trans 0.1434 | rot 0.00000 (0.000 deg)
Matched 311 keypoints
[INFO] [1790553242.859335798] [pose_estimator]: RANSAC: 255 inliers / 311, 5 iterations
[INFO] [1790553242.862370756] [pose_estimator]: RPE: trans 0.3006 | rot 0.00000 (0.000 deg)
Matched 283 keypoints
[INFO] [1790553242.988900548] [pose_estimator]: RANSAC: 235 inliers / 283, 4 iterations
[INFO] [1790553242.991772590] [pose_estimator]: RPE: trans 0.0893 | rot 0.00000 (0.000 deg)
Matched 258 keypoints
[INFO] [1790553243.108885131] [pose_estimator]: RANSAC: 215 inliers / 258, 4 iterations
[INFO] [1790553243.109027173] [pose_estimator]: RPE: trans 0.2111 | rot 0.00000 (0.000 deg)
Matched 268 keypoints
[INFO] [1790553243.220362256] [pose_estimator]: RANSAC: 213 inliers / 268, 5 iterations
[INFO] [1790553243.220714381] [pose_estimator]: RPE: trans 0.4400 | rot 0.00000 (0.000 deg)
Matched 274 keypoints
[INFO] [1790553243.337415381] [pose_estimator]: RANSAC: 211 inliers / 274, 6 iterations
[INFO] [1790553243.339733798] [pose_estimator]: RPE: trans 0.1068 | rot 0.00000 (0.000 deg)
Matched 281 keypoints
[INFO] [1790553243.456609881] [pose_estimator]: RANSAC: 222 inliers / 281, 6 iterations
[INFO] [1790553243.456778673] [pose_estimator]: RPE: trans 0.1364 | rot 0.00000 (0.000 deg)
Matched 275 keypoints
[INFO] [1790553243.567349840] [pose_estimator]: RANSAC: 236 inliers / 275, 4 iterations
[INFO] [1790553243.567503923] [pose_estimator]: RPE: trans 0.1426 | rot 0.00000 (0.000 deg)
Matched 266 keypoints
[INFO] [1790553243.689437090] [pose_estimator]: RANSAC: 216 inliers / 266, 5 iterations
[INFO] [1790553243.692230257] [pose_estimator]: RPE: trans 0.0645 | rot 0.00000 (0.000 deg)
Matched 253 keypoints
[INFO] [1790553243.813039007] [pose_estimator]: RANSAC: 212 inliers / 253, 4 iterations
[INFO] [1790553243.813190340] [pose_estimator]: RPE: trans 0.0534 | rot 0.00000 (0.000 deg)
Matched 282 keypoints
[INFO] [1790553243.921975382] [pose_estimator]: RANSAC: 235 inliers / 282, 4 iterations
[INFO] [1790553243.922123048] [pose_estimator]: RPE: trans 0.0717 | rot 0.00000 (0.000 deg)
Matched 281 keypoints
[INFO] [1790553244.030617798] [pose_estimator]: RANSAC: 218 inliers / 281, 6 iterations
[INFO] [1790553244.036758798] [pose_estimator]: RPE: trans 0.0991 | rot 0.00000 (0.000 deg)
Matched 230 keypoints
[INFO] [1790553244.161013007] [pose_estimator]: RANSAC: 188 inliers / 230, 5 iterations
[INFO] [1790553244.162813715] [pose_estimator]: RPE: trans 0.1187 | rot 0.00000 (0.000 deg)
Matched 259 keypoints
[INFO] [1790553244.273740882] [pose_estimator]: RANSAC: 208 inliers / 259, 5 iterations
[INFO] [1790553244.273897174] [pose_estimator]: RPE: trans 0.1519 | rot 0.00000 (0.000 deg)
Matched 263 keypoints
[INFO] [1790553244.388666299] [pose_estimator]: RANSAC: 203 inliers / 263, 6 iterations
[INFO] [1790553244.388824674] [pose_estimator]: RPE: trans 0.2354 | rot 0.00000 (0.000 deg)
Matched 231 keypoints
[INFO] [1790553244.501279424] [pose_estimator]: RANSAC: 184 inliers / 231, 5 iterations
[INFO] [1790553244.503918090] [pose_estimator]: RPE: trans 0.0467 | rot 0.00000 (0.000 deg)
Matched 241 keypoints
[INFO] [1790553244.626032674] [pose_estimator]: RANSAC: 181 inliers / 241, 6 iterations
[INFO] [1790553244.628744215] [pose_estimator]: RPE: trans 0.1265 | rot 0.00000 (0.000 deg)
Matched 266 keypoints
[INFO] [1790553244.741092257] [pose_estimator]: RANSAC: 190 inliers / 266, 7 iterations
[INFO] [1790553244.741298090] [pose_estimator]: RPE: trans 0.0573 | rot 0.00000 (0.000 deg)
Matched 231 keypoints
[INFO] [1790553244.846392799] [pose_estimator]: RANSAC: 177 inliers / 231, 6 iterations
[INFO] [1790553244.846534049] [pose_estimator]: RPE: trans 0.1612 | rot 0.00000 (0.000 deg)
Matched 242 keypoints
[INFO] [1790553244.956829257] [pose_estimator]: RANSAC: 183 inliers / 242, 6 iterations
[INFO] [1790553244.970288257] [pose_estimator]: RPE: trans 0.0951 | rot 0.00000 (0.000 deg)
Matched 228 keypoints
[INFO] [1790553245.117388091] [pose_estimator]: RANSAC: 173 inliers / 228, 6 iterations
[INFO] [1790553245.134452674] [pose_estimator]: RPE: trans 0.1165 | rot 0.00000 (0.000 deg)
Matched 228 keypoints
[INFO] [1790553245.243608132] [pose_estimator]: RANSAC: 190 inliers / 228, 5 iterations
[INFO] [1790553245.243756507] [pose_estimator]: RPE: trans 0.0740 | rot 0.00000 (0.000 deg)
Matched 247 keypoints
[INFO] [1790553245.354857424] [pose_estimator]: RANSAC: 185 inliers / 247, 6 iterations
[INFO] [1790553245.357510257] [pose_estimator]: RPE: trans 0.1212 | rot 0.00000 (0.000 deg)
Matched 225 keypoints
[INFO] [1790553245.466177966] [pose_estimator]: RANSAC: 184 inliers / 225, 5 iterations
[INFO] [1790553245.476432966] [pose_estimator]: RPE: trans 0.1732 | rot 0.00000 (0.000 deg)
Matched 214 keypoints
[INFO] [1790553245.629467633] [pose_estimator]: RANSAC: 184 inliers / 214, 4 iterations
[INFO] [1790553245.629609424] [pose_estimator]: RPE: trans 0.0644 | rot 0.00000 (0.000 deg)
Matched 242 keypoints
[INFO] [1790553245.736005008] [pose_estimator]: RANSAC: 180 inliers / 242, 6 iterations
[INFO] [1790553245.736818049] [pose_estimator]: RPE: trans 0.1244 | rot 0.00000 (0.000 deg)
Matched 215 keypoints
[INFO] [1790553245.847078758] [pose_estimator]: RANSAC: 171 inliers / 215, 5 iterations
[INFO] [1790553245.849916674] [pose_estimator]: RPE: trans 0.0330 | rot 0.00000 (0.000 deg)
Matched 207 keypoints
[INFO] [1790553245.963826966] [pose_estimator]: RANSAC: 167 inliers / 207, 5 iterations
[INFO] [1790553245.964503966] [pose_estimator]: RPE: trans 0.0611 | rot 0.00000 (0.000 deg)
Matched 227 keypoints
[INFO] [1790553246.078582799] [pose_estimator]: RANSAC: 173 inliers / 227, 6 iterations
[INFO] [1790553246.078750966] [pose_estimator]: RPE: trans 0.0289 | rot 0.00000 (0.000 deg)
Matched 223 keypoints
[INFO] [1790553246.195747466] [pose_estimator]: RANSAC: 173 inliers / 223, 6 iterations
[INFO] [1790553246.198134341] [pose_estimator]: RPE: trans 0.0478 | rot 0.00000 (0.000 deg)
Matched 211 keypoints
[INFO] [1790553246.317182425] [pose_estimator]: RANSAC: 172 inliers / 211, 5 iterations
[INFO] [1790553246.328747133] [pose_estimator]: RPE: trans 0.0631 | rot 0.00000 (0.000 deg)
Matched 214 keypoints
[INFO] [1790553246.437148300] [pose_estimator]: RANSAC: 171 inliers / 214, 6 iterations
[INFO] [1790553246.437296008] [pose_estimator]: RPE: trans 0.0774 | rot 0.00000 (0.000 deg)
Matched 222 keypoints
[INFO] [1790553246.539472050] [pose_estimator]: RANSAC: 180 inliers / 222, 5 iterations
[INFO] [1790553246.539627216] [pose_estimator]: RPE: trans 0.0913 | rot 0.00000 (0.000 deg)
Matched 220 keypoints
[INFO] [1790553246.641615675] [pose_estimator]: RANSAC: 172 inliers / 220, 5 iterations
[INFO] [1790553246.642408633] [pose_estimator]: RPE: trans 0.0944 | rot 0.00000 (0.000 deg)
Matched 232 keypoints
[INFO] [1790553246.749240091] [pose_estimator]: RANSAC: 185 inliers / 232, 8 iterations
[INFO] [1790553246.751691383] [pose_estimator]: RPE: trans 0.0472 | rot 0.00000 (0.000 deg)
Matched 205 keypoints
[INFO] [1790553246.864216216] [pose_estimator]: RANSAC: 173 inliers / 205, 4 iterations
[INFO] [1790553246.865407300] [pose_estimator]: RPE: trans 0.0352 | rot 0.00000 (0.000 deg)
Matched 225 keypoints
[INFO] [1790553246.974636175] [pose_estimator]: RANSAC: 192 inliers / 225, 4 iterations
[INFO] [1790553246.974785175] [pose_estimator]: RPE: trans 0.1264 | rot 0.00000 (0.000 deg)
Matched 227 keypoints
[INFO] [1790553247.085205800] [pose_estimator]: RANSAC: 189 inliers / 227, 4 iterations
[INFO] [1790553247.087712925] [pose_estimator]: RPE: trans 0.0258 | rot 0.00000 (0.000 deg)
Matched 210 keypoints
[INFO] [1790553247.201344967] [pose_estimator]: RANSAC: 179 inliers / 210, 4 iterations
[INFO] [1790553247.201527425] [pose_estimator]: RPE: trans 0.0461 | rot 0.00000 (0.000 deg)
Matched 220 keypoints
[INFO] [1790553247.309602800] [pose_estimator]: RANSAC: 178 inliers / 220, 5 iterations
[INFO] [1790553247.309826925] [pose_estimator]: RPE: trans 0.0851 | rot 0.00000 (0.000 deg)
Matched 222 keypoints
[INFO] [1790553247.418655842] [pose_estimator]: RANSAC: 175 inliers / 222, 5 iterations
[INFO] [1790553247.418817175] [pose_estimator]: RPE: trans 0.0604 | rot 0.00000 (0.000 deg)
Matched 231 keypoints
[INFO] [1790553247.568762258] [pose_estimator]: RANSAC: 173 inliers / 231, 6 iterations
[INFO] [1790553247.570927342] [pose_estimator]: RPE: trans 0.0826 | rot 0.00000 (0.000 deg)
Matched 199 keypoints
[INFO] [1790553247.680389050] [pose_estimator]: RANSAC: 154 inliers / 199, 6 iterations
[INFO] [1790553247.680571675] [pose_estimator]: RPE: trans 0.1018 | rot 0.00000 (0.000 deg)
Matched 201 keypoints
[INFO] [1790553247.783877550] [pose_estimator]: RANSAC: 161 inliers / 201, 5 iterations
[INFO] [1790553247.784033592] [pose_estimator]: RPE: trans 0.0394 | rot 0.00000 (0.000 deg)
Matched 231 keypoints
[INFO] [1790553247.884641300] [pose_estimator]: RANSAC: 172 inliers / 231, 6 iterations
[INFO] [1790553247.886039675] [pose_estimator]: RPE: trans 0.0062 | rot 0.00000 (0.000 deg)
Matched 227 keypoints
[INFO] [1790553247.993215009] [pose_estimator]: RANSAC: 180 inliers / 227, 5 iterations
[INFO] [1790553248.005470842] [pose_estimator]: RPE: trans 0.0914 | rot 0.00000 (0.000 deg)
Matched 204 keypoints
[INFO] [1790553248.110372050] [pose_estimator]: RANSAC: 172 inliers / 204, 4 iterations
[INFO] [1790553248.110555342] [pose_estimator]: RPE: trans 0.0910 | rot 0.00000 (0.000 deg)
Matched 218 keypoints
[INFO] [1790553248.214214675] [pose_estimator]: RANSAC: 170 inliers / 218, 5 iterations
[INFO] [1790553248.214404592] [pose_estimator]: RPE: trans 0.0608 | rot 0.00000 (0.000 deg)
Matched 206 keypoints
[INFO] [1790553248.321421925] [pose_estimator]: RANSAC: 166 inliers / 206, 5 iterations
[INFO] [1790553248.322687842] [pose_estimator]: RPE: trans 0.0515 | rot 0.00000 (0.000 deg)
Matched 216 keypoints
[INFO] [1790553248.427788051] [pose_estimator]: RANSAC: 176 inliers / 216, 5 iterations
[INFO] [1790553248.429084717] [pose_estimator]: RPE: trans 0.0590 | rot 0.00000 (0.000 deg)
Matched 198 keypoints
[INFO] [1790553248.541483259] [pose_estimator]: RANSAC: 159 inliers / 198, 6 iterations
[INFO] [1790553248.541639634] [pose_estimator]: RPE: trans 0.0856 | rot 0.00000 (0.000 deg)
Matched 233 keypoints
[INFO] [1790553248.645822926] [pose_estimator]: RANSAC: 175 inliers / 233, 6 iterations
[INFO] [1790553248.645985384] [pose_estimator]: RPE: trans 0.0302 | rot 0.00000 (0.000 deg)
Matched 224 keypoints
[INFO] [1790553248.757553967] [pose_estimator]: RANSAC: 182 inliers / 224, 5 iterations
[INFO] [1790553248.768946134] [pose_estimator]: RPE: trans 0.0096 | rot 0.00000 (0.000 deg)
Matched 246 keypoints
[INFO] [1790553248.884576926] [pose_estimator]: RANSAC: 180 inliers / 246, 7 iterations
[INFO] [1790553248.887021217] [pose_estimator]: RPE: trans 0.0077 | rot 0.00000 (0.000 deg)
Matched 233 keypoints
[INFO] [1790553249.008266717] [pose_estimator]: RANSAC: 192 inliers / 233, 5 iterations
[INFO] [1790553249.008451009] [pose_estimator]: RPE: trans 0.0460 | rot 0.00000 (0.000 deg)
Matched 209 keypoints
[INFO] [1790553249.121565801] [pose_estimator]: RANSAC: 186 inliers / 209, 3 iterations
[INFO] [1790553249.121747343] [pose_estimator]: RPE: trans 0.0275 | rot 0.00000 (0.000 deg)
Matched 223 keypoints
[INFO] [1790553249.274027759] [pose_estimator]: RANSAC: 179 inliers / 223, 5 iterations
[INFO] [1790553249.277059093] [pose_estimator]: RPE: trans 0.0847 | rot 0.00000 (0.000 deg)
Matched 216 keypoints
[INFO] [1790553249.383368301] [pose_estimator]: RANSAC: 190 inliers / 216, 4 iterations
[INFO] [1790553249.388549384] [pose_estimator]: RPE: trans 0.0070 | rot 0.00000 (0.000 deg)
Matched 250 keypoints
[INFO] [1790553249.498161843] [pose_estimator]: RANSAC: 203 inliers / 250, 5 iterations
[INFO] [1790553249.498314426] [pose_estimator]: RPE: trans 0.0813 | rot 0.00000 (0.000 deg)
Matched 258 keypoints
[INFO] [1790553249.604552134] [pose_estimator]: RANSAC: 221 inliers / 258, 4 iterations
[INFO] [1790553249.604984468] [pose_estimator]: RPE: trans 0.0218 | rot 0.00000 (0.000 deg)
Matched 241 keypoints
[INFO] [1790553249.718406176] [pose_estimator]: RANSAC: 196 inliers / 241, 5 iterations
[INFO] [1790553249.718744134] [pose_estimator]: RPE: trans 0.0717 | rot 0.00000 (0.000 deg)
Matched 255 keypoints
[INFO] [1790553249.831467635] [pose_estimator]: RANSAC: 198 inliers / 255, 5 iterations
[INFO] [1790553249.833591301] [pose_estimator]: RPE: trans 0.0716 | rot 0.00000 (0.000 deg)
Matched 282 keypoints
[INFO] [1790553249.951356010] [pose_estimator]: RANSAC: 228 inliers / 282, 5 iterations
[INFO] [1790553249.951525426] [pose_estimator]: RPE: trans 0.0568 | rot 0.00000 (0.000 deg)
Matched 269 keypoints
[INFO] [1790553250.074628176] [pose_estimator]: RANSAC: 223 inliers / 269, 4 iterations
[INFO] [1790553250.075000176] [pose_estimator]: RPE: trans 0.0966 | rot 0.00000 (0.000 deg)
Matched 257 keypoints
[INFO] [1790553250.188958093] [pose_estimator]: RANSAC: 217 inliers / 257, 5 iterations
[INFO] [1790553250.191328343] [pose_estimator]: RPE: trans 0.0708 | rot 0.00000 (0.000 deg)
Matched 245 keypoints
[INFO] [1790553250.299691926] [pose_estimator]: RANSAC: 200 inliers / 245, 5 iterations
[INFO] [1790553250.299859176] [pose_estimator]: RPE: trans 0.0886 | rot 0.00000 (0.000 deg)
Matched 237 keypoints
[INFO] [1790553250.408754176] [pose_estimator]: RANSAC: 208 inliers / 237, 4 iterations
[INFO] [1790553250.408917343] [pose_estimator]: RPE: trans 0.0796 | rot 0.00000 (0.000 deg)
Matched 293 keypoints
[INFO] [1790553250.517573968] [pose_estimator]: RANSAC: 243 inliers / 293, 4 iterations
[INFO] [1790553250.519312468] [pose_estimator]: RPE: trans 0.0399 | rot 0.00000 (0.000 deg)
Matched 316 keypoints
[INFO] [1790553250.641711510] [pose_estimator]: RANSAC: 247 inliers / 316, 5 iterations
[INFO] [1790553250.641873802] [pose_estimator]: RPE: trans 0.0580 | rot 0.00000 (0.000 deg)
Matched 288 keypoints
[INFO] [1790553250.754392510] [pose_estimator]: RANSAC: 238 inliers / 288, 5 iterations
[INFO] [1790553250.754564843] [pose_estimator]: RPE: trans 0.0510 | rot 0.00000 (0.000 deg)
Matched 265 keypoints
[INFO] [1790553250.861760260] [pose_estimator]: RANSAC: 225 inliers / 265, 4 iterations
[INFO] [1790553250.861922760] [pose_estimator]: RPE: trans 0.0219 | rot 0.00000 (0.000 deg)
Matched 287 keypoints
[INFO] [1790553250.977259927] [pose_estimator]: RANSAC: 234 inliers / 287, 5 iterations
[INFO] [1790553250.980724677] [pose_estimator]: RPE: trans 0.0656 | rot 0.00000 (0.000 deg)
Matched 303 keypoints
[INFO] [1790553251.115309968] [pose_estimator]: RANSAC: 250 inliers / 303, 5 iterations
[INFO] [1790553251.118250885] [pose_estimator]: RPE: trans 0.0918 | rot 0.00000 (0.000 deg)
Matched 308 keypoints
[INFO] [1790553251.238254427] [pose_estimator]: RANSAC: 256 inliers / 308, 5 iterations
[INFO] [1790553251.238398635] [pose_estimator]: RPE: trans 0.0696 | rot 0.00000 (0.000 deg)
Matched 328 keypoints
[INFO] [1790553251.354280760] [pose_estimator]: RANSAC: 260 inliers / 328, 5 iterations
[INFO] [1790553251.357178677] [pose_estimator]: RPE: trans 0.0764 | rot 0.00000 (0.000 deg)
Matched 314 keypoints
[INFO] [1790553251.467904635] [pose_estimator]: RANSAC: 266 inliers / 314, 5 iterations
[INFO] [1790553251.468490344] [pose_estimator]: RPE: trans 0.0368 | rot 0.00000 (0.000 deg)
Matched 326 keypoints
[INFO] [1790553251.584655969] [pose_estimator]: RANSAC: 266 inliers / 326, 5 iterations
[INFO] [1790553251.584893927] [pose_estimator]: RPE: trans 0.0248 | rot 0.00000 (0.000 deg)
Matched 337 keypoints
[INFO] [1790553251.699706219] [pose_estimator]: RANSAC: 272 inliers / 337, 5 iterations
[INFO] [1790553251.699847177] [pose_estimator]: RPE: trans 0.0816 | rot 0.00000 (0.000 deg)
Matched 335 keypoints
[INFO] [1790553251.826963094] [pose_estimator]: RANSAC: 291 inliers / 335, 4 iterations
[INFO] [1790553251.831603927] [pose_estimator]: RPE: trans 0.0056 | rot 0.00000 (0.000 deg)
Matched 357 keypoints
[INFO] [1790553252.108250594] [pose_estimator]: RANSAC: 309 inliers / 357, 4 iterations
[INFO] [1790553252.108407469] [pose_estimator]: RPE: trans 0.0169 | rot 0.00000 (0.000 deg)
Matched 350 keypoints
[INFO] [1790553252.222290969] [pose_estimator]: RANSAC: 315 inliers / 350, 3 iterations
[INFO] [1790553252.227376886] [pose_estimator]: RPE: trans 0.0166 | rot 0.00000 (0.000 deg)
Matched 384 keypoints
[INFO] [1790553252.347275136] [pose_estimator]: RANSAC: 298 inliers / 384, 5 iterations
[INFO] [1790553252.349513719] [pose_estimator]: RPE: trans 0.0440 | rot 0.00000 (0.000 deg)
Matched 390 keypoints
[INFO] [1790553252.480634719] [pose_estimator]: RANSAC: 324 inliers / 390, 5 iterations
[INFO] [1790553252.480839052] [pose_estimator]: RPE: trans 0.0343 | rot 0.00000 (0.000 deg)
Matched 395 keypoints
[INFO] [1790553252.602867803] [pose_estimator]: RANSAC: 317 inliers / 395, 5 iterations
[INFO] [1790553252.606857553] [pose_estimator]: RPE: trans 0.0626 | rot 0.00000 (0.000 deg)
Matched 380 keypoints
[INFO] [1790553252.729866136] [pose_estimator]: RANSAC: 316 inliers / 380, 4 iterations
[INFO] [1790553252.731742678] [pose_estimator]: RPE: trans 0.0308 | rot 0.00000 (0.000 deg)
Matched 386 keypoints
[INFO] [1790553252.852308053] [pose_estimator]: RANSAC: 325 inliers / 386, 4 iterations
[INFO] [1790553252.852501511] [pose_estimator]: RPE: trans 0.0203 | rot 0.00000 (0.000 deg)
Matched 415 keypoints
[INFO] [1790553252.973013303] [pose_estimator]: RANSAC: 346 inliers / 415, 4 iterations
[INFO] [1790553252.973174511] [pose_estimator]: RPE: trans 0.0549 | rot 0.00000 (0.000 deg)
Matched 413 keypoints
[INFO] [1790553253.139443844] [pose_estimator]: RANSAC: 338 inliers / 413, 5 iterations
[INFO] [1790553253.139785719] [pose_estimator]: RPE: trans 0.0708 | rot 0.00000 (0.000 deg)
Matched 396 keypoints
[INFO] [1790553253.294094761] [pose_estimator]: RANSAC: 331 inliers / 396, 4 iterations
[INFO] [1790553253.294250095] [pose_estimator]: RPE: trans 0.0208 | rot 0.00000 (0.000 deg)
Matched 398 keypoints
[INFO] [1790553253.416003386] [pose_estimator]: RANSAC: 328 inliers / 398, 5 iterations
[INFO] [1790553253.416171053] [pose_estimator]: RPE: trans 0.0227 | rot 0.00000 (0.000 deg)
Matched 414 keypoints
[INFO] [1790553253.538998053] [pose_estimator]: RANSAC: 346 inliers / 414, 4 iterations
[INFO] [1790553253.541839345] [pose_estimator]: RPE: trans 0.0414 | rot 0.00000 (0.000 deg)
Matched 434 keypoints
[INFO] [1790553253.667899553] [pose_estimator]: RANSAC: 366 inliers / 434, 4 iterations
[INFO] [1790553253.669969178] [pose_estimator]: RPE: trans 0.0028 | rot 0.00000 (0.000 deg)
Matched 419 keypoints
[INFO] [1790553253.801979511] [pose_estimator]: RANSAC: 347 inliers / 419, 4 iterations
[INFO] [1790553253.802137845] [pose_estimator]: RPE: trans 0.0352 | rot 0.00000 (0.000 deg)
Matched 397 keypoints
[INFO] [1790553253.924951011] [pose_estimator]: RANSAC: 330 inliers / 397, 4 iterations
[INFO] [1790553253.944983928] [pose_estimator]: RPE: trans 0.0185 | rot 0.00000 (0.000 deg)
Matched 435 keypoints
[INFO] [1790553254.082177887] [pose_estimator]: RANSAC: 352 inliers / 435, 6 iterations
[INFO] [1790553254.084392095] [pose_estimator]: RPE: trans 0.0352 | rot 0.00000 (0.000 deg)
Matched 399 keypoints
[INFO] [1790553254.212294553] [pose_estimator]: RANSAC: 341 inliers / 399, 4 iterations
[INFO] [1790553254.212454012] [pose_estimator]: RPE: trans 0.0415 | rot 0.00000 (0.000 deg)
Matched 410 keypoints
[INFO] [1790553254.331768178] [pose_estimator]: RANSAC: 338 inliers / 410, 5 iterations
[INFO] [1790553254.333028470] [pose_estimator]: RPE: trans 0.0968 | rot 0.00000 (0.000 deg)
Matched 423 keypoints
[INFO] [1790553254.464194303] [pose_estimator]: RANSAC: 329 inliers / 423, 5 iterations
[INFO] [1790553254.476465262] [pose_estimator]: RPE: trans 0.0350 | rot 0.00000 (0.000 deg)
Matched 419 keypoints
[INFO] [1790553254.603955220] [pose_estimator]: RANSAC: 351 inliers / 419, 4 iterations
[INFO] [1790553254.604134428] [pose_estimator]: RPE: trans 0.0385 | rot 0.00000 (0.000 deg)
Matched 419 keypoints
[INFO] [1790553254.724036387] [pose_estimator]: RANSAC: 356 inliers / 419, 4 iterations
[INFO] [1790553254.724195720] [pose_estimator]: RPE: trans 0.0371 | rot 0.00000 (0.000 deg)
Matched 427 keypoints
[INFO] [1790553254.854352554] [pose_estimator]: RANSAC: 354 inliers / 427, 4 iterations
[INFO] [1790553254.855019762] [pose_estimator]: RPE: trans 0.0378 | rot 0.00000 (0.000 deg)
Matched 386 keypoints
[INFO] [1790553254.977548720] [pose_estimator]: RANSAC: 342 inliers / 386, 3 iterations
[INFO] [1790553254.977720679] [pose_estimator]: RPE: trans 0.0078 | rot 0.00000 (0.000 deg)
Matched 463 keypoints
[INFO] [1790553255.095425095] [pose_estimator]: RANSAC: 363 inliers / 463, 5 iterations
[INFO] [1790553255.095626887] [pose_estimator]: RPE: trans 0.1072 | rot 0.00000 (0.000 deg)
Matched 466 keypoints
[INFO] [1790553255.217150179] [pose_estimator]: RANSAC: 403 inliers / 466, 4 iterations
[INFO] [1790553255.218907345] [pose_estimator]: RPE: trans 0.0417 | rot 0.00000 (0.000 deg)
Matched 489 keypoints
[INFO] [1790553255.355123470] [pose_estimator]: RANSAC: 380 inliers / 489, 5 iterations
[INFO] [1790553255.357981012] [pose_estimator]: RPE: trans 0.0305 | rot 0.00000 (0.000 deg)
Matched 466 keypoints
[INFO] [1790553255.478585512] [pose_estimator]: RANSAC: 393 inliers / 466, 4 iterations
[INFO] [1790553255.478801346] [pose_estimator]: RPE: trans 0.0261 | rot 0.00000 (0.000 deg)
Matched 442 keypoints
[INFO] [1790553255.611211679] [pose_estimator]: RANSAC: 391 inliers / 442, 4 iterations
[INFO] [1790553255.618689762] [pose_estimator]: RPE: trans 0.0302 | rot 0.00000 (0.000 deg)
Matched 454 keypoints
[INFO] [1790553255.760228971] [pose_estimator]: RANSAC: 382 inliers / 454, 4 iterations
[INFO] [1790553255.762920596] [pose_estimator]: RPE: trans 0.0222 | rot 0.00000 (0.000 deg)
Matched 449 keypoints
[INFO] [1790553255.882384721] [pose_estimator]: RANSAC: 381 inliers / 449, 4 iterations
[INFO] [1790553255.882561887] [pose_estimator]: RPE: trans 0.0077 | rot 0.00000 (0.000 deg)
Matched 438 keypoints
[INFO] [1790553256.003740387] [pose_estimator]: RANSAC: 371 inliers / 438, 4 iterations
[INFO] [1790553256.003910554] [pose_estimator]: RPE: trans 0.0084 | rot 0.00000 (0.000 deg)
Matched 429 keypoints
[INFO] [1790553256.124022471] [pose_estimator]: RANSAC: 377 inliers / 429, 4 iterations
[INFO] [1790553256.125391346] [pose_estimator]: RPE: trans 0.0164 | rot 0.00000 (0.000 deg)
Matched 482 keypoints
[INFO] [1790553256.252861054] [pose_estimator]: RANSAC: 381 inliers / 482, 6 iterations
[INFO] [1790553256.253015304] [pose_estimator]: RPE: trans 0.0682 | rot 0.00000 (0.000 deg)
Matched 467 keypoints
[INFO] [1790553256.375294804] [pose_estimator]: RANSAC: 401 inliers / 467, 4 iterations
[INFO] [1790553256.375431638] [pose_estimator]: RPE: trans 0.0220 | rot 0.00000 (0.000 deg)
Matched 445 keypoints
[INFO] [1790553256.492194804] [pose_estimator]: RANSAC: 388 inliers / 445, 4 iterations
[INFO] [1790553256.494207304] [pose_estimator]: RPE: trans 0.0040 | rot 0.00000 (0.000 deg)
Matched 430 keypoints
[INFO] [1790553256.616330971] [pose_estimator]: RANSAC: 368 inliers / 430, 4 iterations
[INFO] [1790553256.622808888] [pose_estimator]: RPE: trans 0.0110 | rot 0.00000 (0.000 deg)
Matched 454 keypoints
[INFO] [1790553256.854297721] [pose_estimator]: RANSAC: 358 inliers / 454, 6 iterations
[INFO] [1790553256.854422930] [pose_estimator]: RPE: trans 0.1090 | rot 0.00000 (0.000 deg)
Matched 423 keypoints
[INFO] [1790553256.969938180] [pose_estimator]: RANSAC: 363 inliers / 423, 4 iterations
[INFO] [1790553256.985041846] [pose_estimator]: RPE: trans 0.0692 | rot 0.00000 (0.000 deg)
Matched 445 keypoints
[INFO] [1790553257.135440430] [pose_estimator]: RANSAC: 381 inliers / 445, 4 iterations
[INFO] [1790553257.138611638] [pose_estimator]: RPE: trans 0.0285 | rot 0.00000 (0.000 deg)
Matched 485 keypoints
[INFO] [1790553257.259870138] [pose_estimator]: RANSAC: 389 inliers / 485, 5 iterations
[INFO] [1790553257.266210846] [pose_estimator]: RPE: trans 0.1486 | rot 0.00000 (0.000 deg)
Matched 458 keypoints
[INFO] [1790553257.391655680] [pose_estimator]: RANSAC: 394 inliers / 458, 4 iterations
[INFO] [1790553257.396240346] [pose_estimator]: RPE: trans 0.0829 | rot 0.00000 (0.000 deg)
Matched 485 keypoints
[INFO] [1790553257.535660680] [pose_estimator]: RANSAC: 412 inliers / 485, 4 iterations
[INFO] [1790553257.535808513] [pose_estimator]: RPE: trans 0.0365 | rot 0.00000 (0.000 deg)
Matched 453 keypoints
[INFO] [1790553257.660093513] [pose_estimator]: RANSAC: 381 inliers / 453, 4 iterations
[INFO] [1790553257.660261722] [pose_estimator]: RPE: trans 0.0584 | rot 0.00000 (0.000 deg)
Matched 479 keypoints
[INFO] [1790553257.787525347] [pose_estimator]: RANSAC: 400 inliers / 479, 4 iterations
[INFO] [1790553257.787689388] [pose_estimator]: RPE: trans 0.0455 | rot 0.00000 (0.000 deg)
Matched 462 keypoints
[INFO] [1790553257.931752555] [pose_estimator]: RANSAC: 385 inliers / 462, 4 iterations
[INFO] [1790553257.942154472] [pose_estimator]: RPE: trans 0.0222 | rot 0.00000 (0.000 deg)
Matched 482 keypoints
[INFO] [1790553258.063977763] [pose_estimator]: RANSAC: 406 inliers / 482, 4 iterations
[INFO] [1790553258.064134388] [pose_estimator]: RPE: trans 0.0805 | rot 0.00000 (0.000 deg)
Matched 488 keypoints
[INFO] [1790553258.184475597] [pose_estimator]: RANSAC: 434 inliers / 488, 4 iterations
[INFO] [1790553258.184616138] [pose_estimator]: RPE: trans 0.0268 | rot 0.00000 (0.000 deg)
Matched 517 keypoints
[INFO] [1790553258.316222180] [pose_estimator]: RANSAC: 433 inliers / 517, 4 iterations
[INFO] [1790553258.317568139] [pose_estimator]: RPE: trans 0.0265 | rot 0.00000 (0.000 deg)
Matched 463 keypoints
[INFO] [1790553258.446464430] [pose_estimator]: RANSAC: 391 inliers / 463, 4 iterations
[INFO] [1790553258.446685555] [pose_estimator]: RPE: trans 0.0598 | rot 0.00000 (0.000 deg)
Matched 482 keypoints
[INFO] [1790553258.579679805] [pose_estimator]: RANSAC: 387 inliers / 482, 5 iterations
[INFO] [1790553258.579829472] [pose_estimator]: RPE: trans 0.1272 | rot 0.00000 (0.000 deg)
Matched 499 keypoints
[INFO] [1790553258.707492222] [pose_estimator]: RANSAC: 419 inliers / 499, 4 iterations
[INFO] [1790553258.711380264] [pose_estimator]: RPE: trans 0.0142 | rot 0.00000 (0.000 deg)
Matched 497 keypoints
[INFO] [1790553258.846975875] [pose_estimator]: RANSAC: 428 inliers / 497, 4 iterations
[INFO] [1790553258.856416416] [pose_estimator]: RPE: trans 0.0094 | rot 0.00000 (0.000 deg)
Matched 510 keypoints
[INFO] [1790553258.975458500] [pose_estimator]: RANSAC: 438 inliers / 510, 4 iterations
[INFO] [1790553258.975613750] [pose_estimator]: RPE: trans 0.0388 | rot 0.00000 (0.000 deg)
Matched 571 keypoints
[INFO] [1790553259.101060083] [pose_estimator]: RANSAC: 447 inliers / 571, 5 iterations
[INFO] [1790553259.101222208] [pose_estimator]: RPE: trans 0.0881 | rot 0.00000 (0.000 deg)
Matched 549 keypoints
[INFO] [1790553259.239501291] [pose_estimator]: RANSAC: 468 inliers / 549, 4 iterations
[INFO] [1790553259.244070375] [pose_estimator]: RPE: trans 0.0647 | rot 0.00000 (0.000 deg)
Matched 531 keypoints
[INFO] [1790553259.381949041] [pose_estimator]: RANSAC: 467 inliers / 531, 4 iterations
[INFO] [1790553259.382112250] [pose_estimator]: RPE: trans 0.0359 | rot 0.00000 (0.000 deg)
Matched 563 keypoints
[INFO] [1790553259.509894375] [pose_estimator]: RANSAC: 463 inliers / 563, 5 iterations
[INFO] [1790553259.510070958] [pose_estimator]: RPE: trans 0.0752 | rot 0.00000 (0.000 deg)
Matched 545 keypoints
[INFO] [1790553259.635560083] [pose_estimator]: RANSAC: 468 inliers / 545, 4 iterations
[INFO] [1790553259.636147708] [pose_estimator]: RPE: trans 0.0558 | rot 0.00000 (0.000 deg)
Matched 538 keypoints
[INFO] [1790553259.761191167] [pose_estimator]: RANSAC: 475 inliers / 538, 4 iterations
[INFO] [1790553259.764742875] [pose_estimator]: RPE: trans 0.0511 | rot 0.00000 (0.000 deg)
Matched 550 keypoints
[INFO] [1790553259.889417667] [pose_estimator]: RANSAC: 470 inliers / 550, 4 iterations
[INFO] [1790553259.889568292] [pose_estimator]: RPE: trans 0.0752 | rot 0.00000 (0.000 deg)
Matched 605 keypoints
[INFO] [1790553260.017658458] [pose_estimator]: RANSAC: 517 inliers / 605, 4 iterations
[INFO] [1790553260.019851167] [pose_estimator]: RPE: trans 0.0843 | rot 0.00000 (0.000 deg)
Matched 577 keypoints
[INFO] [1790553260.163455708] [pose_estimator]: RANSAC: 517 inliers / 577, 4 iterations
[INFO] [1790553260.164492500] [pose_estimator]: RPE: trans 0.0176 | rot 0.00000 (0.000 deg)
Matched 590 keypoints
[INFO] [1790553260.297034209] [pose_estimator]: RANSAC: 517 inliers / 590, 4 iterations
[INFO] [1790553260.297184959] [pose_estimator]: RPE: trans 0.0581 | rot 0.00000 (0.000 deg)
Matched 610 keypoints
[INFO] [1790553260.423581375] [pose_estimator]: RANSAC: 510 inliers / 610, 4 iterations
[INFO] [1790553260.423745792] [pose_estimator]: RPE: trans 0.0469 | rot 0.00000 (0.000 deg)
Matched 595 keypoints
[INFO] [1790553260.558779000] [pose_estimator]: RANSAC: 497 inliers / 595, 4 iterations
[INFO] [1790553260.559456834] [pose_estimator]: RPE: trans 0.0998 | rot 0.00000 (0.000 deg)
Matched 583 keypoints
[INFO] [1790553260.692804209] [pose_estimator]: RANSAC: 487 inliers / 583, 4 iterations
[INFO] [1790553260.692954125] [pose_estimator]: RPE: trans 0.0861 | rot 0.00000 (0.000 deg)
Matched 613 keypoints
[INFO] [1790553260.821978917] [pose_estimator]: RANSAC: 511 inliers / 613, 4 iterations
[INFO] [1790553260.822141667] [pose_estimator]: RPE: trans 0.0484 | rot 0.00000 (0.000 deg)
Matched 607 keypoints
[INFO] [1790553260.950829126] [pose_estimator]: RANSAC: 527 inliers / 607, 4 iterations
[INFO] [1790553260.951438126] [pose_estimator]: RPE: trans 0.0528 | rot 0.00000 (0.000 deg)
Matched 618 keypoints
[INFO] [1790553261.087114209] [pose_estimator]: RANSAC: 530 inliers / 618, 4 iterations
[INFO] [1790553261.089350501] [pose_estimator]: RPE: trans 0.0062 | rot 0.00000 (0.000 deg)
Matched 633 keypoints
[INFO] [1790553261.225705042] [pose_estimator]: RANSAC: 547 inliers / 633, 4 iterations
[INFO] [1790553261.225860292] [pose_estimator]: RPE: trans 0.0063 | rot 0.00000 (0.000 deg)
Matched 641 keypoints
[INFO] [1790553261.367902709] [pose_estimator]: RANSAC: 553 inliers / 641, 4 iterations
[INFO] [1790553261.380817917] [pose_estimator]: RPE: trans 0.0238 | rot 0.00000 (0.000 deg)
Matched 633 keypoints
[INFO] [1790553261.526714042] [pose_estimator]: RANSAC: 557 inliers / 633, 4 iterations
[INFO] [1790553261.528923001] [pose_estimator]: RPE: trans 0.0491 | rot 0.00000 (0.000 deg)
Matched 715 keypoints
[INFO] [1790553261.688289001] [pose_estimator]: RANSAC: 606 inliers / 715, 4 iterations
[INFO] [1790553261.688437418] [pose_estimator]: RPE: trans 0.0153 | rot 0.00000 (0.000 deg)
Matched 667 keypoints
[INFO] [1790553261.832009793] [pose_estimator]: RANSAC: 587 inliers / 667, 4 iterations
[INFO] [1790553261.833604543] [pose_estimator]: RPE: trans 0.0069 | rot 0.00000 (0.000 deg)
Matched 739 keypoints
[INFO] [1790553261.981917584] [pose_estimator]: RANSAC: 649 inliers / 739, 4 iterations
[INFO] [1790553261.982038251] [pose_estimator]: RPE: trans 0.0468 | rot 0.00000 (0.000 deg)
Matched 658 keypoints
[INFO] [1790553262.113075918] [pose_estimator]: RANSAC: 561 inliers / 658, 4 iterations
[INFO] [1790553262.113237334] [pose_estimator]: RPE: trans 0.0413 | rot 0.00000 (0.000 deg)
Matched 600 keypoints
[INFO] [1790553262.248867084] [pose_estimator]: RANSAC: 504 inliers / 600, 4 iterations
[INFO] [1790553262.262120334] [pose_estimator]: RPE: trans 0.0233 | rot 0.00000 (0.000 deg)
Matched 667 keypoints
[INFO] [1790553262.411085751] [pose_estimator]: RANSAC: 590 inliers / 667, 4 iterations
[INFO] [1790553262.411244876] [pose_estimator]: RPE: trans 0.0290 | rot 0.00000 (0.000 deg)
Matched 662 keypoints
[INFO] [1790553262.549090085] [pose_estimator]: RANSAC: 558 inliers / 662, 4 iterations
[INFO] [1790553262.550031418] [pose_estimator]: RPE: trans 0.0059 | rot 0.00000 (0.000 deg)
Matched 660 keypoints
[INFO] [1790553262.690147418] [pose_estimator]: RANSAC: 548 inliers / 660, 4 iterations
[INFO] [1790553262.696116293] [pose_estimator]: RPE: trans 0.0421 | rot 0.00000 (0.000 deg)
Matched 674 keypoints
[INFO] [1790553262.850991418] [pose_estimator]: RANSAC: 552 inliers / 674, 5 iterations
[INFO] [1790553262.856236835] [pose_estimator]: RPE: trans 0.0707 | rot 0.00000 (0.000 deg)
Matched 637 keypoints
[INFO] [1790553263.002375668] [pose_estimator]: RANSAC: 522 inliers / 637, 5 iterations
[INFO] [1790553263.031102293] [pose_estimator]: RPE: trans 0.1164 | rot 0.00000 (0.000 deg)
Matched 612 keypoints
[INFO] [1790553263.182235710] [pose_estimator]: RANSAC: 517 inliers / 612, 4 iterations
[INFO] [1790553263.182835210] [pose_estimator]: RPE: trans 0.0128 | rot 0.00000 (0.000 deg)
Matched 692 keypoints
[INFO] [1790553263.335896127] [pose_estimator]: RANSAC: 596 inliers / 692, 4 iterations
[INFO] [1790553263.343512918] [pose_estimator]: RPE: trans 0.0366 | rot 0.00000 (0.000 deg)
Matched 662 keypoints
[INFO] [1790553263.493077377] [pose_estimator]: RANSAC: 549 inliers / 662, 4 iterations
[INFO] [1790553263.510905127] [pose_estimator]: RPE: trans 0.0093 | rot 0.00000 (0.000 deg)
Matched 632 keypoints
[INFO] [1790553263.664200502] [pose_estimator]: RANSAC: 537 inliers / 632, 4 iterations
[INFO] [1790553263.668938085] [pose_estimator]: RPE: trans 0.0103 | rot 0.00000 (0.000 deg)
Matched 637 keypoints
[INFO] [1790553263.812088752] [pose_estimator]: RANSAC: 524 inliers / 637, 5 iterations
[INFO] [1790553263.817080002] [pose_estimator]: RPE: trans 0.0910 | rot 0.00000 (0.000 deg)
Matched 643 keypoints
[INFO] [1790553263.959000835] [pose_estimator]: RANSAC: 530 inliers / 643, 5 iterations
[INFO] [1790553263.963640169] [pose_estimator]: RPE: trans 0.0760 | rot 0.00000 (0.000 deg)
Matched 641 keypoints
[INFO] [1790553264.098961085] [pose_estimator]: RANSAC: 528 inliers / 641, 5 iterations
[INFO] [1790553264.100676085] [pose_estimator]: RPE: trans 0.0444 | rot 0.00000 (0.000 deg)
Matched 625 keypoints
[INFO] [1790553264.255089877] [pose_estimator]: RANSAC: 528 inliers / 625, 4 iterations
[INFO] [1790553264.260594210] [pose_estimator]: RPE: trans 0.0438 | rot 0.00000 (0.000 deg)
Matched 686 keypoints
[INFO] [1790553264.407055044] [pose_estimator]: RANSAC: 573 inliers / 686, 4 iterations
[INFO] [1790553264.410741919] [pose_estimator]: RPE: trans 0.0249 | rot 0.00000 (0.000 deg)
Matched 671 keypoints
[INFO] [1790553264.555508836] [pose_estimator]: RANSAC: 547 inliers / 671, 5 iterations
[INFO] [1790553264.555656877] [pose_estimator]: RPE: trans 0.0843 | rot 0.00000 (0.000 deg)
Matched 664 keypoints
[INFO] [1790553264.704477419] [pose_estimator]: RANSAC: 553 inliers / 664, 4 iterations
[INFO] [1790553264.774458627] [pose_estimator]: RPE: trans 0.0540 | rot 0.00000 (0.000 deg)
Matched 664 keypoints
[INFO] [1790553264.921008086] [pose_estimator]: RANSAC: 539 inliers / 664, 5 iterations
[INFO] [1790553264.945977044] [pose_estimator]: RPE: trans 0.1042 | rot 0.00000 (0.000 deg)
Matched 639 keypoints
[INFO] [1790553265.102593752] [pose_estimator]: RANSAC: 538 inliers / 639, 4 iterations
[INFO] [1790553265.103992336] [pose_estimator]: RPE: trans 0.0159 | rot 0.00000 (0.000 deg)
Matched 676 keypoints
[INFO] [1790553265.242853794] [pose_estimator]: RANSAC: 548 inliers / 676, 5 iterations
[INFO] [1790553265.254279669] [pose_estimator]: RPE: trans 0.0892 | rot 0.00000 (0.000 deg)
Matched 591 keypoints
[INFO] [1790553265.410067461] [pose_estimator]: RANSAC: 500 inliers / 591, 4 iterations
[INFO] [1790553265.410903378] [pose_estimator]: RPE: trans 0.0356 | rot 0.00000 (0.000 deg)
Matched 665 keypoints
[INFO] [1790553265.544616336] [pose_estimator]: RANSAC: 547 inliers / 665, 5 iterations
[INFO] [1790553265.547161919] [pose_estimator]: RPE: trans 0.0259 | rot 0.00000 (0.000 deg)
Matched 647 keypoints
[INFO] [1790553265.686619711] [pose_estimator]: RANSAC: 574 inliers / 647, 3 iterations
[INFO] [1790553265.687348461] [pose_estimator]: RPE: trans 0.0058 | rot 0.00000 (0.000 deg)
Matched 678 keypoints
[INFO] [1790553265.861168795] [pose_estimator]: RANSAC: 577 inliers / 678, 4 iterations
[INFO] [1790553265.862165920] [pose_estimator]: RPE: trans 0.0541 | rot 0.00000 (0.000 deg)
Matched 710 keypoints
[INFO] [1790553266.003210628] [pose_estimator]: RANSAC: 579 inliers / 710, 5 iterations
[INFO] [1790553266.004888420] [pose_estimator]: RPE: trans 0.0813 | rot 0.00000 (0.000 deg)
Matched 676 keypoints
[INFO] [1790553266.143561378] [pose_estimator]: RANSAC: 573 inliers / 676, 4 iterations
[INFO] [1790553266.143750461] [pose_estimator]: RPE: trans 0.0322 | rot 0.00000 (0.000 deg)
Matched 663 keypoints
[INFO] [1790553266.274377378] [pose_estimator]: RANSAC: 556 inliers / 663, 4 iterations
[INFO] [1790553266.277074670] [pose_estimator]: RPE: trans 0.0269 | rot 0.00000 (0.000 deg)
Matched 703 keypoints
[INFO] [1790553266.414989170] [pose_estimator]: RANSAC: 605 inliers / 703, 4 iterations
[INFO] [1790553266.415549253] [pose_estimator]: RPE: trans 0.0165 | rot 0.00000 (0.000 deg)
Matched 678 keypoints
[INFO] [1790553266.554037003] [pose_estimator]: RANSAC: 578 inliers / 678, 4 iterations
[INFO] [1790553266.554187712] [pose_estimator]: RPE: trans 0.0554 | rot 0.00000 (0.000 deg)
Matched 691 keypoints
[INFO] [1790553266.692261462] [pose_estimator]: RANSAC: 595 inliers / 691, 4 iterations
[INFO] [1790553266.693830045] [pose_estimator]: RPE: trans 0.0319 | rot 0.00000 (0.000 deg)
Matched 717 keypoints
[INFO] [1790553266.839100087] [pose_estimator]: RANSAC: 614 inliers / 717, 4 iterations
[INFO] [1790553266.841201878] [pose_estimator]: RPE: trans 0.0309 | rot 0.00000 (0.000 deg)
Matched 690 keypoints
[INFO] [1790553266.978682962] [pose_estimator]: RANSAC: 594 inliers / 690, 4 iterations
[INFO] [1790553266.978851212] [pose_estimator]: RPE: trans 0.0380 | rot 0.00000 (0.000 deg)
Matched 667 keypoints
[INFO] [1790553267.117125128] [pose_estimator]: RANSAC: 577 inliers / 667, 4 iterations
[INFO] [1790553267.117965212] [pose_estimator]: RPE: trans 0.0241 | rot 0.00000 (0.000 deg)
Matched 734 keypoints
[INFO] [1790553267.260238712] [pose_estimator]: RANSAC: 633 inliers / 734, 5 iterations
[INFO] [1790553267.260383629] [pose_estimator]: RPE: trans 0.0299 | rot 0.00000 (0.000 deg)
Matched 759 keypoints
[INFO] [1790553267.404022545] [pose_estimator]: RANSAC: 652 inliers / 759, 4 iterations
[INFO] [1790553267.404173504] [pose_estimator]: RPE: trans 0.0249 | rot 0.00000 (0.000 deg)
Matched 750 keypoints
[INFO] [1790553267.549335587] [pose_estimator]: RANSAC: 607 inliers / 750, 5 iterations
[INFO] [1790553267.552129462] [pose_estimator]: RPE: trans 0.0624 | rot 0.00000 (0.000 deg)
Matched 705 keypoints
[INFO] [1790553267.700134962] [pose_estimator]: RANSAC: 592 inliers / 705, 4 iterations
[INFO] [1790553267.701214129] [pose_estimator]: RPE: trans 0.0174 | rot 0.00000 (0.000 deg)
Matched 702 keypoints
[INFO] [1790553267.843683212] [pose_estimator]: RANSAC: 598 inliers / 702, 4 iterations
[INFO] [1790553267.843851795] [pose_estimator]: RPE: trans 0.0212 | rot 0.00000 (0.000 deg)
Matched 669 keypoints
[INFO] [1790553267.981652962] [pose_estimator]: RANSAC: 551 inliers / 669, 5 iterations
[INFO] [1790553267.981904004] [pose_estimator]: RPE: trans 0.0564 | rot 0.00000 (0.000 deg)
Matched 706 keypoints
[INFO] [1790553268.124452462] [pose_estimator]: RANSAC: 591 inliers / 706, 4 iterations
[INFO] [1790553268.125036546] [pose_estimator]: RPE: trans 0.0049 | rot 0.00000 (0.000 deg)
Matched 678 keypoints
[INFO] [1790553268.269170629] [pose_estimator]: RANSAC: 568 inliers / 678, 4 iterations
[INFO] [1790553268.269331171] [pose_estimator]: RPE: trans 0.0679 | rot 0.00000 (0.000 deg)
Matched 687 keypoints
[INFO] [1790553268.409236046] [pose_estimator]: RANSAC: 587 inliers / 687, 4 iterations
[INFO] [1790553268.419101546] [pose_estimator]: RPE: trans 0.0571 | rot 0.00000 (0.000 deg)
Matched 670 keypoints
[INFO] [1790553268.579292254] [pose_estimator]: RANSAC: 566 inliers / 670, 4 iterations
[INFO] [1790553268.589030671] [pose_estimator]: RPE: trans 0.0360 | rot 0.00000 (0.000 deg)
Matched 600 keypoints
[INFO] [1790553268.727175296] [pose_estimator]: RANSAC: 523 inliers / 600, 4 iterations
[INFO] [1790553268.727325838] [pose_estimator]: RPE: trans 0.0120 | rot 0.00000 (0.000 deg)
Matched 651 keypoints
[INFO] [1790553268.860142671] [pose_estimator]: RANSAC: 575 inliers / 651, 4 iterations
[INFO] [1790553268.869192004] [pose_estimator]: RPE: trans 0.0254 | rot 0.00000 (0.000 deg)
Matched 637 keypoints
[INFO] [1790553269.008237338] [pose_estimator]: RANSAC: 538 inliers / 637, 4 iterations
[INFO] [1790553269.008531588] [pose_estimator]: RPE: trans 0.0386 | rot 0.00000 (0.000 deg)
Matched 662 keypoints
[INFO] [1790553269.144715338] [pose_estimator]: RANSAC: 562 inliers / 662, 4 iterations
[INFO] [1790553269.144867171] [pose_estimator]: RPE: trans 0.0437 | rot 0.00000 (0.000 deg)
Matched 586 keypoints
[INFO] [1790553269.275343046] [pose_estimator]: RANSAC: 497 inliers / 586, 4 iterations
[INFO] [1790553269.275485754] [pose_estimator]: RPE: trans 0.0845 | rot 0.00000 (0.000 deg)
Matched 550 keypoints
[INFO] [1790553269.407563463] [pose_estimator]: RANSAC: 486 inliers / 550, 4 iterations
[INFO] [1790553269.410353213] [pose_estimator]: RPE: trans 0.0917 | rot 0.00000 (0.000 deg)
Matched 574 keypoints
[INFO] [1790553269.536847796] [pose_estimator]: RANSAC: 473 inliers / 574, 5 iterations
[INFO] [1790553269.537018171] [pose_estimator]: RPE: trans 0.0100 | rot 0.00000 (0.000 deg)
Matched 571 keypoints
[INFO] [1790553269.661593505] [pose_estimator]: RANSAC: 467 inliers / 571, 5 iterations
[INFO] [1790553269.661754546] [pose_estimator]: RPE: trans 0.0663 | rot 0.00000 (0.000 deg)
Matched 505 keypoints
[INFO] [1790553269.786825838] [pose_estimator]: RANSAC: 439 inliers / 505, 4 iterations
[INFO] [1790553269.790515796] [pose_estimator]: RPE: trans 0.0254 | rot 0.00000 (0.000 deg)
Matched 521 keypoints
[INFO] [1790553269.932555630] [pose_estimator]: RANSAC: 429 inliers / 521, 5 iterations
[INFO] [1790553269.936487921] [pose_estimator]: RPE: trans 0.0203 | rot 0.00000 (0.000 deg)
Matched 530 keypoints
[INFO] [1790553270.069197922] [pose_estimator]: RANSAC: 444 inliers / 530, 4 iterations
[INFO] [1790553270.069354713] [pose_estimator]: RPE: trans 0.0387 | rot 0.00000 (0.000 deg)
Matched 510 keypoints
[INFO] [1790553270.197838213] [pose_estimator]: RANSAC: 426 inliers / 510, 4 iterations
[INFO] [1790553270.212701588] [pose_estimator]: RPE: trans 0.0221 | rot 0.00000 (0.000 deg)
Matched 541 keypoints
[INFO] [1790553270.354587213] [pose_estimator]: RANSAC: 440 inliers / 541, 5 iterations
[INFO] [1790553270.368296463] [pose_estimator]: RPE: trans 0.0445 | rot 0.00000 (0.000 deg)
Matched 538 keypoints
[INFO] [1790553270.499560172] [pose_estimator]: RANSAC: 444 inliers / 538, 5 iterations
[INFO] [1790553270.499714213] [pose_estimator]: RPE: trans 0.0150 | rot 0.00000 (0.000 deg)
Matched 563 keypoints
[INFO] [1790553270.628445588] [pose_estimator]: RANSAC: 464 inliers / 563, 5 iterations
[INFO] [1790553270.628773380] [pose_estimator]: RPE: trans 0.0490 | rot 0.00000 (0.000 deg)
Matched 561 keypoints
[INFO] [1790553270.760998964] [pose_estimator]: RANSAC: 451 inliers / 561, 5 iterations
[INFO] [1790553270.763193172] [pose_estimator]: RPE: trans 0.0108 | rot 0.00000 (0.000 deg)
Matched 565 keypoints
[INFO] [1790553270.894792047] [pose_estimator]: RANSAC: 460 inliers / 565, 5 iterations
[INFO] [1790553270.894956172] [pose_estimator]: RPE: trans 0.0278 | rot 0.00000 (0.000 deg)
Matched 586 keypoints
[INFO] [1790553271.025964630] [pose_estimator]: RANSAC: 477 inliers / 586, 5 iterations
[INFO] [1790553271.027342630] [pose_estimator]: RPE: trans 0.0781 | rot 0.00000 (0.000 deg)
Matched 602 keypoints
[INFO] [1790553271.170070464] [pose_estimator]: RANSAC: 464 inliers / 602, 6 iterations
[INFO] [1790553271.187121380] [pose_estimator]: RPE: trans 0.0337 | rot 0.00000 (0.000 deg)
Matched 579 keypoints
[INFO] [1790553271.319575964] [pose_estimator]: RANSAC: 452 inliers / 579, 5 iterations
[INFO] [1790553271.319740505] [pose_estimator]: RPE: trans 0.0120 | rot 0.00000 (0.000 deg)
Matched 571 keypoints
[INFO] [1790553271.449797922] [pose_estimator]: RANSAC: 472 inliers / 571, 5 iterations
[INFO] [1790553271.450027964] [pose_estimator]: RPE: trans 0.0424 | rot 0.00000 (0.000 deg)
Matched 579 keypoints
[INFO] [1790553271.594255339] [pose_estimator]: RANSAC: 459 inliers / 579, 5 iterations
[INFO] [1790553271.612374714] [pose_estimator]: RPE: trans 0.0876 | rot 0.00000 (0.000 deg)
Matched 512 keypoints
[INFO] [1790553271.753980589] [pose_estimator]: RANSAC: 433 inliers / 512, 4 iterations
[INFO] [1790553271.754114172] [pose_estimator]: RPE: trans 0.1897 | rot 0.00000 (0.000 deg)
Matched 522 keypoints
[INFO] [1790553271.883723339] [pose_estimator]: RANSAC: 431 inliers / 522, 5 iterations
[INFO] [1790553271.883886297] [pose_estimator]: RPE: trans 0.0965 | rot 0.00000 (0.000 deg)
Matched 455 keypoints
[INFO] [1790553272.008962214] [pose_estimator]: RANSAC: 392 inliers / 455, 4 iterations
[INFO] [1790553272.009628339] [pose_estimator]: RPE: trans 0.0381 | rot 0.00000 (0.000 deg)
Matched 499 keypoints
[INFO] [1790553272.135389798] [pose_estimator]: RANSAC: 408 inliers / 499, 5 iterations
[INFO] [1790553272.138047506] [pose_estimator]: RPE: trans 0.4232 | rot 0.00000 (0.000 deg)
Matched 499 keypoints
[INFO] [1790553272.264709339] [pose_estimator]: RANSAC: 377 inliers / 499, 7 iterations
[INFO] [1790553272.264853423] [pose_estimator]: RPE: trans 0.1422 | rot 0.00000 (0.000 deg)
Matched 470 keypoints
[INFO] [1790553272.396152881] [pose_estimator]: RANSAC: 388 inliers / 470, 5 iterations
[INFO] [1790553272.402884006] [pose_estimator]: RPE: trans 0.0190 | rot 0.00000 (0.000 deg)
Matched 404 keypoints
[INFO] [1790553272.541790339] [pose_estimator]: RANSAC: 330 inliers / 404, 5 iterations
[INFO] [1790553272.542120756] [pose_estimator]: RPE: trans 0.0646 | rot 0.00000 (0.000 deg)
Matched 478 keypoints
[INFO] [1790553272.684659006] [pose_estimator]: RANSAC: 347 inliers / 478, 7 iterations
[INFO] [1790553272.684934423] [pose_estimator]: RPE: trans 0.1157 | rot 0.00000 (0.000 deg)
Matched 437 keypoints
[INFO] [1790553272.828114631] [pose_estimator]: RANSAC: 345 inliers / 437, 5 iterations
[INFO] [1790553272.830953006] [pose_estimator]: RPE: trans 0.0174 | rot 0.00000 (0.000 deg)
Matched 405 keypoints
[INFO] [1790553272.977229923] [pose_estimator]: RANSAC: 330 inliers / 405, 5 iterations
[INFO] [1790553272.982988465] [pose_estimator]: RPE: trans 0.0262 | rot 0.00000 (0.000 deg)
Matched 368 keypoints
[INFO] [1790553273.164919840] [pose_estimator]: RANSAC: 274 inliers / 368, 6 iterations
[INFO] [1790553273.169205631] [pose_estimator]: RPE: trans 0.0224 | rot 0.00000 (0.000 deg)
Matched 349 keypoints
[INFO] [1790553273.319887965] [pose_estimator]: RANSAC: 259 inliers / 349, 7 iterations
[INFO] [1790553273.326707881] [pose_estimator]: RPE: trans 0.0104 | rot 0.00000 (0.000 deg)
Matched 324 keypoints
[INFO] [1790553273.456663006] [pose_estimator]: RANSAC: 237 inliers / 324, 9 iterations
[INFO] [1790553273.460222965] [pose_estimator]: RPE: trans 0.1970 | rot 0.00000 (0.000 deg)
Matched 282 keypoints
[INFO] [1790553273.586047132] [pose_estimator]: RANSAC: 206 inliers / 282, 7 iterations
[INFO] [1790553273.587835590] [pose_estimator]: RPE: trans 0.0025 | rot 0.00000 (0.000 deg)
Matched 294 keypoints
[INFO] [1790553273.710885590] [pose_estimator]: RANSAC: 188 inliers / 294, 9 iterations
[INFO] [1790553273.721479632] [pose_estimator]: RPE: trans 0.3140 | rot 0.00000 (0.000 deg)
Matched 291 keypoints
[INFO] [1790553273.850264548] [pose_estimator]: RANSAC: 190 inliers / 291, 9 iterations
[INFO] [1790553273.854188965] [pose_estimator]: RPE: trans 0.2098 | rot 0.00000 (0.000 deg)
Matched 274 keypoints
[INFO] [1790553273.975381840] [pose_estimator]: RANSAC: 170 inliers / 274, 10 iterations
[INFO] [1790553273.975551215] [pose_estimator]: RPE: trans 0.1519 | rot 0.00000 (0.000 deg)
Matched 330 keypoints
[INFO] [1790553274.095993840] [pose_estimator]: RANSAC: 179 inliers / 330, 14 iterations
[INFO] [1790553274.096151840] [pose_estimator]: RPE: trans 0.3380 | rot 0.00000 (0.000 deg)
Matched 291 keypoints
[INFO] [1790553274.220318590] [pose_estimator]: RANSAC: 202 inliers / 291, 8 iterations
[INFO] [1790553274.222374507] [pose_estimator]: RPE: trans 0.0901 | rot 0.00000 (0.000 deg)
Matched 298 keypoints
[INFO] [1790553274.347537382] [pose_estimator]: RANSAC: 228 inliers / 298, 6 iterations
[INFO] [1790553274.350750965] [pose_estimator]: RPE: trans 0.1520 | rot 0.00000 (0.000 deg)
Matched 332 keypoints
[INFO] [1790553274.474857632] [pose_estimator]: RANSAC: 245 inliers / 332, 6 iterations
[INFO] [1790553274.475002799] [pose_estimator]: RPE: trans 0.0903 | rot 0.00000 (0.000 deg)
Matched 300 keypoints
[INFO] [1790553274.594020590] [pose_estimator]: RANSAC: 235 inliers / 300, 5 iterations
[INFO] [1790553274.599445090] [pose_estimator]: RPE: trans 0.1551 | rot 0.00000 (0.000 deg)
Matched 285 keypoints
[INFO] [1790553274.728414007] [pose_estimator]: RANSAC: 223 inliers / 285, 5 iterations
[INFO] [1790553274.742872590] [pose_estimator]: RPE: trans 0.0823 | rot 0.00000 (0.000 deg)
Matched 321 keypoints
[INFO] [1790553274.870349590] [pose_estimator]: RANSAC: 273 inliers / 321, 4 iterations
[INFO] [1790553274.878304049] [pose_estimator]: RPE: trans 0.1978 | rot 0.00000 (0.000 deg)
Matched 259 keypoints
[INFO] [1790553274.994664591] [pose_estimator]: RANSAC: 183 inliers / 259, 7 iterations
[INFO] [1790553274.995752882] [pose_estimator]: RPE: trans 0.1650 | rot 0.00000 (0.000 deg)
Matched 274 keypoints
[INFO] [1790553275.115378549] [pose_estimator]: RANSAC: 228 inliers / 274, 4 iterations
[INFO] [1790553275.118525132] [pose_estimator]: RPE: trans 0.1211 | rot 0.00000 (0.000 deg)
Matched 277 keypoints
[INFO] [1790553275.241467091] [pose_estimator]: RANSAC: 219 inliers / 277, 5 iterations
[INFO] [1790553275.242225049] [pose_estimator]: RPE: trans 0.0911 | rot 0.00000 (0.000 deg)
Matched 259 keypoints
[INFO] [1790553275.356166549] [pose_estimator]: RANSAC: 209 inliers / 259, 5 iterations
[INFO] [1790553275.356350591] [pose_estimator]: RPE: trans 0.0591 | rot 0.00000 (0.000 deg)
Matched 231 keypoints
[INFO] [1790553275.468087507] [pose_estimator]: RANSAC: 182 inliers / 231, 6 iterations
[INFO] [1790553275.471178049] [pose_estimator]: RPE: trans 0.0467 | rot 0.00000 (0.000 deg)
Matched 238 keypoints
[INFO] [1790553275.590963674] [pose_estimator]: RANSAC: 174 inliers / 238, 7 iterations
[INFO] [1790553275.591099674] [pose_estimator]: RPE: trans 0.0063 | rot 0.00000 (0.000 deg)
Matched 247 keypoints
[INFO] [1790553275.701815549] [pose_estimator]: RANSAC: 215 inliers / 247, 4 iterations
[INFO] [1790553275.701987508] [pose_estimator]: RPE: trans 0.0517 | rot 0.00000 (0.000 deg)
Matched 236 keypoints
[INFO] [1790553275.825607424] [pose_estimator]: RANSAC: 180 inliers / 236, 6 iterations
[INFO] [1790553275.825767799] [pose_estimator]: RPE: trans 0.3010 | rot 0.00000 (0.000 deg)
Matched 236 keypoints
[INFO] [1790553275.941873508] [pose_estimator]: RANSAC: 202 inliers / 236, 4 iterations
[INFO] [1790553275.945037424] [pose_estimator]: RPE: trans 0.1229 | rot 0.00000 (0.000 deg)
Matched 208 keypoints
[INFO] [1790553276.059504091] [pose_estimator]: RANSAC: 177 inliers / 208, 4 iterations
[INFO] [1790553276.059671883] [pose_estimator]: RPE: trans 0.0414 | rot 0.00000 (0.000 deg)
Matched 213 keypoints
[INFO] [1790553276.169216633] [pose_estimator]: RANSAC: 173 inliers / 213, 5 iterations
[INFO] [1790553276.169355883] [pose_estimator]: RPE: trans 0.0048 | rot 0.00000 (0.000 deg)
Matched 244 keypoints
[INFO] [1790553276.285605883] [pose_estimator]: RANSAC: 201 inliers / 244, 5 iterations
[INFO] [1790553276.286460008] [pose_estimator]: RPE: trans 0.0517 | rot 0.00000 (0.000 deg)
Matched 205 keypoints
[INFO] [1790553276.396732300] [pose_estimator]: RANSAC: 172 inliers / 205, 4 iterations
[INFO] [1790553276.400865091] [pose_estimator]: RPE: trans 0.0348 | rot 0.00000 (0.000 deg)
Matched 214 keypoints
[INFO] [1790553276.514220966] [pose_estimator]: RANSAC: 181 inliers / 214, 4 iterations
[INFO] [1790553276.514371466] [pose_estimator]: RPE: trans 0.2129 | rot 0.00000 (0.000 deg)
Matched 232 keypoints
[INFO] [1790553276.628758466] [pose_estimator]: RANSAC: 171 inliers / 232, 6 iterations
[INFO] [1790553276.628919383] [pose_estimator]: RPE: trans 0.4794 | rot 0.00000 (0.000 deg)
Matched 231 keypoints
[INFO] [1790553276.742972925] [pose_estimator]: RANSAC: 193 inliers / 231, 5 iterations
[INFO] [1790553276.743807966] [pose_estimator]: RPE: trans 0.0114 | rot 0.00000 (0.000 deg)
Matched 220 keypoints
[INFO] [1790553276.860271050] [pose_estimator]: RANSAC: 183 inliers / 220, 4 iterations
[INFO] [1790553276.862341758] [pose_estimator]: RPE: trans 0.0228 | rot 0.00000 (0.000 deg)
Matched 189 keypoints
[INFO] [1790553276.969390133] [pose_estimator]: RANSAC: 143 inliers / 189, 6 iterations
[INFO] [1790553276.969542300] [pose_estimator]: RPE: trans 0.0113 | rot 0.00000 (0.000 deg)
Matched 187 keypoints
[INFO] [1790553277.079336508] [pose_estimator]: RANSAC: 148 inliers / 187, 5 iterations
[INFO] [1790553277.079502008] [pose_estimator]: RPE: trans 0.0950 | rot 0.00000 (0.000 deg)
Matched 282 keypoints
[INFO] [1790553277.194340133] [pose_estimator]: RANSAC: 226 inliers / 282, 5 iterations
[INFO] [1790553277.196559258] [pose_estimator]: RPE: trans 0.1001 | rot 0.00000 (0.000 deg)
Matched 334 keypoints
[INFO] [1790553277.317519300] [pose_estimator]: RANSAC: 272 inliers / 334, 5 iterations
[INFO] [1790553277.320249342] [pose_estimator]: RPE: trans 0.1059 | rot 0.00000 (0.000 deg)
Matched 254 keypoints
[INFO] [1790553277.440959008] [pose_estimator]: RANSAC: 211 inliers / 254, 5 iterations
[INFO] [1790553277.441147008] [pose_estimator]: RPE: trans 0.0607 | rot 0.00000 (0.000 deg)
Matched 307 keypoints
[INFO] [1790553277.562547592] [pose_estimator]: RANSAC: 241 inliers / 307, 5 iterations
[INFO] [1790553277.562887592] [pose_estimator]: RPE: trans 0.0187 | rot 0.00000 (0.000 deg)
Matched 294 keypoints
[INFO] [1790553277.692001050] [pose_estimator]: RANSAC: 224 inliers / 294, 6 iterations
[INFO] [1790553277.696918092] [pose_estimator]: RPE: trans 0.0324 | rot 0.00000 (0.000 deg)
Matched 315 keypoints
[INFO] [1790553277.818824759] [pose_estimator]: RANSAC: 244 inliers / 315, 6 iterations
[INFO] [1790553277.818980092] [pose_estimator]: RPE: trans 0.0248 | rot 0.00000 (0.000 deg)
Matched 337 keypoints
[INFO] [1790553277.938379300] [pose_estimator]: RANSAC: 249 inliers / 337, 6 iterations
[INFO] [1790553277.938533550] [pose_estimator]: RPE: trans 0.1636 | rot 0.00000 (0.000 deg)
Matched 295 keypoints
[INFO] [1790553278.057468509] [pose_estimator]: RANSAC: 213 inliers / 295, 7 iterations
[INFO] [1790553278.060763509] [pose_estimator]: RPE: trans 0.0796 | rot 0.00000 (0.000 deg)
Matched 260 keypoints
[INFO] [1790553278.177511384] [pose_estimator]: RANSAC: 171 inliers / 260, 9 iterations
[INFO] [1790553278.177656300] [pose_estimator]: RPE: trans 0.0691 | rot 0.00000 (0.000 deg)
Matched 212 keypoints
[INFO] [1790553278.287922675] [pose_estimator]: RANSAC: 154 inliers / 212, 7 iterations
[INFO] [1790553278.288071050] [pose_estimator]: RPE: trans 0.0413 | rot 0.00000 (0.000 deg)
Matched 242 keypoints
[INFO] [1790553278.398774634] [pose_estimator]: RANSAC: 166 inliers / 242, 8 iterations
[INFO] [1790553278.398915759] [pose_estimator]: RPE: trans 0.0273 | rot 0.00000 (0.000 deg)
Matched 186 keypoints
[INFO] [1790553278.521249967] [pose_estimator]: RANSAC: 119 inliers / 186, 9 iterations
[INFO] [1790553278.530475717] [pose_estimator]: RPE: trans 0.0176 | rot 0.00000 (0.000 deg)
Matched 152 keypoints
[INFO] [1790553278.672822926] [pose_estimator]: RANSAC: 113 inliers / 152, 6 iterations
[INFO] [1790553278.675137717] [pose_estimator]: RPE: trans 0.0263 | rot 0.00000 (0.000 deg)
Matched 152 keypoints
[INFO] [1790553278.788879676] [pose_estimator]: RANSAC: 124 inliers / 152, 6 iterations
[INFO] [1790553278.791983009] [pose_estimator]: RPE: trans 0.0230 | rot 0.00000 (0.000 deg)
Matched 140 keypoints
[INFO] [1790553278.903697801] [pose_estimator]: RANSAC: 97 inliers / 140, 8 iterations
[INFO] [1790553278.905530842] [pose_estimator]: RPE: trans 0.0589 | rot 0.00000 (0.000 deg)
Matched 174 keypoints
[INFO] [1790553279.019023384] [pose_estimator]: RANSAC: 115 inliers / 174, 10 iterations
[INFO] [1790553279.027277551] [pose_estimator]: RPE: trans 0.1036 | rot 0.00000 (0.000 deg)
Matched 147 keypoints
[INFO] [1790553279.134812343] [pose_estimator]: RANSAC: 103 inliers / 147, 7 iterations
[INFO] [1790553279.139368301] [pose_estimator]: RPE: trans 0.0517 | rot 0.00000 (0.000 deg)
Matched 158 keypoints
[INFO] [1790553279.242795301] [pose_estimator]: RANSAC: 108 inliers / 158, 9 iterations
[INFO] [1790553279.242936926] [pose_estimator]: RPE: trans 0.0757 | rot 0.00000 (0.000 deg)
Matched 146 keypoints
[INFO] [1790553279.346562343] [pose_estimator]: RANSAC: 95 inliers / 146, 9 iterations
[INFO] [1790553279.352682968] [pose_estimator]: RPE: trans 0.0997 | rot 0.00000 (0.000 deg)
Matched 158 keypoints
[INFO] [1790553279.458119801] [pose_estimator]: RANSAC: 101 inliers / 158, 9 iterations
[INFO] [1790553279.478560093] [pose_estimator]: RPE: trans 0.0646 | rot 0.00000 (0.000 deg)
Matched 166 keypoints
[INFO] [1790553279.587442593] [pose_estimator]: RANSAC: 109 inliers / 166, 9 iterations
[INFO] [1790553279.587594093] [pose_estimator]: RPE: trans 0.1362 | rot 0.00000 (0.000 deg)
Matched 149 keypoints
[INFO] [1790553279.691386843] [pose_estimator]: RANSAC: 103 inliers / 149, 8 iterations
[INFO] [1790553279.691573051] [pose_estimator]: RPE: trans 0.0727 | rot 0.00000 (0.000 deg)
Matched 160 keypoints
[INFO] [1790553279.823586843] [pose_estimator]: RANSAC: 113 inliers / 160, 7 iterations
[INFO] [1790553279.865337343] [pose_estimator]: RPE: trans 0.0969 | rot 0.00000 (0.000 deg)
Matched 135 keypoints
[INFO] [1790553279.995756051] [pose_estimator]: RANSAC: 103 inliers / 135, 6 iterations
[INFO] [1790553280.019669760] [pose_estimator]: RPE: trans 0.0646 | rot 0.00000 (0.000 deg)
Matched 149 keypoints
[INFO] [1790553280.144601093] [pose_estimator]: RANSAC: 114 inliers / 149, 6 iterations
[INFO] [1790553280.155703885] [pose_estimator]: RPE: trans 0.0160 | rot 0.00000 (0.000 deg)
Matched 183 keypoints
[INFO] [1790553280.299952718] [pose_estimator]: RANSAC: 150 inliers / 183, 5 iterations
[INFO] [1790553280.316518510] [pose_estimator]: RPE: trans 0.0164 | rot 0.00000 (0.000 deg)
Matched 227 keypoints
[INFO] [1790553280.435280468] [pose_estimator]: RANSAC: 192 inliers / 227, 4 iterations
[INFO] [1790553280.448703010] [pose_estimator]: RPE: trans 0.0989 | rot 0.00000 (0.000 deg)
Matched 271 keypoints
[INFO] [1790553280.576954093] [pose_estimator]: RANSAC: 235 inliers / 271, 4 iterations
[INFO] [1790553280.591019677] [pose_estimator]: RPE: trans 0.1429 | rot 0.00000 (0.000 deg)
Matched 276 keypoints
[INFO] [1790553280.732789343] [pose_estimator]: RANSAC: 239 inliers / 276, 4 iterations
[INFO] [1790553280.758838802] [pose_estimator]: RPE: trans 0.1116 | rot 0.00000 (0.000 deg)
Matched 274 keypoints
[INFO] [1790553280.884393718] [pose_estimator]: RANSAC: 229 inliers / 274, 4 iterations
[INFO] [1790553280.901484510] [pose_estimator]: RPE: trans 0.0133 | rot 0.00000 (0.000 deg)
Matched 344 keypoints
[INFO] [1790553281.101652468] [pose_estimator]: RANSAC: 285 inliers / 344, 4 iterations
[INFO] [1790553281.104527302] [pose_estimator]: RPE: trans 0.1299 | rot 0.00000 (0.000 deg)
Matched 346 keypoints
[INFO] [1790553281.250242552] [pose_estimator]: RANSAC: 284 inliers / 346, 5 iterations
[INFO] [1790553281.259602844] [pose_estimator]: RPE: trans 0.0821 | rot 0.00000 (0.000 deg)
Matched 367 keypoints
[INFO] [1790553281.429443635] [pose_estimator]: RANSAC: 315 inliers / 367, 4 iterations
[INFO] [1790553281.444886844] [pose_estimator]: RPE: trans 0.0608 | rot 0.00000 (0.000 deg)
Matched 356 keypoints
[INFO] [1790553281.574058052] [pose_estimator]: RANSAC: 297 inliers / 356, 4 iterations
[INFO] [1790553281.584780302] [pose_estimator]: RPE: trans 0.0894 | rot 0.00000 (0.000 deg)
Matched 341 keypoints
[INFO] [1790553281.749205760] [pose_estimator]: RANSAC: 269 inliers / 341, 5 iterations
[INFO] [1790553281.753908844] [pose_estimator]: RPE: trans 0.1066 | rot 0.00000 (0.000 deg)
Matched 337 keypoints
[INFO] [1790553281.921543886] [pose_estimator]: RANSAC: 296 inliers / 337, 4 iterations
[INFO] [1790553281.940024469] [pose_estimator]: RPE: trans 0.0090 | rot 0.00000 (0.000 deg)
Matched 328 keypoints
[INFO] [1790553282.062943094] [pose_estimator]: RANSAC: 261 inliers / 328, 5 iterations
[INFO] [1790553282.096325469] [pose_estimator]: RPE: trans 0.0333 | rot 0.00000 (0.000 deg)
Matched 310 keypoints
[INFO] [1790553282.284929219] [pose_estimator]: RANSAC: 270 inliers / 310, 4 iterations
[INFO] [1790553282.289259177] [pose_estimator]: RPE: trans 0.0125 | rot 0.00000 (0.000 deg)
Matched 386 keypoints
[INFO] [1790553282.417393469] [pose_estimator]: RANSAC: 330 inliers / 386, 4 iterations
[INFO] [1790553282.419673927] [pose_estimator]: RPE: trans 0.1533 | rot 0.00000 (0.000 deg)
Matched 368 keypoints
[INFO] [1790553282.569252761] [pose_estimator]: RANSAC: 323 inliers / 368, 4 iterations
[INFO] [1790553282.583389052] [pose_estimator]: RPE: trans 0.0706 | rot 0.00000 (0.000 deg)
Matched 358 keypoints
[INFO] [1790553282.721256428] [pose_estimator]: RANSAC: 321 inliers / 358, 3 iterations
[INFO] [1790553282.725407386] [pose_estimator]: RPE: trans 0.0795 | rot 0.00000 (0.000 deg)
Matched 370 keypoints
[INFO] [1790553282.840926178] [pose_estimator]: RANSAC: 325 inliers / 370, 4 iterations
[INFO] [1790553282.845835928] [pose_estimator]: RPE: trans 0.2303 | rot 0.00000 (0.000 deg)
Matched 353 keypoints
[INFO] [1790553282.980326303] [pose_estimator]: RANSAC: 316 inliers / 353, 3 iterations
[INFO] [1790553282.986435928] [pose_estimator]: RPE: trans 0.0963 | rot 0.00000 (0.000 deg)
Matched 357 keypoints
[INFO] [1790553283.127301094] [pose_estimator]: RANSAC: 310 inliers / 357, 4 iterations
[INFO] [1790553283.147799719] [pose_estimator]: RPE: trans 0.0401 | rot 0.00000 (0.000 deg)
Matched 354 keypoints
[INFO] [1790553283.269596928] [pose_estimator]: RANSAC: 301 inliers / 354, 4 iterations
[INFO] [1790553283.270972678] [pose_estimator]: RPE: trans 0.1960 | rot 0.00000 (0.000 deg)
Matched 369 keypoints
[INFO] [1790553283.392289095] [pose_estimator]: RANSAC: 311 inliers / 369, 4 iterations
[INFO] [1790553283.399509553] [pose_estimator]: RPE: trans 0.7465 | rot 0.00000 (0.000 deg)
Matched 371 keypoints
[INFO] [1790553283.530639345] [pose_estimator]: RANSAC: 308 inliers / 371, 5 iterations
[INFO] [1790553283.531703928] [pose_estimator]: RPE: trans 1.2581 | rot 0.00000 (0.000 deg)
Matched 351 keypoints
[INFO] [1790553283.680945595] [pose_estimator]: RANSAC: 311 inliers / 351, 4 iterations
[INFO] [1790553283.683484886] [pose_estimator]: RPE: trans 0.2024 | rot 0.00000 (0.000 deg)
Matched 353 keypoints
[INFO] [1790553283.803372095] [pose_estimator]: RANSAC: 314 inliers / 353, 3 iterations
[INFO] [1790553283.803516386] [pose_estimator]: RPE: trans 0.3597 | rot 0.00000 (0.000 deg)
Matched 343 keypoints
[INFO] [1790553283.916419928] [pose_estimator]: RANSAC: 316 inliers / 343, 3 iterations
[INFO] [1790553283.916566970] [pose_estimator]: RPE: trans 0.1014 | rot 0.00000 (0.000 deg)
Matched 406 keypoints
[INFO] [1790553284.031624803] [pose_estimator]: RANSAC: 352 inliers / 406, 4 iterations
[INFO] [1790553284.031729762] [pose_estimator]: RPE: trans 0.1951 | rot 0.00000 (0.000 deg)
Matched 385 keypoints
[INFO] [1790553284.145973053] [pose_estimator]: RANSAC: 337 inliers / 385, 6 iterations
[INFO] [1790553284.146115220] [pose_estimator]: RPE: trans 0.2209 | rot 0.00000 (0.000 deg)
Matched 403 keypoints
[INFO] [1790553284.263675012] [pose_estimator]: RANSAC: 359 inliers / 403, 3 iterations
[INFO] [1790553284.263788845] [pose_estimator]: RPE: trans 0.3504 | rot 0.00000 (0.000 deg)
Matched 370 keypoints
[INFO] [1790553284.379592262] [pose_estimator]: RANSAC: 334 inliers / 370, 3 iterations
[INFO] [1790553284.379747803] [pose_estimator]: RPE: trans 0.2580 | rot 0.00000 (0.000 deg)
Matched 382 keypoints
[INFO] [1790553284.494071637] [pose_estimator]: RANSAC: 359 inliers / 382, 3 iterations
[INFO] [1790553284.494176137] [pose_estimator]: RPE: trans 0.4725 | rot 0.00000 (0.000 deg)
Matched 361 keypoints
[INFO] [1790553284.604277678] [pose_estimator]: RANSAC: 327 inliers / 361, 3 iterations
[INFO] [1790553284.604401970] [pose_estimator]: RPE: trans 0.1750 | rot 0.00000 (0.000 deg)
Matched 364 keypoints
[INFO] [1790553284.712232845] [pose_estimator]: RANSAC: 320 inliers / 364, 4 iterations
[INFO] [1790553284.712363095] [pose_estimator]: RPE: trans 0.0411 | rot 0.00000 (0.000 deg)
Matched 364 keypoints
[INFO] [1790553284.825051220] [pose_estimator]: RANSAC: 320 inliers / 364, 4 iterations
[INFO] [1790553284.825180887] [pose_estimator]: RPE: trans 0.1181 | rot 0.00000 (0.000 deg)
Matched 355 keypoints
[INFO] [1790553284.941443262] [pose_estimator]: RANSAC: 318 inliers / 355, 3 iterations
[INFO] [1790553284.941557054] [pose_estimator]: RPE: trans 0.1062 | rot 0.00000 (0.000 deg)
Matched 363 keypoints
[INFO] [1790553285.051220304] [pose_estimator]: RANSAC: 332 inliers / 363, 3 iterations
[INFO] [1790553285.051348595] [pose_estimator]: RPE: trans 0.2229 | rot 0.00000 (0.000 deg)
Matched 362 keypoints
[INFO] [1790553285.164102720] [pose_estimator]: RANSAC: 301 inliers / 362, 4 iterations
[INFO] [1790553285.164213679] [pose_estimator]: RPE: trans 0.1539 | rot 0.00000 (0.000 deg)
Matched 331 keypoints
[INFO] [1790553285.281830304] [pose_estimator]: RANSAC: 298 inliers / 331, 3 iterations
[INFO] [1790553285.281970304] [pose_estimator]: RPE: trans 0.0068 | rot 0.00000 (0.000 deg)
Matched 356 keypoints
[INFO] [1790553285.403027554] [pose_estimator]: RANSAC: 306 inliers / 356, 4 iterations
[INFO] [1790553285.403136762] [pose_estimator]: RPE: trans 0.0802 | rot 0.00000 (0.000 deg)
Matched 335 keypoints
[INFO] [1790553285.519041762] [pose_estimator]: RANSAC: 290 inliers / 335, 4 iterations
[INFO] [1790553285.519163221] [pose_estimator]: RPE: trans 0.0510 | rot 0.00000 (0.000 deg)
Matched 324 keypoints
[INFO] [1790553285.635344596] [pose_estimator]: RANSAC: 286 inliers / 324, 4 iterations
[INFO] [1790553285.635479429] [pose_estimator]: RPE: trans 0.0147 | rot 0.00000 (0.000 deg)
Matched 356 keypoints
[INFO] [1790553285.748017679] [pose_estimator]: RANSAC: 295 inliers / 356, 4 iterations
[INFO] [1790553285.748142221] [pose_estimator]: RPE: trans 0.1016 | rot 0.00000 (0.000 deg)
Matched 352 keypoints
[INFO] [1790553285.860847012] [pose_estimator]: RANSAC: 310 inliers / 352, 4 iterations
[INFO] [1790553286.105064763] [pose_estimator]: RPE: trans 0.0485 | rot 0.00000 (0.000 deg)
Matched 314 keypoints
[INFO] [1790553286.230568096] [pose_estimator]: RANSAC: 275 inliers / 314, 4 iterations
[INFO] [1790553286.230713804] [pose_estimator]: RPE: trans 0.0116 | rot 0.00000 (0.000 deg)
Matched 386 keypoints
[INFO] [1790553286.345130429] [pose_estimator]: RANSAC: 323 inliers / 386, 4 iterations
[INFO] [1790553286.345255179] [pose_estimator]: RPE: trans 0.0663 | rot 0.00000 (0.000 deg)
Matched 359 keypoints
[INFO] [1790553286.458909304] [pose_estimator]: RANSAC: 293 inliers / 359, 5 iterations
[INFO] [1790553286.459019888] [pose_estimator]: RPE: trans 0.0133 | rot 0.00000 (0.000 deg)
Matched 363 keypoints
[INFO] [1790553286.575438471] [pose_estimator]: RANSAC: 310 inliers / 363, 4 iterations
[INFO] [1790553286.575600429] [pose_estimator]: RPE: trans 0.0207 | rot 0.00000 (0.000 deg)
Matched 365 keypoints
[INFO] [1790553286.692480929] [pose_estimator]: RANSAC: 316 inliers / 365, 4 iterations
[INFO] [1790553286.692626888] [pose_estimator]: RPE: trans 0.1516 | rot 0.00000 (0.000 deg)
Matched 337 keypoints
[INFO] [1790553286.806964055] [pose_estimator]: RANSAC: 295 inliers / 337, 4 iterations
[INFO] [1790553286.807089138] [pose_estimator]: RPE: trans 0.5531 | rot 0.00000 (0.000 deg)
Matched 355 keypoints
[INFO] [1790553286.922905430] [pose_estimator]: RANSAC: 318 inliers / 355, 3 iterations
[INFO] [1790553286.923058096] [pose_estimator]: RPE: trans 0.0963 | rot 0.00000 (0.000 deg)
Matched 380 keypoints
[INFO] [1790553287.037371388] [pose_estimator]: RANSAC: 326 inliers / 380, 4 iterations
[INFO] [1790553287.037532680] [pose_estimator]: RPE: trans 0.0449 | rot 0.00000 (0.000 deg)
Matched 376 keypoints
[INFO] [1790553287.153282721] [pose_estimator]: RANSAC: 328 inliers / 376, 4 iterations
[INFO] [1790553287.153432805] [pose_estimator]: RPE: trans 0.7252 | rot 0.00000 (0.000 deg)
Matched 375 keypoints
[INFO] [1790553287.268371388] [pose_estimator]: RANSAC: 322 inliers / 375, 4 iterations
[INFO] [1790553287.268493305] [pose_estimator]: RPE: trans 0.2512 | rot 0.00000 (0.000 deg)
