[INFO] [1790552782.379288002] [pose_estimator]: Logging RPE to /workspace/VNAV-labs/lab6/results/rpe_8pt.csv
[WARN] [1790552791.301603089] [pose_estimator]: Closest ground-truth pose is 0.050 s from the image (image 27.005, buffer [24.000, 27.540])
[WARN] [1790552791.394018881] [pose_estimator]: Closest ground-truth pose is 0.060 s from the image (image 27.155, buffer [24.000, 27.605])
Matched 535 keypoints
[INFO] [1790552792.101515465] [pose_estimator]: RANSAC: 446 inliers / 535, 23 iterations
[INFO] [1790552792.108470548] [pose_estimator]: RPE: trans 0.4369 | rot 0.01537 (0.623 deg)
Matched 324 keypoints
[INFO] [1790552792.610639173] [pose_estimator]: RANSAC: 263 inliers / 324, 28 iterations
[INFO] [1790552792.611250923] [pose_estimator]: RPE: trans 0.0132 | rot 0.00133 (0.054 deg)
Matched 389 keypoints
[INFO] [1790552792.743952340] [pose_estimator]: RANSAC: 288 inliers / 389, 67 iterations
[INFO] [1790552792.745061215] [pose_estimator]: RPE: trans 0.0240 | rot 0.00146 (0.059 deg)
Matched 480 keypoints
[INFO] [1790552792.882557590] [pose_estimator]: RANSAC: 426 inliers / 480, 12 iterations
[INFO] [1790552792.883587423] [pose_estimator]: RPE: trans 0.1311 | rot 0.00385 (0.156 deg)
Matched 501 keypoints
[INFO] [1790552793.365674548] [pose_estimator]: RANSAC: 421 inliers / 501, 23 iterations
[INFO] [1790552793.367426923] [pose_estimator]: RPE: trans 0.2141 | rot 0.00414 (0.168 deg)
Matched 309 keypoints
[INFO] [1790552793.490227715] [pose_estimator]: RANSAC: 232 inliers / 309, 59 iterations
[INFO] [1790552793.490457590] [pose_estimator]: RPE: trans 0.0114 | rot 0.00173 (0.070 deg)
Matched 363 keypoints
[INFO] [1790552793.613632549] [pose_estimator]: RANSAC: 300 inliers / 363, 24 iterations
[INFO] [1790552793.613841757] [pose_estimator]: RPE: trans 0.1491 | rot 0.00289 (0.117 deg)
Matched 345 keypoints
[INFO] [1790552793.946331215] [pose_estimator]: RANSAC: 289 inliers / 345, 21 iterations
[INFO] [1790552793.946514340] [pose_estimator]: RPE: trans 0.3477 | rot 0.00814 (0.330 deg)
Matched 295 keypoints
[INFO] [1790552794.075086882] [pose_estimator]: RANSAC: 236 inliers / 295, 32 iterations
[INFO] [1790552794.075422299] [pose_estimator]: RPE: trans 0.0168 | rot 0.00174 (0.070 deg)
Matched 327 keypoints
[INFO] [1790552794.196079382] [pose_estimator]: RANSAC: 266 inliers / 327, 28 iterations
[INFO] [1790552794.196275299] [pose_estimator]: RPE: trans 0.2067 | rot 0.00353 (0.143 deg)
Matched 312 keypoints
[INFO] [1790552794.313657424] [pose_estimator]: RANSAC: 247 inliers / 312, 36 iterations
[INFO] [1790552794.313823966] [pose_estimator]: RPE: trans 0.4728 | rot 0.01810 (0.733 deg)
Matched 345 keypoints
[INFO] [1790552794.481676924] [pose_estimator]: RANSAC: 290 inliers / 345, 20 iterations
[INFO] [1790552794.481864049] [pose_estimator]: RPE: trans 0.4448 | rot 0.01119 (0.453 deg)
Matched 297 keypoints
[INFO] [1790552794.647857674] [pose_estimator]: RANSAC: 238 inliers / 297, 32 iterations
[INFO] [1790552794.662607507] [pose_estimator]: RPE: trans 0.0181 | rot 0.00196 (0.079 deg)
Matched 281 keypoints
[INFO] [1790552794.789593008] [pose_estimator]: RANSAC: 238 inliers / 281, 20 iterations
[INFO] [1790552794.789771591] [pose_estimator]: RPE: trans 0.0278 | rot 0.00209 (0.085 deg)
Matched 297 keypoints
[INFO] [1790552795.086675049] [pose_estimator]: RANSAC: 253 inliers / 297, 18 iterations
[INFO] [1790552795.086889883] [pose_estimator]: RPE: trans 0.3426 | rot 0.00948 (0.384 deg)
Matched 248 keypoints
[INFO] [1790552795.198140799] [pose_estimator]: RANSAC: 193 inliers / 248, 42 iterations
[INFO] [1790552795.198318341] [pose_estimator]: RPE: trans 0.0105 | rot 0.00131 (0.053 deg)
Matched 290 keypoints
[INFO] [1790552795.596040466] [pose_estimator]: RANSAC: 238 inliers / 290, 25 iterations
[INFO] [1790552795.596245466] [pose_estimator]: RPE: trans 0.3004 | rot 0.00615 (0.249 deg)
Matched 244 keypoints
[INFO] [1790552795.710724633] [pose_estimator]: RANSAC: 194 inliers / 244, 36 iterations
[INFO] [1790552795.710911550] [pose_estimator]: RPE: trans 0.0579 | rot 0.00251 (0.102 deg)
Matched 300 keypoints
[INFO] [1790552795.833672258] [pose_estimator]: RANSAC: 243 inliers / 300, 29 iterations
[INFO] [1790552795.836410175] [pose_estimator]: RPE: trans 0.0094 | rot 0.00227 (0.092 deg)
Matched 304 keypoints
[INFO] [1790552795.970408758] [pose_estimator]: RANSAC: 252 inliers / 304, 23 iterations
[INFO] [1790552795.970594341] [pose_estimator]: RPE: trans 0.1425 | rot 0.00366 (0.148 deg)
Matched 301 keypoints
[INFO] [1790552796.088966383] [pose_estimator]: RANSAC: 256 inliers / 301, 18 iterations
[INFO] [1790552796.089140508] [pose_estimator]: RPE: trans 0.3869 | rot 0.00973 (0.394 deg)
Matched 335 keypoints
[INFO] [1790552796.216597592] [pose_estimator]: RANSAC: 270 inliers / 335, 30 iterations
[INFO] [1790552796.216758008] [pose_estimator]: RPE: trans 0.0872 | rot 0.00237 (0.096 deg)
Matched 328 keypoints
[INFO] [1790552796.352053300] [pose_estimator]: RANSAC: 254 inliers / 328, 44 iterations
[INFO] [1790552796.352217967] [pose_estimator]: RPE: trans 0.1073 | rot 0.00285 (0.116 deg)
Matched 321 keypoints
[INFO] [1790552796.501670717] [pose_estimator]: RANSAC: 284 inliers / 321, 12 iterations
[INFO] [1790552796.502730467] [pose_estimator]: RPE: trans 0.2084 | rot 0.00462 (0.187 deg)
Matched 356 keypoints
[INFO] [1790552796.620366133] [pose_estimator]: RANSAC: 284 inliers / 356, 33 iterations
[INFO] [1790552796.620529508] [pose_estimator]: RPE: trans 0.1790 | rot 0.00335 (0.136 deg)
Matched 360 keypoints
[INFO] [1790552796.739729883] [pose_estimator]: RANSAC: 295 inliers / 360, 26 iterations
[INFO] [1790552796.740124425] [pose_estimator]: RPE: trans 0.2889 | rot 0.00305 (0.124 deg)
Matched 336 keypoints
[INFO] [1790552797.227813550] [pose_estimator]: RANSAC: 267 inliers / 336, 35 iterations
[INFO] [1790552797.227974050] [pose_estimator]: RPE: trans 0.2208 | rot 0.00324 (0.131 deg)
Matched 255 keypoints
[INFO] [1790552797.346749009] [pose_estimator]: RANSAC: 198 inliers / 255, 77 iterations
[INFO] [1790552797.346935550] [pose_estimator]: RPE: trans 0.0071 | rot 0.00340 (0.138 deg)
Matched 316 keypoints
[INFO] [1790552797.564286092] [pose_estimator]: RANSAC: 255 inliers / 316, 30 iterations
[INFO] [1790552797.566195092] [pose_estimator]: RPE: trans 0.0385 | rot 0.00090 (0.037 deg)
Matched 329 keypoints
[INFO] [1790552797.683407092] [pose_estimator]: RANSAC: 265 inliers / 329, 30 iterations
[INFO] [1790552797.684619467] [pose_estimator]: RPE: trans 0.1855 | rot 0.00475 (0.192 deg)
Matched 325 keypoints
[INFO] [1790552798.026480884] [pose_estimator]: RANSAC: 266 inliers / 325, 27 iterations
[INFO] [1790552798.027513717] [pose_estimator]: RPE: trans 0.1605 | rot 0.00221 (0.089 deg)
Matched 274 keypoints
[INFO] [1790552798.493849009] [pose_estimator]: RANSAC: 211 inliers / 274, 47 iterations
[INFO] [1790552798.495445218] [pose_estimator]: RPE: trans 0.0140 | rot 0.00163 (0.066 deg)
Matched 211 keypoints
[INFO] [1790552798.616274093] [pose_estimator]: RANSAC: 161 inliers / 211, 51 iterations
[INFO] [1790552798.618622634] [pose_estimator]: RPE: trans 0.0984 | rot 0.00842 (0.341 deg)
Matched 339 keypoints
[INFO] [1790552798.738292634] [pose_estimator]: RANSAC: 276 inliers / 339, 43 iterations
[INFO] [1790552798.738470051] [pose_estimator]: RPE: trans 0.2009 | rot 0.00208 (0.084 deg)
Matched 334 keypoints
[INFO] [1790552799.038841010] [pose_estimator]: RANSAC: 271 inliers / 334, 28 iterations
[INFO] [1790552799.039022051] [pose_estimator]: RPE: trans 0.0423 | rot 0.00204 (0.083 deg)
Matched 254 keypoints
[INFO] [1790552799.177562926] [pose_estimator]: RANSAC: 185 inliers / 254, 99 iterations
[INFO] [1790552799.177754676] [pose_estimator]: RPE: trans 0.0151 | rot 0.00172 (0.070 deg)
Matched 260 keypoints
[INFO] [1790552799.289341093] [pose_estimator]: RANSAC: 211 inliers / 260, 28 iterations
[INFO] [1790552799.293372260] [pose_estimator]: RPE: trans 0.1275 | rot 0.00127 (0.051 deg)
Matched 277 keypoints
[INFO] [1790552799.427144343] [pose_estimator]: RANSAC: 231 inliers / 277, 23 iterations
[INFO] [1790552799.428051885] [pose_estimator]: RPE: trans 0.1754 | rot 0.00476 (0.193 deg)
Matched 265 keypoints
[INFO] [1790552799.567498010] [pose_estimator]: RANSAC: 214 inliers / 265, 33 iterations
[INFO] [1790552799.567758718] [pose_estimator]: RPE: trans 0.0696 | rot 0.00187 (0.076 deg)
Matched 247 keypoints
[INFO] [1790552799.716718593] [pose_estimator]: RANSAC: 191 inliers / 247, 45 iterations
[INFO] [1790552799.718943010] [pose_estimator]: RPE: trans 0.0890 | rot 0.00529 (0.214 deg)
Matched 274 keypoints
[INFO] [1790552799.882121802] [pose_estimator]: RANSAC: 221 inliers / 274, 35 iterations
[INFO] [1790552799.882300760] [pose_estimator]: RPE: trans 0.0714 | rot 0.00321 (0.130 deg)
Matched 311 keypoints
[INFO] [1790552800.034314760] [pose_estimator]: RANSAC: 263 inliers / 311, 27 iterations
[INFO] [1790552800.034504177] [pose_estimator]: RPE: trans 0.4956 | rot 0.00960 (0.389 deg)
Matched 283 keypoints
[INFO] [1790552800.195225468] [pose_estimator]: RANSAC: 205 inliers / 283, 82 iterations
[INFO] [1790552800.195396260] [pose_estimator]: RPE: trans 0.2247 | rot 0.00896 (0.363 deg)
Matched 257 keypoints
[INFO] [1790552800.308755218] [pose_estimator]: RANSAC: 206 inliers / 257, 40 iterations
[INFO] [1790552800.308973010] [pose_estimator]: RPE: trans 0.0538 | rot 0.00251 (0.102 deg)
Matched 288 keypoints
[INFO] [1790552800.426635010] [pose_estimator]: RANSAC: 221 inliers / 288, 48 iterations
[INFO] [1790552800.426823719] [pose_estimator]: RPE: trans 0.0459 | rot 0.00156 (0.063 deg)
Matched 347 keypoints
[INFO] [1790552800.546236219] [pose_estimator]: RANSAC: 288 inliers / 347, 39 iterations
[INFO] [1790552800.546433010] [pose_estimator]: RPE: trans 0.1352 | rot 0.00225 (0.091 deg)
Matched 291 keypoints
[INFO] [1790552800.662742010] [pose_estimator]: RANSAC: 248 inliers / 291, 18 iterations
[INFO] [1790552800.662919302] [pose_estimator]: RPE: trans 0.0722 | rot 0.00225 (0.091 deg)
Matched 353 keypoints
[INFO] [1790552800.906580635] [pose_estimator]: RANSAC: 302 inliers / 353, 17 iterations
[INFO] [1790552800.906755469] [pose_estimator]: RPE: trans 0.1475 | rot 0.00216 (0.088 deg)
Matched 293 keypoints
[INFO] [1790552801.053553427] [pose_estimator]: RANSAC: 244 inliers / 293, 22 iterations
[INFO] [1790552801.055180844] [pose_estimator]: RPE: trans 0.0373 | rot 0.00255 (0.103 deg)
Matched 355 keypoints
[INFO] [1790552801.205671552] [pose_estimator]: RANSAC: 308 inliers / 355, 26 iterations
[INFO] [1790552801.205940219] [pose_estimator]: RPE: trans 0.2388 | rot 0.00535 (0.217 deg)
Matched 387 keypoints
[INFO] [1790552801.408516386] [pose_estimator]: RANSAC: 337 inliers / 387, 14 iterations
[INFO] [1790552801.408713719] [pose_estimator]: RPE: trans 0.1673 | rot 0.00383 (0.155 deg)
Matched 331 keypoints
[INFO] [1790552801.564441094] [pose_estimator]: RANSAC: 243 inliers / 331, 73 iterations
[INFO] [1790552801.564638802] [pose_estimator]: RPE: trans 0.1438 | rot 0.00512 (0.208 deg)
Matched 295 keypoints
[INFO] [1790552801.681196094] [pose_estimator]: RANSAC: 251 inliers / 295, 21 iterations
[INFO] [1790552801.681373136] [pose_estimator]: RPE: trans 0.2313 | rot 0.00575 (0.233 deg)
Matched 292 keypoints
[INFO] [1790552801.816232219] [pose_estimator]: RANSAC: 216 inliers / 292, 74 iterations
[INFO] [1790552801.816416469] [pose_estimator]: RPE: trans 0.2132 | rot 0.00709 (0.287 deg)
Matched 251 keypoints
[INFO] [1790552801.928453844] [pose_estimator]: RANSAC: 190 inliers / 251, 55 iterations
[INFO] [1790552801.928644344] [pose_estimator]: RPE: trans 0.2020 | rot 0.00607 (0.246 deg)
Matched 273 keypoints
[INFO] [1790552802.106624303] [pose_estimator]: RANSAC: 196 inliers / 273, 89 iterations
[INFO] [1790552802.106773094] [pose_estimator]: RPE: trans 0.1248 | rot 0.00345 (0.140 deg)
Matched 281 keypoints
[INFO] [1790552802.243933136] [pose_estimator]: RANSAC: 209 inliers / 281, 64 iterations
[INFO] [1790552802.244128636] [pose_estimator]: RPE: trans 0.0900 | rot 0.00291 (0.118 deg)
Matched 256 keypoints
[INFO] [1790552802.406653803] [pose_estimator]: RANSAC: 205 inliers / 256, 37 iterations
[INFO] [1790552802.406818969] [pose_estimator]: RPE: trans 0.1437 | rot 0.00458 (0.185 deg)
Matched 241 keypoints
[INFO] [1790552802.522924511] [pose_estimator]: RANSAC: 185 inliers / 241, 78 iterations
[INFO] [1790552802.523102303] [pose_estimator]: RPE: trans 0.0750 | rot 0.00381 (0.154 deg)
Matched 263 keypoints
[INFO] [1790552802.891397761] [pose_estimator]: RANSAC: 221 inliers / 263, 49 iterations
[INFO] [1790552802.891670470] [pose_estimator]: RPE: trans 0.1409 | rot 0.00324 (0.131 deg)
Matched 202 keypoints
[INFO] [1790552803.013887261] [pose_estimator]: RANSAC: 142 inliers / 202, 121 iterations
[INFO] [1790552803.014167053] [pose_estimator]: RPE: trans 0.2136 | rot 0.00997 (0.404 deg)
Matched 268 keypoints
[INFO] [1790552803.129014761] [pose_estimator]: RANSAC: 209 inliers / 268, 41 iterations
[INFO] [1790552803.129193136] [pose_estimator]: RPE: trans 0.2776 | rot 0.00856 (0.347 deg)
Matched 269 keypoints
[INFO] [1790552803.260700178] [pose_estimator]: RANSAC: 223 inliers / 269, 23 iterations
[INFO] [1790552803.262060637] [pose_estimator]: RPE: trans 0.1918 | rot 0.00337 (0.137 deg)
Matched 280 keypoints
[INFO] [1790552803.405537387] [pose_estimator]: RANSAC: 209 inliers / 280, 79 iterations
[INFO] [1790552803.405720387] [pose_estimator]: RPE: trans 0.4890 | rot 0.00638 (0.259 deg)
Matched 257 keypoints
[INFO] [1790552803.531759845] [pose_estimator]: RANSAC: 194 inliers / 257, 56 iterations
[INFO] [1790552803.531937845] [pose_estimator]: RPE: trans 0.0714 | rot 0.00391 (0.159 deg)
Matched 293 keypoints
[INFO] [1790552803.646065720] [pose_estimator]: RANSAC: 220 inliers / 293, 59 iterations
[INFO] [1790552803.647200845] [pose_estimator]: RPE: trans 0.1575 | rot 0.00240 (0.097 deg)
Matched 239 keypoints
[INFO] [1790552803.761561262] [pose_estimator]: RANSAC: 181 inliers / 239, 63 iterations
[INFO] [1790552803.761754553] [pose_estimator]: RPE: trans 0.2773 | rot 0.00739 (0.299 deg)
Matched 258 keypoints
[INFO] [1790552803.877375054] [pose_estimator]: RANSAC: 193 inliers / 258, 61 iterations
[INFO] [1790552803.877535137] [pose_estimator]: RPE: trans 0.5523 | rot 0.00787 (0.319 deg)
Matched 250 keypoints
[INFO] [1790552804.349027429] [pose_estimator]: RANSAC: 195 inliers / 250, 41 iterations
[INFO] [1790552804.349184262] [pose_estimator]: RPE: trans 0.4134 | rot 0.00799 (0.324 deg)
Matched 194 keypoints
[INFO] [1790552804.470546304] [pose_estimator]: RANSAC: 158 inliers / 194, 27 iterations
[INFO] [1790552804.478812554] [pose_estimator]: RPE: trans 0.0868 | rot 0.00559 (0.227 deg)
Matched 281 keypoints
[INFO] [1790552804.616016221] [pose_estimator]: RANSAC: 240 inliers / 281, 17 iterations
[INFO] [1790552804.616171512] [pose_estimator]: RPE: trans 0.1327 | rot 0.00364 (0.148 deg)
Matched 322 keypoints
[INFO] [1790552804.729860012] [pose_estimator]: RANSAC: 249 inliers / 322, 45 iterations
[INFO] [1790552804.730012429] [pose_estimator]: RPE: trans 0.8900 | rot 0.02240 (0.908 deg)
Matched 338 keypoints
[INFO] [1790552804.845067929] [pose_estimator]: RANSAC: 295 inliers / 338, 17 iterations
[INFO] [1790552804.845228096] [pose_estimator]: RPE: trans 0.2759 | rot 0.00365 (0.148 deg)
Matched 339 keypoints
[INFO] [1790552804.975589262] [pose_estimator]: RANSAC: 288 inliers / 339, 18 iterations
[INFO] [1790552804.978962012] [pose_estimator]: RPE: trans 0.8605 | rot 0.02201 (0.892 deg)
Matched 323 keypoints
[INFO] [1790552805.102887846] [pose_estimator]: RANSAC: 278 inliers / 323, 16 iterations
[INFO] [1790552805.103037012] [pose_estimator]: RPE: trans 0.0936 | rot 0.00241 (0.097 deg)
Matched 361 keypoints
[INFO] [1790552805.233179512] [pose_estimator]: RANSAC: 310 inliers / 361, 16 iterations
[INFO] [1790552805.233332762] [pose_estimator]: RPE: trans 0.2431 | rot 0.00461 (0.187 deg)
Matched 381 keypoints
[INFO] [1790552805.353788638] [pose_estimator]: RANSAC: 325 inliers / 381, 17 iterations
[INFO] [1790552805.356254221] [pose_estimator]: RPE: trans 0.1390 | rot 0.00272 (0.110 deg)
Matched 360 keypoints
[INFO] [1790552805.557397554] [pose_estimator]: RANSAC: 309 inliers / 360, 16 iterations
[INFO] [1790552805.557594513] [pose_estimator]: RPE: trans 0.1725 | rot 0.00502 (0.203 deg)
Matched 352 keypoints
[INFO] [1790552805.706775179] [pose_estimator]: RANSAC: 303 inliers / 352, 16 iterations
[INFO] [1790552805.728742513] [pose_estimator]: RPE: trans 0.0538 | rot 0.00308 (0.125 deg)
Matched 385 keypoints
[INFO] [1790552805.890880346] [pose_estimator]: RANSAC: 320 inliers / 385, 22 iterations
[INFO] [1790552805.891078804] [pose_estimator]: RPE: trans 0.4854 | rot 0.00896 (0.363 deg)
Matched 412 keypoints
[INFO] [1790552806.028585346] [pose_estimator]: RANSAC: 352 inliers / 412, 17 iterations
[INFO] [1790552806.028776305] [pose_estimator]: RPE: trans 0.2261 | rot 0.00334 (0.135 deg)
Matched 406 keypoints
[INFO] [1790552806.193353721] [pose_estimator]: RANSAC: 349 inliers / 406, 16 iterations
[INFO] [1790552806.193547805] [pose_estimator]: RPE: trans 0.0894 | rot 0.00229 (0.093 deg)
Matched 379 keypoints
[INFO] [1790552806.349601055] [pose_estimator]: RANSAC: 329 inliers / 379, 15 iterations
[INFO] [1790552806.349782138] [pose_estimator]: RPE: trans 0.1489 | rot 0.00530 (0.215 deg)
Matched 388 keypoints
[INFO] [1790552806.470539680] [pose_estimator]: RANSAC: 340 inliers / 388, 13 iterations
[INFO] [1790552806.470724805] [pose_estimator]: RPE: trans 0.0477 | rot 0.00159 (0.064 deg)
Matched 417 keypoints
[INFO] [1790552806.590359055] [pose_estimator]: RANSAC: 365 inliers / 417, 13 iterations
[INFO] [1790552806.590555888] [pose_estimator]: RPE: trans 0.5872 | rot 0.00621 (0.251 deg)
Matched 336 keypoints
[INFO] [1790552806.796761472] [pose_estimator]: RANSAC: 293 inliers / 336, 14 iterations
[INFO] [1790552806.798810472] [pose_estimator]: RPE: trans 0.1156 | rot 0.00503 (0.204 deg)
Matched 418 keypoints
[INFO] [1790552806.945777305] [pose_estimator]: RANSAC: 363 inliers / 418, 14 iterations
[INFO] [1790552806.945953763] [pose_estimator]: RPE: trans 0.2165 | rot 0.00435 (0.176 deg)
Matched 384 keypoints
[INFO] [1790552807.104531347] [pose_estimator]: RANSAC: 332 inliers / 384, 15 iterations
[INFO] [1790552807.106431597] [pose_estimator]: RPE: trans 0.6241 | rot 0.01028 (0.417 deg)
Matched 354 keypoints
[INFO] [1790552807.252237888] [pose_estimator]: RANSAC: 309 inliers / 354, 15 iterations
[INFO] [1790552807.252397847] [pose_estimator]: RPE: trans 0.1334 | rot 0.00311 (0.126 deg)
Matched 356 keypoints
[INFO] [1790552807.390478722] [pose_estimator]: RANSAC: 300 inliers / 356, 20 iterations
[INFO] [1790552807.390913097] [pose_estimator]: RPE: trans 0.1666 | rot 0.00204 (0.082 deg)
Matched 353 keypoints
[INFO] [1790552807.540304180] [pose_estimator]: RANSAC: 299 inliers / 353, 19 iterations
[INFO] [1790552807.540460305] [pose_estimator]: RPE: trans 0.1060 | rot 0.00149 (0.060 deg)
Matched 320 keypoints
[INFO] [1790552807.679916597] [pose_estimator]: RANSAC: 274 inliers / 320, 24 iterations
[INFO] [1790552807.680098139] [pose_estimator]: RPE: trans 0.1637 | rot 0.00363 (0.147 deg)
Matched 342 keypoints
[INFO] [1790552807.811966014] [pose_estimator]: RANSAC: 282 inliers / 342, 24 iterations
[INFO] [1790552807.812131014] [pose_estimator]: RPE: trans 0.1785 | rot 0.00278 (0.113 deg)
Matched 372 keypoints
[INFO] [1790552807.938398014] [pose_estimator]: RANSAC: 316 inliers / 372, 18 iterations
[INFO] [1790552807.938567264] [pose_estimator]: RPE: trans 0.5885 | rot 0.00491 (0.199 deg)
Matched 375 keypoints
[INFO] [1790552808.055935958] [pose_estimator]: RANSAC: 308 inliers / 375, 25 iterations
[INFO] [1790552808.056119333] [pose_estimator]: RPE: trans 0.1564 | rot 0.00264 (0.107 deg)
Matched 354 keypoints
[INFO] [1790552808.175677958] [pose_estimator]: RANSAC: 300 inliers / 354, 19 iterations
[INFO] [1790552808.175875541] [pose_estimator]: RPE: trans 0.0904 | rot 0.00235 (0.095 deg)
Matched 373 keypoints
[INFO] [1790552808.306114041] [pose_estimator]: RANSAC: 320 inliers / 373, 16 iterations
[INFO] [1790552808.306281166] [pose_estimator]: RPE: trans 0.9475 | rot 0.00902 (0.365 deg)
Matched 353 keypoints
[INFO] [1790552808.434649583] [pose_estimator]: RANSAC: 306 inliers / 353, 15 iterations
[INFO] [1790552808.435465541] [pose_estimator]: RPE: trans 0.4848 | rot 0.00871 (0.353 deg)
Matched 374 keypoints
[INFO] [1790552808.565567750] [pose_estimator]: RANSAC: 328 inliers / 374, 13 iterations
[INFO] [1790552808.565745583] [pose_estimator]: RPE: trans 0.9735 | rot 0.01998 (0.810 deg)
Matched 321 keypoints
[INFO] [1790552808.679503375] [pose_estimator]: RANSAC: 274 inliers / 321, 17 iterations
[INFO] [1790552808.679688875] [pose_estimator]: RPE: trans 0.0303 | rot 0.00132 (0.054 deg)
Matched 353 keypoints
[INFO] [1790552808.797065292] [pose_estimator]: RANSAC: 310 inliers / 353, 13 iterations
[INFO] [1790552808.797248083] [pose_estimator]: RPE: trans 0.9882 | rot 0.01398 (0.566 deg)
Matched 318 keypoints
[INFO] [1790552809.093640333] [pose_estimator]: RANSAC: 280 inliers / 318, 13 iterations
[INFO] [1790552809.094114583] [pose_estimator]: RPE: trans 0.2385 | rot 0.00638 (0.258 deg)
Matched 278 keypoints
[INFO] [1790552809.212820708] [pose_estimator]: RANSAC: 218 inliers / 278, 42 iterations
[INFO] [1790552809.212984583] [pose_estimator]: RPE: trans 0.1433 | rot 0.00706 (0.286 deg)
Matched 354 keypoints
[INFO] [1790552809.350407583] [pose_estimator]: RANSAC: 287 inliers / 354, 29 iterations
[INFO] [1790552809.352640667] [pose_estimator]: RPE: trans 0.2702 | rot 0.00190 (0.077 deg)
Matched 330 keypoints
[INFO] [1790552809.487552625] [pose_estimator]: RANSAC: 281 inliers / 330, 18 iterations
[INFO] [1790552809.499960834] [pose_estimator]: RPE: trans 0.3882 | rot 0.01052 (0.426 deg)
Matched 372 keypoints
[INFO] [1790552809.640012125] [pose_estimator]: RANSAC: 311 inliers / 372, 21 iterations
[INFO] [1790552809.644708875] [pose_estimator]: RPE: trans 0.1708 | rot 0.00363 (0.147 deg)
Matched 332 keypoints
[INFO] [1790552809.762396042] [pose_estimator]: RANSAC: 277 inliers / 332, 22 iterations
[INFO] [1790552809.764130542] [pose_estimator]: RPE: trans 0.1922 | rot 0.00338 (0.137 deg)
Matched 324 keypoints
[INFO] [1790552810.052711375] [pose_estimator]: RANSAC: 277 inliers / 324, 17 iterations
[INFO] [1790552810.052881625] [pose_estimator]: RPE: trans 0.1164 | rot 0.00221 (0.089 deg)
Matched 337 keypoints
[INFO] [1790552810.196743667] [pose_estimator]: RANSAC: 287 inliers / 337, 66 iterations
[INFO] [1790552810.198927959] [pose_estimator]: RPE: trans 0.1182 | rot 0.00393 (0.159 deg)
Matched 344 keypoints
[INFO] [1790552810.314674626] [pose_estimator]: RANSAC: 307 inliers / 344, 13 iterations
[INFO] [1790552810.314854959] [pose_estimator]: RPE: trans 0.4328 | rot 0.00811 (0.329 deg)
Matched 348 keypoints
[INFO] [1790552810.864366376] [pose_estimator]: RANSAC: 313 inliers / 348, 10 iterations
[INFO] [1790552810.866036043] [pose_estimator]: RPE: trans 0.2506 | rot 0.00628 (0.254 deg)
Matched 267 keypoints
[INFO] [1790552810.981279834] [pose_estimator]: RANSAC: 210 inliers / 267, 83 iterations
[INFO] [1790552810.981453876] [pose_estimator]: RPE: trans 0.0700 | rot 0.00625 (0.253 deg)
Matched 305 keypoints
[INFO] [1790552811.172077501] [pose_estimator]: RANSAC: 264 inliers / 305, 22 iterations
[INFO] [1790552811.172248251] [pose_estimator]: RPE: trans 0.3205 | rot 0.00673 (0.273 deg)
Matched 317 keypoints
[INFO] [1790552811.298852459] [pose_estimator]: RANSAC: 234 inliers / 317, 74 iterations
[INFO] [1790552811.299058584] [pose_estimator]: RPE: trans 0.2737 | rot 0.00876 (0.355 deg)
Matched 259 keypoints
[INFO] [1790552811.407440501] [pose_estimator]: RANSAC: 224 inliers / 259, 27 iterations
[INFO] [1790552811.407596334] [pose_estimator]: RPE: trans 0.0813 | rot 0.00340 (0.138 deg)
Matched 325 keypoints
[INFO] [1790552811.522026001] [pose_estimator]: RANSAC: 285 inliers / 325, 22 iterations
[INFO] [1790552811.522353376] [pose_estimator]: RPE: trans 0.2461 | rot 0.00824 (0.334 deg)
Matched 321 keypoints
[INFO] [1790552811.684123085] [pose_estimator]: RANSAC: 264 inliers / 321, 25 iterations
[INFO] [1790552811.686060668] [pose_estimator]: RPE: trans 0.1173 | rot 0.00389 (0.158 deg)
Matched 289 keypoints
[INFO] [1790552811.831661460] [pose_estimator]: RANSAC: 226 inliers / 289, 49 iterations
[INFO] [1790552811.831831168] [pose_estimator]: RPE: trans 0.2410 | rot 0.00912 (0.369 deg)
Matched 285 keypoints
[INFO] [1790552811.973910293] [pose_estimator]: RANSAC: 238 inliers / 285, 81 iterations
[INFO] [1790552811.980077793] [pose_estimator]: RPE: trans 0.1691 | rot 0.00696 (0.282 deg)
Matched 302 keypoints
[INFO] [1790552812.155640460] [pose_estimator]: RANSAC: 248 inliers / 302, 25 iterations
[INFO] [1790552812.155877543] [pose_estimator]: RPE: trans 0.0599 | rot 0.00418 (0.169 deg)
Matched 284 keypoints
[INFO] [1790552812.267869293] [pose_estimator]: RANSAC: 244 inliers / 284, 44 iterations
[INFO] [1790552812.268048335] [pose_estimator]: RPE: trans 0.1016 | rot 0.00657 (0.266 deg)
Matched 340 keypoints
[INFO] [1790552812.406337543] [pose_estimator]: RANSAC: 282 inliers / 340, 23 iterations
[INFO] [1790552812.408593960] [pose_estimator]: RPE: trans 0.2097 | rot 0.00758 (0.307 deg)
Matched 318 keypoints
[INFO] [1790552812.531383210] [pose_estimator]: RANSAC: 242 inliers / 318, 52 iterations
[INFO] [1790552812.540699793] [pose_estimator]: RPE: trans 0.3438 | rot 0.01253 (0.508 deg)
Matched 353 keypoints
[INFO] [1790552813.050137960] [pose_estimator]: RANSAC: 267 inliers / 353, 55 iterations
[INFO] [1790552813.050339085] [pose_estimator]: RPE: trans 0.1706 | rot 0.00790 (0.320 deg)
Matched 328 keypoints
[INFO] [1790552813.166321877] [pose_estimator]: RANSAC: 260 inliers / 328, 38 iterations
[INFO] [1790552813.166511460] [pose_estimator]: RPE: trans 0.0644 | rot 0.00350 (0.142 deg)
Matched 346 keypoints
[INFO] [1790552813.308580210] [pose_estimator]: RANSAC: 285 inliers / 346, 25 iterations
[INFO] [1790552813.313189252] [pose_estimator]: RPE: trans 0.1156 | rot 0.00352 (0.143 deg)
Matched 366 keypoints
[INFO] [1790552813.435110502] [pose_estimator]: RANSAC: 332 inliers / 366, 9 iterations
[INFO] [1790552813.435288752] [pose_estimator]: RPE: trans 0.3491 | rot 0.00420 (0.170 deg)
Matched 413 keypoints
[INFO] [1790552813.841019377] [pose_estimator]: RANSAC: 346 inliers / 413, 21 iterations
[INFO] [1790552813.843998169] [pose_estimator]: RPE: trans 0.3597 | rot 0.00345 (0.140 deg)
Matched 343 keypoints
[INFO] [1790552813.985606044] [pose_estimator]: RANSAC: 281 inliers / 343, 29 iterations
[INFO] [1790552813.985789044] [pose_estimator]: RPE: trans 0.1878 | rot 0.01569 (0.636 deg)
Matched 416 keypoints
[INFO] [1790552814.107241877] [pose_estimator]: RANSAC: 340 inliers / 416, 26 iterations
[INFO] [1790552814.110186794] [pose_estimator]: RPE: trans 0.2779 | rot 0.00248 (0.101 deg)
Matched 414 keypoints
[INFO] [1790552814.575878294] [pose_estimator]: RANSAC: 359 inliers / 414, 23 iterations
[INFO] [1790552814.577781669] [pose_estimator]: RPE: trans 0.5869 | rot 0.00893 (0.362 deg)
Matched 331 keypoints
[INFO] [1790552814.701064294] [pose_estimator]: RANSAC: 263 inliers / 331, 35 iterations
[INFO] [1790552814.702513086] [pose_estimator]: RPE: trans 0.0772 | rot 0.00543 (0.220 deg)
Matched 400 keypoints
[INFO] [1790552814.827955586] [pose_estimator]: RANSAC: 312 inliers / 400, 41 iterations
[INFO] [1790552814.828141586] [pose_estimator]: RPE: trans 0.5246 | rot 0.01303 (0.528 deg)
Matched 409 keypoints
[INFO] [1790552815.061178920] [pose_estimator]: RANSAC: 320 inliers / 409, 40 iterations
[INFO] [1790552815.061350211] [pose_estimator]: RPE: trans 0.1584 | rot 0.00291 (0.118 deg)
Matched 345 keypoints
[INFO] [1790552815.178682211] [pose_estimator]: RANSAC: 260 inliers / 345, 57 iterations
[INFO] [1790552815.178858711] [pose_estimator]: RPE: trans 0.3700 | rot 0.01163 (0.471 deg)
Matched 354 keypoints
[INFO] [1790552815.312260711] [pose_estimator]: RANSAC: 284 inliers / 354, 32 iterations
[INFO] [1790552815.312442170] [pose_estimator]: RPE: trans 0.1870 | rot 0.00238 (0.097 deg)
Matched 336 keypoints
[INFO] [1790552815.440697253] [pose_estimator]: RANSAC: 271 inliers / 336, 30 iterations
[INFO] [1790552815.445018878] [pose_estimator]: RPE: trans 1.5097 | rot 0.01795 (0.727 deg)
Matched 337 keypoints
[INFO] [1790552815.603778961] [pose_estimator]: RANSAC: 283 inliers / 337, 24 iterations
[INFO] [1790552815.603975128] [pose_estimator]: RPE: trans 1.4514 | rot 0.01790 (0.725 deg)
Matched 338 keypoints
[INFO] [1790552815.760285628] [pose_estimator]: RANSAC: 265 inliers / 338, 39 iterations
[INFO] [1790552815.760452462] [pose_estimator]: RPE: trans 0.4131 | rot 0.00506 (0.205 deg)
Matched 314 keypoints
[INFO] [1790552815.914942712] [pose_estimator]: RANSAC: 284 inliers / 314, 9 iterations
[INFO] [1790552815.915222003] [pose_estimator]: RPE: trans 0.0294 | rot 0.00324 (0.131 deg)
Matched 321 keypoints
[INFO] [1790552816.044189712] [pose_estimator]: RANSAC: 278 inliers / 321, 15 iterations
[INFO] [1790552816.044393670] [pose_estimator]: RPE: trans 0.1077 | rot 0.00181 (0.073 deg)
Matched 299 keypoints
[INFO] [1790552816.173141670] [pose_estimator]: RANSAC: 253 inliers / 299, 37 iterations
[INFO] [1790552816.173307462] [pose_estimator]: RPE: trans 0.1326 | rot 0.00347 (0.141 deg)
Matched 335 keypoints
[INFO] [1790552816.288952378] [pose_estimator]: RANSAC: 293 inliers / 335, 34 iterations
[INFO] [1790552816.289116462] [pose_estimator]: RPE: trans 0.1030 | rot 0.00339 (0.137 deg)
Matched 349 keypoints
[INFO] [1790552816.400640920] [pose_estimator]: RANSAC: 316 inliers / 349, 9 iterations
[INFO] [1790552816.400833795] [pose_estimator]: RPE: trans 0.1757 | rot 0.00392 (0.159 deg)
Matched 299 keypoints
[INFO] [1790552816.514400087] [pose_estimator]: RANSAC: 234 inliers / 299, 47 iterations
[INFO] [1790552816.514570170] [pose_estimator]: RPE: trans 0.0763 | rot 0.00374 (0.151 deg)
Matched 330 keypoints
[INFO] [1790552816.644837295] [pose_estimator]: RANSAC: 287 inliers / 330, 14 iterations
[INFO] [1790552816.650020754] [pose_estimator]: RPE: trans 0.0521 | rot 0.00444 (0.180 deg)
Matched 284 keypoints
[INFO] [1790552816.811470379] [pose_estimator]: RANSAC: 249 inliers / 284, 31 iterations
[INFO] [1790552816.811668712] [pose_estimator]: RPE: trans 0.2026 | rot 0.00949 (0.384 deg)
Matched 266 keypoints
[INFO] [1790552816.947637545] [pose_estimator]: RANSAC: 232 inliers / 266, 46 iterations
[INFO] [1790552816.947844254] [pose_estimator]: RPE: trans 0.1529 | rot 0.01027 (0.416 deg)
Matched 298 keypoints
[INFO] [1790552817.096962504] [pose_estimator]: RANSAC: 255 inliers / 298, 17 iterations
[INFO] [1790552817.098627379] [pose_estimator]: RPE: trans 0.4550 | rot 0.00521 (0.211 deg)
Matched 288 keypoints
[INFO] [1790552817.250366254] [pose_estimator]: RANSAC: 243 inliers / 288, 19 iterations
[INFO] [1790552817.250567754] [pose_estimator]: RPE: trans 0.2277 | rot 0.01147 (0.465 deg)
Matched 309 keypoints
[INFO] [1790552817.391633921] [pose_estimator]: RANSAC: 260 inliers / 309, 20 iterations
[INFO] [1790552817.391835337] [pose_estimator]: RPE: trans 0.0775 | rot 0.00112 (0.045 deg)
Matched 334 keypoints
[INFO] [1790552817.534264629] [pose_estimator]: RANSAC: 270 inliers / 334, 48 iterations
[INFO] [1790552817.534426504] [pose_estimator]: RPE: trans 0.1067 | rot 0.01207 (0.489 deg)
Matched 314 keypoints
[INFO] [1790552817.645777504] [pose_estimator]: RANSAC: 270 inliers / 314, 16 iterations
[INFO] [1790552817.645982212] [pose_estimator]: RPE: trans 0.1635 | rot 0.00282 (0.114 deg)
Matched 278 keypoints
[INFO] [1790552817.774298921] [pose_estimator]: RANSAC: 213 inliers / 278, 49 iterations
[INFO] [1790552817.774471921] [pose_estimator]: RPE: trans 0.1542 | rot 0.00402 (0.163 deg)
Matched 258 keypoints
[INFO] [1790552817.900712838] [pose_estimator]: RANSAC: 211 inliers / 258, 26 iterations
[INFO] [1790552817.901274629] [pose_estimator]: RPE: trans 0.3902 | rot 0.00581 (0.235 deg)
Matched 282 keypoints
[INFO] [1790552818.012303129] [pose_estimator]: RANSAC: 239 inliers / 282, 19 iterations
[INFO] [1790552818.012488171] [pose_estimator]: RPE: trans 0.2437 | rot 0.00839 (0.340 deg)
Matched 300 keypoints
[INFO] [1790552818.126790504] [pose_estimator]: RANSAC: 262 inliers / 300, 36 iterations
[INFO] [1790552818.126980046] [pose_estimator]: RPE: trans 0.5192 | rot 0.01349 (0.547 deg)
Matched 303 keypoints
[INFO] [1790552818.237680713] [pose_estimator]: RANSAC: 259 inliers / 303, 20 iterations
[INFO] [1790552818.237861754] [pose_estimator]: RPE: trans 0.5949 | rot 0.01328 (0.538 deg)
Matched 290 keypoints
[INFO] [1790552818.371554504] [pose_estimator]: RANSAC: 221 inliers / 290, 51 iterations
[INFO] [1790552818.372819713] [pose_estimator]: RPE: trans 0.1986 | rot 0.00648 (0.263 deg)
Matched 280 keypoints
[INFO] [1790552818.511362755] [pose_estimator]: RANSAC: 223 inliers / 280, 34 iterations
[INFO] [1790552818.511602088] [pose_estimator]: RPE: trans 0.3331 | rot 0.01280 (0.518 deg)
Matched 293 keypoints
[INFO] [1790552818.623154421] [pose_estimator]: RANSAC: 243 inliers / 293, 31 iterations
[INFO] [1790552818.623324213] [pose_estimator]: RPE: trans 0.1354 | rot 0.00361 (0.146 deg)
Matched 275 keypoints
[INFO] [1790552818.758021463] [pose_estimator]: RANSAC: 231 inliers / 275, 20 iterations
[INFO] [1790552818.758203421] [pose_estimator]: RPE: trans 0.1522 | rot 0.00438 (0.178 deg)
Matched 289 keypoints
[INFO] [1790552818.872845713] [pose_estimator]: RANSAC: 245 inliers / 289, 23 iterations
[INFO] [1790552818.874075796] [pose_estimator]: RPE: trans 0.0553 | rot 0.00110 (0.045 deg)
Matched 358 keypoints
[INFO] [1790552818.999829005] [pose_estimator]: RANSAC: 291 inliers / 358, 28 iterations
[INFO] [1790552819.000026505] [pose_estimator]: RPE: trans 0.3415 | rot 0.00473 (0.192 deg)
Matched 332 keypoints
[INFO] [1790552819.113662171] [pose_estimator]: RANSAC: 276 inliers / 332, 22 iterations
[INFO] [1790552819.113837380] [pose_estimator]: RPE: trans 0.2732 | rot 0.01049 (0.425 deg)
Matched 364 keypoints
[INFO] [1790552819.469280047] [pose_estimator]: RANSAC: 315 inliers / 364, 15 iterations
[INFO] [1790552819.469449463] [pose_estimator]: RPE: trans 0.5329 | rot 0.01113 (0.451 deg)
Matched 305 keypoints
[INFO] [1790552819.613375547] [pose_estimator]: RANSAC: 245 inliers / 305, 31 iterations
[INFO] [1790552819.613582380] [pose_estimator]: RPE: trans 0.1581 | rot 0.00927 (0.376 deg)
Matched 370 keypoints
[INFO] [1790552819.763964838] [pose_estimator]: RANSAC: 307 inliers / 370, 23 iterations
[INFO] [1790552819.783399130] [pose_estimator]: RPE: trans 0.4190 | rot 0.00518 (0.210 deg)
Matched 430 keypoints
[INFO] [1790552819.977571464] [pose_estimator]: RANSAC: 353 inliers / 430, 25 iterations
[INFO] [1790552819.977787797] [pose_estimator]: RPE: trans 0.5194 | rot 0.00702 (0.284 deg)
Matched 416 keypoints
[INFO] [1790552820.163593172] [pose_estimator]: RANSAC: 354 inliers / 416, 32 iterations
[INFO] [1790552820.164898964] [pose_estimator]: RPE: trans 0.5787 | rot 0.00759 (0.307 deg)
Matched 400 keypoints
[INFO] [1790552820.296659089] [pose_estimator]: RANSAC: 319 inliers / 400, 33 iterations
[INFO] [1790552820.296858505] [pose_estimator]: RPE: trans 0.3237 | rot 0.00244 (0.099 deg)
Matched 380 keypoints
[INFO] [1790552820.417421714] [pose_estimator]: RANSAC: 322 inliers / 380, 19 iterations
[INFO] [1790552820.417608839] [pose_estimator]: RPE: trans 0.1694 | rot 0.00179 (0.073 deg)
Matched 382 keypoints
[INFO] [1790552820.557815047] [pose_estimator]: RANSAC: 319 inliers / 382, 21 iterations
[INFO] [1790552820.560236297] [pose_estimator]: RPE: trans 0.1520 | rot 0.00302 (0.122 deg)
Matched 388 keypoints
[INFO] [1790552820.717535506] [pose_estimator]: RANSAC: 316 inliers / 388, 27 iterations
[INFO] [1790552820.717825589] [pose_estimator]: RPE: trans 0.1187 | rot 0.00404 (0.164 deg)
Matched 351 keypoints
[INFO] [1790552820.874310006] [pose_estimator]: RANSAC: 298 inliers / 351, 18 iterations
[INFO] [1790552820.874505756] [pose_estimator]: RPE: trans 0.2057 | rot 0.00662 (0.268 deg)
Matched 355 keypoints
[INFO] [1790552821.014033797] [pose_estimator]: RANSAC: 290 inliers / 355, 27 iterations
[INFO] [1790552821.017437089] [pose_estimator]: RPE: trans 0.1326 | rot 0.00203 (0.082 deg)
Matched 351 keypoints
[INFO] [1790552821.139422964] [pose_estimator]: RANSAC: 296 inliers / 351, 19 iterations
[INFO] [1790552821.139628297] [pose_estimator]: RPE: trans 0.3333 | rot 0.00457 (0.185 deg)
Matched 389 keypoints
[INFO] [1790552821.582539798] [pose_estimator]: RANSAC: 320 inliers / 389, 25 iterations
[INFO] [1790552821.582737214] [pose_estimator]: RPE: trans 0.1403 | rot 0.00167 (0.067 deg)
Matched 343 keypoints
[INFO] [1790552821.696794464] [pose_estimator]: RANSAC: 285 inliers / 343, 23 iterations
[INFO] [1790552821.696983964] [pose_estimator]: RPE: trans 0.1783 | rot 0.00579 (0.235 deg)
Matched 353 keypoints
[INFO] [1790552821.811568714] [pose_estimator]: RANSAC: 275 inliers / 353, 42 iterations
[INFO] [1790552821.813140089] [pose_estimator]: RPE: trans 0.2466 | rot 0.00405 (0.164 deg)
Matched 319 keypoints
[INFO] [1790552821.947296381] [pose_estimator]: RANSAC: 248 inliers / 319, 43 iterations
[INFO] [1790552821.947460631] [pose_estimator]: RPE: trans 0.1735 | rot 0.00353 (0.143 deg)
Matched 310 keypoints
[INFO] [1790552822.060412923] [pose_estimator]: RANSAC: 248 inliers / 310, 32 iterations
[INFO] [1790552822.060611798] [pose_estimator]: RPE: trans 0.1830 | rot 0.00404 (0.164 deg)
Matched 296 keypoints
[INFO] [1790552822.434575340] [pose_estimator]: RANSAC: 227 inliers / 296, 48 iterations
[INFO] [1790552822.434762965] [pose_estimator]: RPE: trans 0.1671 | rot 0.00308 (0.125 deg)
Matched 283 keypoints
[INFO] [1790552822.548178173] [pose_estimator]: RANSAC: 220 inliers / 283, 43 iterations
[INFO] [1790552822.548362798] [pose_estimator]: RPE: trans 0.1396 | rot 0.00794 (0.322 deg)
Matched 339 keypoints
[INFO] [1790552822.697788632] [pose_estimator]: RANSAC: 261 inliers / 339, 47 iterations
[INFO] [1790552822.698229548] [pose_estimator]: RPE: trans 0.2203 | rot 0.00323 (0.131 deg)
Matched 311 keypoints
[INFO] [1790552822.814753882] [pose_estimator]: RANSAC: 258 inliers / 311, 23 iterations
[INFO] [1790552822.814926715] [pose_estimator]: RPE: trans 0.4024 | rot 0.00829 (0.336 deg)
Matched 333 keypoints
[INFO] [1790552822.949953340] [pose_estimator]: RANSAC: 267 inliers / 333, 32 iterations
[INFO] [1790552822.950121215] [pose_estimator]: RPE: trans 0.2504 | rot 0.00338 (0.137 deg)
Matched 345 keypoints
[INFO] [1790552823.064798715] [pose_estimator]: RANSAC: 273 inliers / 345, 53 iterations
[INFO] [1790552823.064939715] [pose_estimator]: RPE: trans 0.2203 | rot 0.00264 (0.107 deg)
Matched 349 keypoints
[INFO] [1790552823.188794632] [pose_estimator]: RANSAC: 278 inliers / 349, 44 iterations
[INFO] [1790552823.191909840] [pose_estimator]: RPE: trans 0.4711 | rot 0.00987 (0.400 deg)
Matched 349 keypoints
[INFO] [1790552823.307221757] [pose_estimator]: RANSAC: 299 inliers / 349, 18 iterations
[INFO] [1790552823.307397173] [pose_estimator]: RPE: trans 0.2512 | rot 0.00442 (0.179 deg)
Matched 318 keypoints
[INFO] [1790552823.634373632] [pose_estimator]: RANSAC: 255 inliers / 318, 32 iterations
[INFO] [1790552823.636701132] [pose_estimator]: RPE: trans 0.0806 | rot 0.00175 (0.071 deg)
Matched 316 keypoints
[INFO] [1790552823.751474924] [pose_estimator]: RANSAC: 246 inliers / 316, 42 iterations
[INFO] [1790552823.751662715] [pose_estimator]: RPE: trans 0.0880 | rot 0.00417 (0.169 deg)
Matched 302 keypoints
[INFO] [1790552823.866005299] [pose_estimator]: RANSAC: 246 inliers / 302, 27 iterations
[INFO] [1790552823.866179299] [pose_estimator]: RPE: trans 0.0420 | rot 0.00251 (0.102 deg)
Matched 340 keypoints
[INFO] [1790552823.990503049] [pose_estimator]: RANSAC: 284 inliers / 340, 21 iterations
[INFO] [1790552823.990685924] [pose_estimator]: RPE: trans 0.4553 | rot 0.00657 (0.266 deg)
Matched 359 keypoints
[INFO] [1790552824.108420757] [pose_estimator]: RANSAC: 308 inliers / 359, 16 iterations
[INFO] [1790552824.108896549] [pose_estimator]: RPE: trans 1.3907 | rot 0.04636 (1.878 deg)
Matched 335 keypoints
[INFO] [1790552824.228233299] [pose_estimator]: RANSAC: 276 inliers / 335, 27 iterations
[INFO] [1790552824.228396966] [pose_estimator]: RPE: trans 0.1219 | rot 0.00524 (0.212 deg)
Matched 376 keypoints
[INFO] [1790552824.347096424] [pose_estimator]: RANSAC: 291 inliers / 376, 44 iterations
[INFO] [1790552824.347297007] [pose_estimator]: RPE: trans 0.2036 | rot 0.00306 (0.124 deg)
Matched 346 keypoints
[INFO] [1790552824.461359466] [pose_estimator]: RANSAC: 295 inliers / 346, 17 iterations
[INFO] [1790552824.461521299] [pose_estimator]: RPE: trans 0.0130 | rot 0.00043 (0.017 deg)
Matched 373 keypoints
[INFO] [1790552824.582226466] [pose_estimator]: RANSAC: 311 inliers / 373, 22 iterations
[INFO] [1790552824.583926799] [pose_estimator]: RPE: trans 0.0989 | rot 0.00256 (0.104 deg)
Matched 367 keypoints
[INFO] [1790552824.775936216] [pose_estimator]: RANSAC: 298 inliers / 367, 32 iterations
[INFO] [1790552824.776104299] [pose_estimator]: RPE: trans 0.1938 | rot 0.00753 (0.305 deg)
Matched 352 keypoints
[INFO] [1790552824.891501049] [pose_estimator]: RANSAC: 289 inliers / 352, 54 iterations
[INFO] [1790552824.894652716] [pose_estimator]: RPE: trans 0.0621 | rot 0.00195 (0.079 deg)
Matched 373 keypoints
[INFO] [1790552825.079178633] [pose_estimator]: RANSAC: 307 inliers / 373, 25 iterations
[INFO] [1790552825.082459966] [pose_estimator]: RPE: trans 0.5839 | rot 0.02505 (1.015 deg)
Matched 356 keypoints
[INFO] [1790552825.210658216] [pose_estimator]: RANSAC: 298 inliers / 356, 21 iterations
[INFO] [1790552825.225049299] [pose_estimator]: RPE: trans 0.3833 | rot 0.01330 (0.539 deg)
Matched 351 keypoints
[INFO] [1790552825.383122216] [pose_estimator]: RANSAC: 270 inliers / 351, 54 iterations
[INFO] [1790552825.384541341] [pose_estimator]: RPE: trans 0.1544 | rot 0.00545 (0.221 deg)
Matched 327 keypoints
[INFO] [1790552825.782100175] [pose_estimator]: RANSAC: 243 inliers / 327, 65 iterations
[INFO] [1790552825.783975675] [pose_estimator]: RPE: trans 0.1312 | rot 0.00481 (0.195 deg)
Matched 243 keypoints
[INFO] [1790552825.905844800] [pose_estimator]: RANSAC: 153 inliers / 243, 294 iterations
[INFO] [1790552825.908060591] [pose_estimator]: RPE: trans 0.0839 | rot 0.01602 (0.649 deg)
Matched 288 keypoints
[INFO] [1790552826.023131175] [pose_estimator]: RANSAC: 220 inliers / 288, 60 iterations
[INFO] [1790552826.023308800] [pose_estimator]: RPE: trans 0.0171 | rot 0.00282 (0.114 deg)
Matched 271 keypoints
[INFO] [1790552826.173437300] [pose_estimator]: RANSAC: 220 inliers / 271, 70 iterations
[INFO] [1790552826.175231133] [pose_estimator]: RPE: trans 0.1596 | rot 0.00469 (0.190 deg)
Matched 287 keypoints
[INFO] [1790552826.289970217] [pose_estimator]: RANSAC: 223 inliers / 287, 88 iterations
[INFO] [1790552826.290558842] [pose_estimator]: RPE: trans 0.1162 | rot 0.00398 (0.161 deg)
Matched 278 keypoints
[INFO] [1790552826.426853967] [pose_estimator]: RANSAC: 227 inliers / 278, 27 iterations
[INFO] [1790552826.427033800] [pose_estimator]: RPE: trans 0.0808 | rot 0.00322 (0.130 deg)
Matched 289 keypoints
[INFO] [1790552826.535752175] [pose_estimator]: RANSAC: 225 inliers / 289, 42 iterations
[INFO] [1790552826.535914633] [pose_estimator]: RPE: trans 0.5235 | rot 0.02454 (0.994 deg)
Matched 288 keypoints
[INFO] [1790552826.644590008] [pose_estimator]: RANSAC: 231 inliers / 288, 33 iterations
[INFO] [1790552826.647708675] [pose_estimator]: RPE: trans 0.3784 | rot 0.00685 (0.277 deg)
Matched 253 keypoints
[INFO] [1790552826.789903800] [pose_estimator]: RANSAC: 191 inliers / 253, 56 iterations
[INFO] [1790552826.790063258] [pose_estimator]: RPE: trans 0.4736 | rot 0.01531 (0.620 deg)
Matched 257 keypoints
[INFO] [1790552826.899080759] [pose_estimator]: RANSAC: 204 inliers / 257, 35 iterations
[INFO] [1790552826.899266884] [pose_estimator]: RPE: trans 0.1095 | rot 0.00377 (0.153 deg)
Matched 258 keypoints
[INFO] [1790552827.036132092] [pose_estimator]: RANSAC: 201 inliers / 258, 42 iterations
[INFO] [1790552827.036306675] [pose_estimator]: RPE: trans 0.0800 | rot 0.00587 (0.238 deg)
Matched 253 keypoints
[INFO] [1790552827.153094009] [pose_estimator]: RANSAC: 190 inliers / 253, 59 iterations
[INFO] [1790552827.155058342] [pose_estimator]: RPE: trans 0.1083 | rot 0.00302 (0.122 deg)
Matched 242 keypoints
[INFO] [1790552827.289945967] [pose_estimator]: RANSAC: 200 inliers / 242, 34 iterations
[INFO] [1790552827.290122717] [pose_estimator]: RPE: trans 0.1772 | rot 0.01267 (0.513 deg)
Matched 245 keypoints
[INFO] [1790552827.401905967] [pose_estimator]: RANSAC: 198 inliers / 245, 61 iterations
[INFO] [1790552827.402077884] [pose_estimator]: RPE: trans 0.1266 | rot 0.00542 (0.220 deg)
Matched 289 keypoints
[INFO] [1790552827.515199550] [pose_estimator]: RANSAC: 201 inliers / 289, 119 iterations
[INFO] [1790552827.517492550] [pose_estimator]: RPE: trans 1.3191 | rot 0.02820 (1.143 deg)
Matched 256 keypoints
[INFO] [1790552827.686367634] [pose_estimator]: RANSAC: 207 inliers / 256, 29 iterations
[INFO] [1790552827.689263467] [pose_estimator]: RPE: trans 0.0992 | rot 0.00551 (0.223 deg)
Matched 220 keypoints
[INFO] [1790552827.920749259] [pose_estimator]: RANSAC: 162 inliers / 220, 71 iterations
[INFO] [1790552827.924306051] [pose_estimator]: RPE: trans 0.0696 | rot 0.00726 (0.294 deg)
Matched 235 keypoints
[INFO] [1790552828.085080176] [pose_estimator]: RANSAC: 197 inliers / 235, 21 iterations
[INFO] [1790552828.085262384] [pose_estimator]: RPE: trans 0.0319 | rot 0.00159 (0.064 deg)
Matched 258 keypoints
[INFO] [1790552828.246376301] [pose_estimator]: RANSAC: 222 inliers / 258, 16 iterations
[INFO] [1790552828.246586426] [pose_estimator]: RPE: trans 0.1218 | rot 0.00359 (0.145 deg)
Matched 275 keypoints
[INFO] [1790552828.361416676] [pose_estimator]: RANSAC: 225 inliers / 275, 26 iterations
[INFO] [1790552828.363653759] [pose_estimator]: RPE: trans 0.0145 | rot 0.00143 (0.058 deg)
Matched 304 keypoints
[INFO] [1790552828.552468759] [pose_estimator]: RANSAC: 251 inliers / 304, 24 iterations
[INFO] [1790552828.557795176] [pose_estimator]: RPE: trans 0.1370 | rot 0.00442 (0.179 deg)
Matched 274 keypoints
[INFO] [1790552828.682199884] [pose_estimator]: RANSAC: 230 inliers / 274, 20 iterations
[INFO] [1790552828.682391551] [pose_estimator]: RPE: trans 0.1337 | rot 0.00783 (0.317 deg)
Matched 301 keypoints
[INFO] [1790552828.821675343] [pose_estimator]: RANSAC: 253 inliers / 301, 24 iterations
[INFO] [1790552828.824261259] [pose_estimator]: RPE: trans 0.1616 | rot 0.00357 (0.145 deg)
Matched 307 keypoints
[INFO] [1790552828.980392510] [pose_estimator]: RANSAC: 264 inliers / 307, 16 iterations
[INFO] [1790552828.980568926] [pose_estimator]: RPE: trans 0.0408 | rot 0.00225 (0.091 deg)
Matched 324 keypoints
[INFO] [1790552829.108236593] [pose_estimator]: RANSAC: 269 inliers / 324, 23 iterations
[INFO] [1790552829.108416968] [pose_estimator]: RPE: trans 0.0518 | rot 0.00250 (0.101 deg)
Matched 321 keypoints
[INFO] [1790552829.239779426] [pose_estimator]: RANSAC: 295 inliers / 321, 8 iterations
[INFO] [1790552829.239949760] [pose_estimator]: RPE: trans 0.0559 | rot 0.00340 (0.138 deg)
Matched 292 keypoints
[INFO] [1790552829.359606843] [pose_estimator]: RANSAC: 241 inliers / 292, 24 iterations
[INFO] [1790552829.359771010] [pose_estimator]: RPE: trans 0.0823 | rot 0.00304 (0.123 deg)
Matched 283 keypoints
[INFO] [1790552829.475698885] [pose_estimator]: RANSAC: 238 inliers / 283, 20 iterations
[INFO] [1790552829.475891385] [pose_estimator]: RPE: trans 0.0761 | rot 0.00402 (0.163 deg)
Matched 295 keypoints
[INFO] [1790552829.623134510] [pose_estimator]: RANSAC: 253 inliers / 295, 19 iterations
[INFO] [1790552829.625991135] [pose_estimator]: RPE: trans 0.2529 | rot 0.00925 (0.375 deg)
Matched 269 keypoints
[INFO] [1790552829.766723510] [pose_estimator]: RANSAC: 202 inliers / 269, 59 iterations
[INFO] [1790552829.766883218] [pose_estimator]: RPE: trans 0.0658 | rot 0.00332 (0.134 deg)
Matched 249 keypoints
[INFO] [1790552829.911665385] [pose_estimator]: RANSAC: 211 inliers / 249, 25 iterations
[INFO] [1790552829.911835968] [pose_estimator]: RPE: trans 0.1019 | rot 0.00584 (0.237 deg)
Matched 268 keypoints
[INFO] [1790552830.037272260] [pose_estimator]: RANSAC: 201 inliers / 268, 60 iterations
[INFO] [1790552830.037454593] [pose_estimator]: RPE: trans 0.0254 | rot 0.00265 (0.107 deg)
Matched 283 keypoints
[INFO] [1790552830.151636010] [pose_estimator]: RANSAC: 246 inliers / 283, 55 iterations
[INFO] [1790552830.151785593] [pose_estimator]: RPE: trans 0.4212 | rot 0.00817 (0.331 deg)
Matched 221 keypoints
[INFO] [1790552830.260828677] [pose_estimator]: RANSAC: 163 inliers / 221, 69 iterations
[INFO] [1790552830.261014885] [pose_estimator]: RPE: trans 0.4539 | rot 0.02323 (0.941 deg)
Matched 250 keypoints
[INFO] [1790552830.371257385] [pose_estimator]: RANSAC: 211 inliers / 250, 37 iterations
[INFO] [1790552830.371419677] [pose_estimator]: RPE: trans 0.0270 | rot 0.00202 (0.082 deg)
Matched 216 keypoints
[INFO] [1790552830.513972010] [pose_estimator]: RANSAC: 178 inliers / 216, 30 iterations
[INFO] [1790552830.519507052] [pose_estimator]: RPE: trans 0.0108 | rot 0.00094 (0.038 deg)
Matched 190 keypoints
[INFO] [1790552830.663117510] [pose_estimator]: RANSAC: 139 inliers / 190, 75 iterations
[INFO] [1790552830.663373969] [pose_estimator]: RPE: trans 0.1838 | rot 0.01135 (0.460 deg)
Matched 198 keypoints
[INFO] [1790552830.798156219] [pose_estimator]: RANSAC: 156 inliers / 198, 77 iterations
[INFO] [1790552830.798314635] [pose_estimator]: RPE: trans 0.1225 | rot 0.00512 (0.207 deg)
Matched 204 keypoints
[INFO] [1790552830.969844302] [pose_estimator]: RANSAC: 172 inliers / 204, 45 iterations
[INFO] [1790552830.970070677] [pose_estimator]: RPE: trans 0.0347 | rot 0.00136 (0.055 deg)
Matched 198 keypoints
[INFO] [1790552831.096558011] [pose_estimator]: RANSAC: 147 inliers / 198, 65 iterations
[INFO] [1790552831.096772677] [pose_estimator]: RPE: trans 0.1013 | rot 0.00458 (0.185 deg)
Matched 201 keypoints
[INFO] [1790552831.241343969] [pose_estimator]: RANSAC: 158 inliers / 201, 67 iterations
[INFO] [1790552831.241531219] [pose_estimator]: RPE: trans 0.5774 | rot 0.02869 (1.162 deg)
Matched 226 keypoints
[INFO] [1790552831.351190469] [pose_estimator]: RANSAC: 168 inliers / 226, 65 iterations
[INFO] [1790552831.354003011] [pose_estimator]: RPE: trans 1.7895 | rot 0.06222 (2.521 deg)
Matched 234 keypoints
[INFO] [1790552831.510755219] [pose_estimator]: RANSAC: 184 inliers / 234, 38 iterations
[INFO] [1790552831.510927552] [pose_estimator]: RPE: trans 0.2053 | rot 0.00857 (0.347 deg)
Matched 241 keypoints
[INFO] [1790552831.643437677] [pose_estimator]: RANSAC: 189 inliers / 241, 62 iterations
[INFO] [1790552831.643640802] [pose_estimator]: RPE: trans 0.3550 | rot 0.01193 (0.483 deg)
Matched 216 keypoints
[INFO] [1790552831.790377219] [pose_estimator]: RANSAC: 174 inliers / 216, 30 iterations
[INFO] [1790552831.791940678] [pose_estimator]: RPE: trans 0.1858 | rot 0.00612 (0.248 deg)
Matched 248 keypoints
[INFO] [1790552831.904031011] [pose_estimator]: RANSAC: 191 inliers / 248, 46 iterations
[INFO] [1790552831.904185803] [pose_estimator]: RPE: trans 0.4767 | rot 0.00860 (0.349 deg)
Matched 263 keypoints
[INFO] [1790552832.052070386] [pose_estimator]: RANSAC: 229 inliers / 263, 27 iterations
[INFO] [1790552832.052256553] [pose_estimator]: RPE: trans 0.0238 | rot 0.00222 (0.090 deg)
Matched 301 keypoints
[INFO] [1790552832.164855969] [pose_estimator]: RANSAC: 233 inliers / 301, 52 iterations
[INFO] [1790552832.167488094] [pose_estimator]: RPE: trans 1.7031 | rot 0.03617 (1.465 deg)
Matched 315 keypoints
[INFO] [1790552832.281481803] [pose_estimator]: RANSAC: 269 inliers / 315, 27 iterations
[INFO] [1790552832.281986844] [pose_estimator]: RPE: trans 0.2845 | rot 0.00230 (0.093 deg)
Matched 292 keypoints
[INFO] [1790552832.398061678] [pose_estimator]: RANSAC: 256 inliers / 292, 13 iterations
[INFO] [1790552832.399601261] [pose_estimator]: RPE: trans 0.0487 | rot 0.00230 (0.093 deg)
Matched 283 keypoints
[INFO] [1790552832.896252053] [pose_estimator]: RANSAC: 207 inliers / 283, 75 iterations
[INFO] [1790552832.896466511] [pose_estimator]: RPE: trans 0.2583 | rot 0.01611 (0.653 deg)
Matched 176 keypoints
[INFO] [1790552833.063332595] [pose_estimator]: RANSAC: 110 inliers / 176, 315 iterations
[INFO] [1790552833.066993220] [pose_estimator]: RPE: trans 0.4582 | rot 0.04469 (1.811 deg)
Matched 290 keypoints
[INFO] [1790552833.190977345] [pose_estimator]: RANSAC: 256 inliers / 290, 22 iterations
[INFO] [1790552833.205545387] [pose_estimator]: RPE: trans 0.0889 | rot 0.00386 (0.156 deg)
Matched 249 keypoints
[INFO] [1790552833.349677553] [pose_estimator]: RANSAC: 181 inliers / 249, 79 iterations
[INFO] [1790552833.353387845] [pose_estimator]: RPE: trans 0.0377 | rot 0.00232 (0.094 deg)
Matched 233 keypoints
[INFO] [1790552833.495450928] [pose_estimator]: RANSAC: 175 inliers / 233, 88 iterations
[INFO] [1790552833.496218803] [pose_estimator]: RPE: trans 0.0652 | rot 0.01269 (0.514 deg)
Matched 249 keypoints
[INFO] [1790552833.688673762] [pose_estimator]: RANSAC: 213 inliers / 249, 17 iterations
[INFO] [1790552833.693051428] [pose_estimator]: RPE: trans 0.0267 | rot 0.00145 (0.059 deg)
Matched 237 keypoints
[INFO] [1790552833.807514220] [pose_estimator]: RANSAC: 192 inliers / 237, 41 iterations
[INFO] [1790552833.808771512] [pose_estimator]: RPE: trans 0.0190 | rot 0.00274 (0.111 deg)
Matched 268 keypoints
[INFO] [1790552833.921242012] [pose_estimator]: RANSAC: 227 inliers / 268, 19 iterations
[INFO] [1790552833.923532887] [pose_estimator]: RPE: trans 0.1938 | rot 0.00427 (0.173 deg)
Matched 257 keypoints
[INFO] [1790552834.038140054] [pose_estimator]: RANSAC: 221 inliers / 257, 24 iterations
[INFO] [1790552834.041104637] [pose_estimator]: RPE: trans 0.1149 | rot 0.00435 (0.176 deg)
Matched 238 keypoints
[INFO] [1790552834.157679137] [pose_estimator]: RANSAC: 218 inliers / 238, 68 iterations
[INFO] [1790552834.157862762] [pose_estimator]: RPE: trans 0.0295 | rot 0.00315 (0.127 deg)
Matched 264 keypoints
[INFO] [1790552834.291244845] [pose_estimator]: RANSAC: 216 inliers / 264, 26 iterations
[INFO] [1790552834.291406470] [pose_estimator]: RPE: trans 0.0277 | rot 0.00039 (0.016 deg)
Matched 268 keypoints
[INFO] [1790552834.401682720] [pose_estimator]: RANSAC: 244 inliers / 268, 9 iterations
[INFO] [1790552834.404397012] [pose_estimator]: RPE: trans 0.1612 | rot 0.01016 (0.412 deg)
Matched 241 keypoints
[INFO] [1790552834.562763221] [pose_estimator]: RANSAC: 184 inliers / 241, 50 iterations
[INFO] [1790552834.562952096] [pose_estimator]: RPE: trans 0.0495 | rot 0.00529 (0.215 deg)
Matched 246 keypoints
[INFO] [1790552834.693367054] [pose_estimator]: RANSAC: 215 inliers / 246, 23 iterations
[INFO] [1790552834.693558637] [pose_estimator]: RPE: trans 0.1081 | rot 0.00678 (0.275 deg)
Matched 249 keypoints
[INFO] [1790552834.803708179] [pose_estimator]: RANSAC: 220 inliers / 249, 19 iterations
[INFO] [1790552834.805327304] [pose_estimator]: RPE: trans 0.1978 | rot 0.00518 (0.210 deg)
Matched 271 keypoints
[INFO] [1790552835.089572596] [pose_estimator]: RANSAC: 241 inliers / 271, 12 iterations
[INFO] [1790552835.089758554] [pose_estimator]: RPE: trans 0.6261 | rot 0.01746 (0.707 deg)
Matched 224 keypoints
[INFO] [1790552835.233032596] [pose_estimator]: RANSAC: 193 inliers / 224, 20 iterations
[INFO] [1790552835.233309804] [pose_estimator]: RPE: trans 0.1072 | rot 0.00624 (0.253 deg)
Matched 255 keypoints
[INFO] [1790552835.418594513] [pose_estimator]: RANSAC: 200 inliers / 255, 51 iterations
[INFO] [1790552835.426556304] [pose_estimator]: RPE: trans 0.1550 | rot 0.00608 (0.246 deg)
Matched 215 keypoints
[INFO] [1790552835.536338304] [pose_estimator]: RANSAC: 176 inliers / 215, 26 iterations
[INFO] [1790552835.536530554] [pose_estimator]: RPE: trans 0.0537 | rot 0.00332 (0.135 deg)
Matched 281 keypoints
[INFO] [1790552836.022190471] [pose_estimator]: RANSAC: 253 inliers / 281, 10 iterations
[INFO] [1790552836.022428221] [pose_estimator]: RPE: trans 0.2799 | rot 0.01215 (0.492 deg)
Matched 216 keypoints
[INFO] [1790552836.158490013] [pose_estimator]: RANSAC: 172 inliers / 216, 34 iterations
[INFO] [1790552836.160617388] [pose_estimator]: RPE: trans 0.1611 | rot 0.01902 (0.771 deg)
Matched 304 keypoints
[INFO] [1790552836.294370555] [pose_estimator]: RANSAC: 268 inliers / 304, 12 iterations
[INFO] [1790552836.294643680] [pose_estimator]: RPE: trans 0.1811 | rot 0.00314 (0.127 deg)
Matched 309 keypoints
[INFO] [1790552836.453301680] [pose_estimator]: RANSAC: 264 inliers / 309, 17 iterations
[INFO] [1790552836.455637763] [pose_estimator]: RPE: trans 0.1808 | rot 0.00755 (0.306 deg)
Matched 300 keypoints
[INFO] [1790552836.591279513] [pose_estimator]: RANSAC: 220 inliers / 300, 73 iterations
[INFO] [1790552836.591460846] [pose_estimator]: RPE: trans 0.0768 | rot 0.00359 (0.145 deg)
Matched 308 keypoints
[INFO] [1790552836.729811763] [pose_estimator]: RANSAC: 272 inliers / 308, 42 iterations
[INFO] [1790552836.730026930] [pose_estimator]: RPE: trans 0.1265 | rot 0.00145 (0.059 deg)
Matched 335 keypoints
[INFO] [1790552836.845243888] [pose_estimator]: RANSAC: 275 inliers / 335, 40 iterations
[INFO] [1790552836.845414972] [pose_estimator]: RPE: trans 0.2435 | rot 0.00546 (0.221 deg)
Matched 316 keypoints
[INFO] [1790552836.988208388] [pose_estimator]: RANSAC: 231 inliers / 316, 75 iterations
[INFO] [1790552836.988358388] [pose_estimator]: RPE: trans 0.0317 | rot 0.00227 (0.092 deg)
Matched 318 keypoints
[INFO] [1790552837.130456138] [pose_estimator]: RANSAC: 285 inliers / 318, 37 iterations
[INFO] [1790552837.130676763] [pose_estimator]: RPE: trans 0.0610 | rot 0.00387 (0.157 deg)
Matched 300 keypoints
[INFO] [1790552837.272812347] [pose_estimator]: RANSAC: 259 inliers / 300, 35 iterations
[INFO] [1790552837.273022638] [pose_estimator]: RPE: trans 0.0340 | rot 0.00881 (0.357 deg)
Matched 276 keypoints
[INFO] [1790552837.423942514] [pose_estimator]: RANSAC: 228 inliers / 276, 252 iterations
[INFO] [1790552837.424190264] [pose_estimator]: RPE: trans 0.2095 | rot 0.00458 (0.185 deg)
Matched 357 keypoints
[INFO] [1790552837.565266472] [pose_estimator]: RANSAC: 299 inliers / 357, 21 iterations
[INFO] [1790552837.565474597] [pose_estimator]: RPE: trans 1.7737 | rot 0.01977 (0.801 deg)
Matched 329 keypoints
[INFO] [1790552837.702088472] [pose_estimator]: RANSAC: 294 inliers / 329, 55 iterations
[INFO] [1790552837.702303139] [pose_estimator]: RPE: trans 0.1104 | rot 0.00086 (0.035 deg)
Matched 311 keypoints
[INFO] [1790552837.845845347] [pose_estimator]: RANSAC: 258 inliers / 311, 77 iterations
[INFO] [1790552837.846053389] [pose_estimator]: RPE: trans 0.1531 | rot 0.00803 (0.326 deg)
Matched 305 keypoints
[INFO] [1790552837.986081514] [pose_estimator]: RANSAC: 264 inliers / 305, 114 iterations
[INFO] [1790552837.986254764] [pose_estimator]: RPE: trans 0.0281 | rot 0.00608 (0.246 deg)
Matched 369 keypoints
[INFO] [1790552838.106030875] [pose_estimator]: RANSAC: 335 inliers / 369, 43 iterations
[INFO] [1790552838.106229541] [pose_estimator]: RPE: trans 0.1692 | rot 0.00495 (0.201 deg)
Matched 360 keypoints
[INFO] [1790552838.234149416] [pose_estimator]: RANSAC: 301 inliers / 360, 88 iterations
[INFO] [1790552838.234810750] [pose_estimator]: RPE: trans 0.0706 | rot 0.00135 (0.055 deg)
Matched 359 keypoints
[INFO] [1790552838.375493000] [pose_estimator]: RANSAC: 263 inliers / 359, 74 iterations
[INFO] [1790552838.375667791] [pose_estimator]: RPE: trans 0.2115 | rot 0.01202 (0.487 deg)
Matched 352 keypoints
[INFO] [1790552838.519335833] [pose_estimator]: RANSAC: 297 inliers / 352, 83 iterations
[INFO] [1790552838.519525416] [pose_estimator]: RPE: trans 0.0349 | rot 0.00318 (0.129 deg)
Matched 344 keypoints
[INFO] [1790552838.680893458] [pose_estimator]: RANSAC: 294 inliers / 344, 92 iterations
[INFO] [1790552838.681052666] [pose_estimator]: RPE: trans 0.0996 | rot 0.00629 (0.255 deg)
Matched 359 keypoints
[INFO] [1790552838.803196583] [pose_estimator]: RANSAC: 309 inliers / 359, 16 iterations
[INFO] [1790552838.803383583] [pose_estimator]: RPE: trans 0.2990 | rot 0.01163 (0.471 deg)
Matched 318 keypoints
[INFO] [1790552838.921667958] [pose_estimator]: RANSAC: 280 inliers / 318, 16 iterations
[INFO] [1790552838.921835583] [pose_estimator]: RPE: trans 0.1430 | rot 0.00191 (0.078 deg)
Matched 373 keypoints
[INFO] [1790552839.205635292] [pose_estimator]: RANSAC: 313 inliers / 373, 61 iterations
[INFO] [1790552839.211786417] [pose_estimator]: RPE: trans 0.1284 | rot 0.00151 (0.061 deg)
Matched 265 keypoints
[INFO] [1790552839.345971708] [pose_estimator]: RANSAC: 188 inliers / 265, 99 iterations
[INFO] [1790552839.346163125] [pose_estimator]: RPE: trans 0.1260 | rot 0.00530 (0.215 deg)
Matched 328 keypoints
[INFO] [1790552839.465356334] [pose_estimator]: RANSAC: 263 inliers / 328, 73 iterations
[INFO] [1790552839.466282042] [pose_estimator]: RPE: trans 0.0684 | rot 0.00414 (0.168 deg)
Matched 357 keypoints
[INFO] [1790552839.824916209] [pose_estimator]: RANSAC: 311 inliers / 357, 16 iterations
[INFO] [1790552839.825113584] [pose_estimator]: RPE: trans 0.0851 | rot 0.00534 (0.216 deg)
Matched 311 keypoints
[INFO] [1790552839.986756334] [pose_estimator]: RANSAC: 261 inliers / 311, 37 iterations
[INFO] [1790552839.987906542] [pose_estimator]: RPE: trans 0.0410 | rot 0.00107 (0.043 deg)
Matched 373 keypoints
[INFO] [1790552840.114060792] [pose_estimator]: RANSAC: 292 inliers / 373, 162 iterations
[INFO] [1790552840.114244292] [pose_estimator]: RPE: trans 0.2738 | rot 0.00907 (0.368 deg)
Matched 390 keypoints
[INFO] [1790552840.234263126] [pose_estimator]: RANSAC: 319 inliers / 390, 26 iterations
[INFO] [1790552840.234428667] [pose_estimator]: RPE: trans 0.1437 | rot 0.00208 (0.084 deg)
Matched 383 keypoints
[INFO] [1790552840.372178917] [pose_estimator]: RANSAC: 317 inliers / 383, 55 iterations
[INFO] [1790552840.376217501] [pose_estimator]: RPE: trans 0.0800 | rot 0.00229 (0.093 deg)
Matched 435 keypoints
[INFO] [1790552840.551553501] [pose_estimator]: RANSAC: 346 inliers / 435, 40 iterations
[INFO] [1790552840.551735126] [pose_estimator]: RPE: trans 0.3390 | rot 0.00916 (0.371 deg)
Matched 398 keypoints
[INFO] [1790552840.669146542] [pose_estimator]: RANSAC: 345 inliers / 398, 15 iterations
[INFO] [1790552840.669339751] [pose_estimator]: RPE: trans 0.1718 | rot 0.00555 (0.225 deg)
Matched 406 keypoints
[INFO] [1790552840.792543709] [pose_estimator]: RANSAC: 351 inliers / 406, 18 iterations
[INFO] [1790552840.794668334] [pose_estimator]: RPE: trans 0.2798 | rot 0.00209 (0.085 deg)
Matched 396 keypoints
[INFO] [1790552841.184999043] [pose_estimator]: RANSAC: 339 inliers / 396, 29 iterations
[INFO] [1790552841.185183293] [pose_estimator]: RPE: trans 0.0937 | rot 0.00295 (0.120 deg)
Matched 361 keypoints
[INFO] [1790552841.356372001] [pose_estimator]: RANSAC: 307 inliers / 361, 18 iterations
[INFO] [1790552841.360198543] [pose_estimator]: RPE: trans 0.2951 | rot 0.01262 (0.511 deg)
Matched 411 keypoints
[INFO] [1790552841.483104001] [pose_estimator]: RANSAC: 345 inliers / 411, 20 iterations
[INFO] [1790552841.483292918] [pose_estimator]: RPE: trans 1.2267 | rot 0.01611 (0.653 deg)
Matched 439 keypoints
[INFO] [1790552841.637789876] [pose_estimator]: RANSAC: 375 inliers / 439, 17 iterations
[INFO] [1790552841.639717793] [pose_estimator]: RPE: trans 1.1821 | rot 0.00841 (0.341 deg)
Matched 387 keypoints
[INFO] [1790552841.778905918] [pose_estimator]: RANSAC: 335 inliers / 387, 34 iterations
[INFO] [1790552841.779069460] [pose_estimator]: RPE: trans 1.4465 | rot 0.01335 (0.541 deg)
Matched 417 keypoints
[INFO] [1790552841.920877418] [pose_estimator]: RANSAC: 366 inliers / 417, 21 iterations
[INFO] [1790552841.921041251] [pose_estimator]: RPE: trans 0.4045 | rot 0.00533 (0.216 deg)
Matched 408 keypoints
[INFO] [1790552842.046261960] [pose_estimator]: RANSAC: 313 inliers / 408, 48 iterations
[INFO] [1790552842.046437960] [pose_estimator]: RPE: trans 0.4354 | rot 0.00251 (0.102 deg)
Matched 397 keypoints
[INFO] [1790552842.209273752] [pose_estimator]: RANSAC: 342 inliers / 397, 16 iterations
[INFO] [1790552842.209439293] [pose_estimator]: RPE: trans 1.0848 | rot 0.01717 (0.696 deg)
Matched 392 keypoints
[INFO] [1790552842.370625752] [pose_estimator]: RANSAC: 335 inliers / 392, 17 iterations
[INFO] [1790552842.370800543] [pose_estimator]: RPE: trans 0.0212 | rot 0.00073 (0.030 deg)
Matched 412 keypoints
[INFO] [1790552842.489384627] [pose_estimator]: RANSAC: 355 inliers / 412, 16 iterations
[INFO] [1790552842.493009502] [pose_estimator]: RPE: trans 0.7571 | rot 0.01020 (0.413 deg)
Matched 407 keypoints
[INFO] [1790552842.638195210] [pose_estimator]: RANSAC: 331 inliers / 407, 28 iterations
[INFO] [1790552842.638354752] [pose_estimator]: RPE: trans 0.1851 | rot 0.00236 (0.095 deg)
Matched 428 keypoints
[INFO] [1790552842.755651043] [pose_estimator]: RANSAC: 385 inliers / 428, 10 iterations
[INFO] [1790552842.755842502] [pose_estimator]: RPE: trans 0.6643 | rot 0.00891 (0.361 deg)
Matched 406 keypoints
[INFO] [1790552842.895887752] [pose_estimator]: RANSAC: 351 inliers / 406, 15 iterations
[INFO] [1790552842.896077919] [pose_estimator]: RPE: trans 0.1695 | rot 0.00304 (0.123 deg)
Matched 420 keypoints
[INFO] [1790552843.021610169] [pose_estimator]: RANSAC: 353 inliers / 420, 20 iterations
[INFO] [1790552843.021829002] [pose_estimator]: RPE: trans 0.0377 | rot 0.00107 (0.043 deg)
Matched 448 keypoints
[INFO] [1790552843.188383044] [pose_estimator]: RANSAC: 356 inliers / 448, 35 iterations
[INFO] [1790552843.188551752] [pose_estimator]: RPE: trans 0.6156 | rot 0.00768 (0.311 deg)
Matched 411 keypoints
[INFO] [1790552843.344734127] [pose_estimator]: RANSAC: 344 inliers / 411, 21 iterations
[INFO] [1790552843.344938752] [pose_estimator]: RPE: trans 0.1898 | rot 0.00424 (0.172 deg)
Matched 394 keypoints
[INFO] [1790552843.487516710] [pose_estimator]: RANSAC: 334 inliers / 394, 22 iterations
[INFO] [1790552843.487675585] [pose_estimator]: RPE: trans 0.6207 | rot 0.01729 (0.701 deg)
Matched 438 keypoints
[INFO] [1790552843.630557419] [pose_estimator]: RANSAC: 401 inliers / 438, 8 iterations
[INFO] [1790552843.630737794] [pose_estimator]: RPE: trans 0.7913 | rot 0.00799 (0.324 deg)
Matched 450 keypoints
[INFO] [1790552843.755034211] [pose_estimator]: RANSAC: 363 inliers / 450, 30 iterations
[INFO] [1790552843.755199336] [pose_estimator]: RPE: trans 0.8015 | rot 0.00953 (0.386 deg)
Matched 374 keypoints
[INFO] [1790552843.885354419] [pose_estimator]: RANSAC: 311 inliers / 374, 22 iterations
[INFO] [1790552843.885514669] [pose_estimator]: RPE: trans 0.1121 | rot 0.00192 (0.078 deg)
Matched 349 keypoints
[INFO] [1790552844.032339461] [pose_estimator]: RANSAC: 290 inliers / 349, 36 iterations
[INFO] [1790552844.032524794] [pose_estimator]: RPE: trans 0.1210 | rot 0.00137 (0.056 deg)
Matched 357 keypoints
[INFO] [1790552844.179898169] [pose_estimator]: RANSAC: 311 inliers / 357, 14 iterations
[INFO] [1790552844.180076294] [pose_estimator]: RPE: trans 0.1714 | rot 0.00459 (0.186 deg)
Matched 352 keypoints
[INFO] [1790552844.306281044] [pose_estimator]: RANSAC: 284 inliers / 352, 30 iterations
[INFO] [1790552844.309785878] [pose_estimator]: RPE: trans 0.1233 | rot 0.00235 (0.095 deg)
Matched 391 keypoints
[INFO] [1790552844.464758753] [pose_estimator]: RANSAC: 316 inliers / 391, 29 iterations
[INFO] [1790552844.464938169] [pose_estimator]: RPE: trans 0.7981 | rot 0.01847 (0.748 deg)
Matched 346 keypoints
[INFO] [1790552844.581536461] [pose_estimator]: RANSAC: 283 inliers / 346, 26 iterations
[INFO] [1790552844.581714794] [pose_estimator]: RPE: trans 0.6234 | rot 0.00926 (0.375 deg)
Matched 344 keypoints
[INFO] [1790552844.742289294] [pose_estimator]: RANSAC: 289 inliers / 344, 20 iterations
[INFO] [1790552844.750976044] [pose_estimator]: RPE: trans 0.3714 | rot 0.00671 (0.272 deg)
Matched 310 keypoints
[INFO] [1790552844.876279336] [pose_estimator]: RANSAC: 226 inliers / 310, 77 iterations
[INFO] [1790552844.876480753] [pose_estimator]: RPE: trans 0.0871 | rot 0.00271 (0.110 deg)
Matched 312 keypoints
[INFO] [1790552845.012832295] [pose_estimator]: RANSAC: 261 inliers / 312, 22 iterations
[INFO] [1790552845.012999795] [pose_estimator]: RPE: trans 0.1834 | rot 0.00421 (0.170 deg)
Matched 306 keypoints
[INFO] [1790552845.167748295] [pose_estimator]: RANSAC: 262 inliers / 306, 17 iterations
[INFO] [1790552845.168509920] [pose_estimator]: RPE: trans 0.0616 | rot 0.00163 (0.066 deg)
Matched 345 keypoints
[INFO] [1790552845.301671628] [pose_estimator]: RANSAC: 289 inliers / 345, 21 iterations
[INFO] [1790552845.301848753] [pose_estimator]: RPE: trans 0.1623 | rot 0.00329 (0.133 deg)
Matched 343 keypoints
[INFO] [1790552845.417994878] [pose_estimator]: RANSAC: 291 inliers / 343, 18 iterations
[INFO] [1790552845.418168753] [pose_estimator]: RPE: trans 0.5073 | rot 0.00786 (0.318 deg)
Matched 348 keypoints
[INFO] [1790552845.690503295] [pose_estimator]: RANSAC: 289 inliers / 348, 23 iterations
[INFO] [1790552845.690669128] [pose_estimator]: RPE: trans 0.0401 | rot 0.00221 (0.090 deg)
Matched 326 keypoints
[INFO] [1790552845.849298003] [pose_estimator]: RANSAC: 275 inliers / 326, 35 iterations
[INFO] [1790552845.849496295] [pose_estimator]: RPE: trans 0.0300 | rot 0.00130 (0.053 deg)
Matched 313 keypoints
[INFO] [1790552845.966235212] [pose_estimator]: RANSAC: 265 inliers / 313, 32 iterations
[INFO] [1790552845.968566503] [pose_estimator]: RPE: trans 0.0275 | rot 0.00203 (0.082 deg)
Matched 333 keypoints
[INFO] [1790552846.135230670] [pose_estimator]: RANSAC: 272 inliers / 333, 27 iterations
[INFO] [1790552846.135398628] [pose_estimator]: RPE: trans 0.6970 | rot 0.01692 (0.685 deg)
Matched 301 keypoints
[INFO] [1790552846.283973462] [pose_estimator]: RANSAC: 238 inliers / 301, 37 iterations
[INFO] [1790552846.284137753] [pose_estimator]: RPE: trans 0.1324 | rot 0.00332 (0.135 deg)
Matched 333 keypoints
[INFO] [1790552846.396764712] [pose_estimator]: RANSAC: 298 inliers / 333, 14 iterations
[INFO] [1790552846.399125629] [pose_estimator]: RPE: trans 0.5546 | rot 0.00770 (0.312 deg)
Matched 345 keypoints
[INFO] [1790552846.544663087] [pose_estimator]: RANSAC: 275 inliers / 345, 34 iterations
[INFO] [1790552846.544874004] [pose_estimator]: RPE: trans 0.4440 | rot 0.00543 (0.220 deg)
Matched 307 keypoints
[INFO] [1790552846.659981629] [pose_estimator]: RANSAC: 248 inliers / 307, 30 iterations
[INFO] [1790552846.660168962] [pose_estimator]: RPE: trans 0.3594 | rot 0.00461 (0.187 deg)
Matched 300 keypoints
[INFO] [1790552846.790747212] [pose_estimator]: RANSAC: 263 inliers / 300, 13 iterations
[INFO] [1790552846.790913504] [pose_estimator]: RPE: trans 0.4139 | rot 0.00290 (0.118 deg)
Matched 319 keypoints
[INFO] [1790552846.923036462] [pose_estimator]: RANSAC: 254 inliers / 319, 34 iterations
[INFO] [1790552846.923200129] [pose_estimator]: RPE: trans 0.6907 | rot 0.00755 (0.306 deg)
Matched 312 keypoints
[INFO] [1790552847.033693462] [pose_estimator]: RANSAC: 253 inliers / 312, 29 iterations
[INFO] [1790552847.033860962] [pose_estimator]: RPE: trans 0.4717 | rot 0.00981 (0.397 deg)
Matched 324 keypoints
[INFO] [1790552847.149170712] [pose_estimator]: RANSAC: 265 inliers / 324, 26 iterations
[INFO] [1790552847.149390921] [pose_estimator]: RPE: trans 0.2816 | rot 0.00264 (0.107 deg)
Matched 324 keypoints
[INFO] [1790552847.285747379] [pose_estimator]: RANSAC: 281 inliers / 324, 15 iterations
[INFO] [1790552847.287645962] [pose_estimator]: RPE: trans 0.3281 | rot 0.00516 (0.209 deg)
Matched 316 keypoints
[INFO] [1790552847.404756046] [pose_estimator]: RANSAC: 249 inliers / 316, 37 iterations
[INFO] [1790552847.404936629] [pose_estimator]: RPE: trans 0.3306 | rot 0.00677 (0.274 deg)
Matched 287 keypoints
[INFO] [1790552847.515802296] [pose_estimator]: RANSAC: 247 inliers / 287, 16 iterations
[INFO] [1790552847.515978171] [pose_estimator]: RPE: trans 0.2001 | rot 0.00381 (0.154 deg)
Matched 305 keypoints
[INFO] [1790552847.757430004] [pose_estimator]: RANSAC: 258 inliers / 305, 19 iterations
[INFO] [1790552847.757661087] [pose_estimator]: RPE: trans 0.1161 | rot 0.00269 (0.109 deg)
Matched 247 keypoints
[INFO] [1790552847.902702213] [pose_estimator]: RANSAC: 178 inliers / 247, 86 iterations
[INFO] [1790552847.902884421] [pose_estimator]: RPE: trans 0.1383 | rot 0.00690 (0.280 deg)
Matched 255 keypoints
[INFO] [1790552848.047765921] [pose_estimator]: RANSAC: 215 inliers / 255, 19 iterations
[INFO] [1790552848.047955921] [pose_estimator]: RPE: trans 0.3270 | rot 0.00971 (0.393 deg)
Matched 278 keypoints
[INFO] [1790552848.160602588] [pose_estimator]: RANSAC: 232 inliers / 278, 28 iterations
[INFO] [1790552848.163214254] [pose_estimator]: RPE: trans 0.1019 | rot 0.00166 (0.067 deg)
Matched 264 keypoints
[INFO] [1790552848.318517379] [pose_estimator]: RANSAC: 218 inliers / 264, 24 iterations
[INFO] [1790552848.318701379] [pose_estimator]: RPE: trans 0.0938 | rot 0.00098 (0.040 deg)
Matched 242 keypoints
[INFO] [1790552848.426956046] [pose_estimator]: RANSAC: 207 inliers / 242, 17 iterations
[INFO] [1790552848.427121629] [pose_estimator]: RPE: trans 0.2606 | rot 0.00504 (0.204 deg)
Matched 267 keypoints
[INFO] [1790552848.539880546] [pose_estimator]: RANSAC: 241 inliers / 267, 14 iterations
[INFO] [1790552848.540073963] [pose_estimator]: RPE: trans 0.8992 | rot 0.01092 (0.442 deg)
Matched 265 keypoints
[INFO] [1790552848.699266380] [pose_estimator]: RANSAC: 220 inliers / 265, 42 iterations
[INFO] [1790552848.702494046] [pose_estimator]: RPE: trans 0.1833 | rot 0.00370 (0.150 deg)
Matched 232 keypoints
[INFO] [1790552848.869873130] [pose_estimator]: RANSAC: 195 inliers / 232, 20 iterations
[INFO] [1790552848.870043838] [pose_estimator]: RPE: trans 0.1062 | rot 0.00254 (0.103 deg)
Matched 235 keypoints
[INFO] [1790552849.013769255] [pose_estimator]: RANSAC: 193 inliers / 235, 25 iterations
[INFO] [1790552849.015012005] [pose_estimator]: RPE: trans 0.0103 | rot 0.00006 (0.003 deg)
Matched 240 keypoints
[INFO] [1790552849.127078046] [pose_estimator]: RANSAC: 186 inliers / 240, 44 iterations
[INFO] [1790552849.129244630] [pose_estimator]: RPE: trans 0.0795 | rot 0.00283 (0.115 deg)
Matched 253 keypoints
[INFO] [1790552849.267974297] [pose_estimator]: RANSAC: 210 inliers / 253, 23 iterations
[INFO] [1790552849.268144047] [pose_estimator]: RPE: trans 0.9605 | rot 0.03109 (1.260 deg)
Matched 232 keypoints
[INFO] [1790552849.381045505] [pose_estimator]: RANSAC: 181 inliers / 232, 41 iterations
[INFO] [1790552849.381211338] [pose_estimator]: RPE: trans 0.1149 | rot 0.00332 (0.134 deg)
Matched 248 keypoints
[INFO] [1790552849.497756713] [pose_estimator]: RANSAC: 192 inliers / 248, 56 iterations
[INFO] [1790552849.499037963] [pose_estimator]: RPE: trans 0.1427 | rot 0.00404 (0.164 deg)
Matched 260 keypoints
[INFO] [1790552849.638637338] [pose_estimator]: RANSAC: 199 inliers / 260, 49 iterations
[INFO] [1790552849.638825380] [pose_estimator]: RPE: trans 0.2068 | rot 0.00372 (0.151 deg)
Matched 223 keypoints
[INFO] [1790552849.747341838] [pose_estimator]: RANSAC: 178 inliers / 223, 33 iterations
[INFO] [1790552849.747553630] [pose_estimator]: RPE: trans 0.2354 | rot 0.00611 (0.248 deg)
Matched 231 keypoints
[INFO] [1790552849.882171672] [pose_estimator]: RANSAC: 196 inliers / 231, 19 iterations
[INFO] [1790552849.884180089] [pose_estimator]: RPE: trans 0.1252 | rot 0.00202 (0.082 deg)
Matched 263 keypoints
[INFO] [1790552850.026759047] [pose_estimator]: RANSAC: 219 inliers / 263, 22 iterations
[INFO] [1790552850.027735755] [pose_estimator]: RPE: trans 0.4178 | rot 0.00394 (0.160 deg)
Matched 237 keypoints
[INFO] [1790552850.164980922] [pose_estimator]: RANSAC: 182 inliers / 237, 76 iterations
[INFO] [1790552850.165143380] [pose_estimator]: RPE: trans 0.1270 | rot 0.00318 (0.129 deg)
Matched 230 keypoints
[INFO] [1790552850.450062672] [pose_estimator]: RANSAC: 190 inliers / 230, 41 iterations
[INFO] [1790552850.450209047] [pose_estimator]: RPE: trans 0.3437 | rot 0.01095 (0.444 deg)
Matched 184 keypoints
[INFO] [1790552850.557704339] [pose_estimator]: RANSAC: 136 inliers / 184, 72 iterations
[INFO] [1790552850.557881797] [pose_estimator]: RPE: trans 0.0827 | rot 0.00364 (0.147 deg)
Matched 185 keypoints
[INFO] [1790552850.880262339] [pose_estimator]: RANSAC: 161 inliers / 185, 24 iterations
[INFO] [1790552850.880508047] [pose_estimator]: RPE: trans 0.0684 | rot 0.00151 (0.061 deg)
Matched 219 keypoints
[INFO] [1790552850.993272464] [pose_estimator]: RANSAC: 164 inliers / 219, 60 iterations
[INFO] [1790552850.993455756] [pose_estimator]: RPE: trans 0.2333 | rot 0.01010 (0.409 deg)
Matched 210 keypoints
[INFO] [1790552851.106790089] [pose_estimator]: RANSAC: 158 inliers / 210, 58 iterations
[INFO] [1790552851.106965297] [pose_estimator]: RPE: trans 0.1467 | rot 0.00281 (0.114 deg)
Matched 221 keypoints
[INFO] [1790552851.214614381] [pose_estimator]: RANSAC: 197 inliers / 221, 11 iterations
[INFO] [1790552851.215323464] [pose_estimator]: RPE: trans 1.0357 | rot 0.01133 (0.459 deg)
Matched 211 keypoints
[INFO] [1790552851.369565923] [pose_estimator]: RANSAC: 170 inliers / 211, 30 iterations
[INFO] [1790552851.369738589] [pose_estimator]: RPE: trans 0.4671 | rot 0.00737 (0.299 deg)
Matched 188 keypoints
[INFO] [1790552851.507073298] [pose_estimator]: RANSAC: 153 inliers / 188, 28 iterations
[INFO] [1790552851.507229214] [pose_estimator]: RPE: trans 0.4317 | rot 0.00787 (0.319 deg)
Matched 182 keypoints
[INFO] [1790552851.632407714] [pose_estimator]: RANSAC: 151 inliers / 182, 23 iterations
[INFO] [1790552851.632579339] [pose_estimator]: RPE: trans 0.0934 | rot 0.00164 (0.067 deg)
Matched 199 keypoints
[INFO] [1790552851.738167006] [pose_estimator]: RANSAC: 175 inliers / 199, 17 iterations
[INFO] [1790552851.738321006] [pose_estimator]: RPE: trans 1.2795 | rot 0.00883 (0.358 deg)
Matched 192 keypoints
[INFO] [1790552851.859914131] [pose_estimator]: RANSAC: 158 inliers / 192, 25 iterations
[INFO] [1790552851.860157506] [pose_estimator]: RPE: trans 0.1919 | rot 0.00219 (0.089 deg)
Matched 204 keypoints
[INFO] [1790552851.990384381] [pose_estimator]: RANSAC: 175 inliers / 204, 16 iterations
[INFO] [1790552851.990549798] [pose_estimator]: RPE: trans 0.1830 | rot 0.00282 (0.114 deg)
Matched 201 keypoints
[INFO] [1790552852.095738256] [pose_estimator]: RANSAC: 162 inliers / 201, 31 iterations
[INFO] [1790552852.095944590] [pose_estimator]: RPE: trans 0.8652 | rot 0.01263 (0.512 deg)
Matched 179 keypoints
[INFO] [1790552852.200830756] [pose_estimator]: RANSAC: 140 inliers / 179, 40 iterations
[INFO] [1790552852.201012965] [pose_estimator]: RPE: trans 0.1712 | rot 0.00426 (0.173 deg)
Matched 195 keypoints
[INFO] [1790552852.397307881] [pose_estimator]: RANSAC: 165 inliers / 195, 19 iterations
[INFO] [1790552852.397495340] [pose_estimator]: RPE: trans 1.2450 | rot 0.01025 (0.415 deg)
Matched 168 keypoints
[INFO] [1790552852.550376215] [pose_estimator]: RANSAC: 138 inliers / 168, 25 iterations
[INFO] [1790552852.550531090] [pose_estimator]: RPE: trans 0.3106 | rot 0.00310 (0.126 deg)
Matched 175 keypoints
[INFO] [1790552852.684136882] [pose_estimator]: RANSAC: 139 inliers / 175, 35 iterations
[INFO] [1790552852.684324257] [pose_estimator]: RPE: trans 0.1762 | rot 0.00189 (0.076 deg)
Matched 164 keypoints
[INFO] [1790552852.786650673] [pose_estimator]: RANSAC: 128 inliers / 164, 42 iterations
[INFO] [1790552852.786823965] [pose_estimator]: RPE: trans 0.5439 | rot 0.00648 (0.262 deg)
Matched 151 keypoints
[INFO] [1790552852.893613257] [pose_estimator]: RANSAC: 119 inliers / 151, 37 iterations
[INFO] [1790552852.894347632] [pose_estimator]: RPE: trans 1.4861 | rot 0.01356 (0.550 deg)
Matched 146 keypoints
[INFO] [1790552852.998369965] [pose_estimator]: RANSAC: 128 inliers / 146, 13 iterations
[INFO] [1790552852.998511757] [pose_estimator]: RPE: trans 1.2883 | rot 0.01174 (0.476 deg)
Matched 140 keypoints
[INFO] [1790552853.133003715] [pose_estimator]: RANSAC: 119 inliers / 140, 19 iterations
[INFO] [1790552853.133198757] [pose_estimator]: RPE: trans 0.7521 | rot 0.00964 (0.391 deg)
Matched 137 keypoints
[INFO] [1790552853.283000423] [pose_estimator]: RANSAC: 110 inliers / 137, 31 iterations
[INFO] [1790552853.283161882] [pose_estimator]: RPE: trans 0.6604 | rot 0.00772 (0.313 deg)
Matched 133 keypoints
[INFO] [1790552853.440634215] [pose_estimator]: RANSAC: 106 inliers / 133, 44 iterations
[INFO] [1790552853.441949507] [pose_estimator]: RPE: trans 0.1720 | rot 0.00296 (0.120 deg)
Matched 130 keypoints
[INFO] [1790552853.547204049] [pose_estimator]: RANSAC: 102 inliers / 130, 39 iterations
[INFO] [1790552853.547363632] [pose_estimator]: RPE: trans 0.2196 | rot 0.00854 (0.346 deg)
Matched 146 keypoints
[INFO] [1790552853.955334882] [pose_estimator]: RANSAC: 127 inliers / 146, 14 iterations
[INFO] [1790552853.957552049] [pose_estimator]: RPE: trans 0.2070 | rot 0.00300 (0.121 deg)
Matched 133 keypoints
[INFO] [1790552854.061111590] [pose_estimator]: RANSAC: 99 inliers / 133, 64 iterations
[INFO] [1790552854.061295215] [pose_estimator]: RPE: trans 0.1017 | rot 0.00642 (0.260 deg)
Matched 153 keypoints
[INFO] [1790552854.208951841] [pose_estimator]: RANSAC: 130 inliers / 153, 19 iterations
[INFO] [1790552854.209391174] [pose_estimator]: RPE: trans 0.4162 | rot 0.00681 (0.276 deg)
Matched 157 keypoints
[INFO] [1790552854.344307132] [pose_estimator]: RANSAC: 121 inliers / 157, 46 iterations
[INFO] [1790552854.344505174] [pose_estimator]: RPE: trans 0.0379 | rot 0.00152 (0.062 deg)
Matched 147 keypoints
[INFO] [1790552854.446202007] [pose_estimator]: RANSAC: 122 inliers / 147, 23 iterations
[INFO] [1790552854.446379341] [pose_estimator]: RPE: trans 0.7959 | rot 0.01643 (0.665 deg)
Matched 156 keypoints
[INFO] [1790552854.806978883] [pose_estimator]: RANSAC: 129 inliers / 156, 31 iterations
[INFO] [1790552854.807153883] [pose_estimator]: RPE: trans 0.2628 | rot 0.00352 (0.143 deg)
Matched 159 keypoints
[INFO] [1790552854.937708549] [pose_estimator]: RANSAC: 131 inliers / 159, 27 iterations
[INFO] [1790552854.937871133] [pose_estimator]: RPE: trans 0.1512 | rot 0.00607 (0.246 deg)
Matched 163 keypoints
[INFO] [1790552855.051352883] [pose_estimator]: RANSAC: 132 inliers / 163, 29 iterations
[INFO] [1790552855.061826633] [pose_estimator]: RPE: trans 0.0914 | rot 0.00245 (0.099 deg)
Matched 155 keypoints
[INFO] [1790552855.173702049] [pose_estimator]: RANSAC: 137 inliers / 155, 12 iterations
[INFO] [1790552855.177883841] [pose_estimator]: RPE: trans 0.6629 | rot 0.01798 (0.728 deg)
Matched 161 keypoints
[INFO] [1790552855.313276924] [pose_estimator]: RANSAC: 129 inliers / 161, 39 iterations
[INFO] [1790552855.313432591] [pose_estimator]: RPE: trans 0.0497 | rot 0.00134 (0.054 deg)
Matched 155 keypoints
[INFO] [1790552855.439723091] [pose_estimator]: RANSAC: 127 inliers / 155, 26 iterations
[INFO] [1790552855.439899549] [pose_estimator]: RPE: trans 0.1998 | rot 0.00646 (0.262 deg)
Matched 179 keypoints
[INFO] [1790552855.550064925] [pose_estimator]: RANSAC: 152 inliers / 179, 18 iterations
[INFO] [1790552855.554424091] [pose_estimator]: RPE: trans 0.0427 | rot 0.00046 (0.018 deg)
Matched 165 keypoints
[INFO] [1790552856.076086091] [pose_estimator]: RANSAC: 132 inliers / 165, 34 iterations
[INFO] [1790552856.076257258] [pose_estimator]: RPE: trans 0.0443 | rot 0.00198 (0.080 deg)
Matched 124 keypoints
[INFO] [1790552856.213289508] [pose_estimator]: RANSAC: 82 inliers / 124, 189 iterations
[INFO] [1790552856.213495133] [pose_estimator]: RPE: trans 0.0634 | rot 0.00578 (0.234 deg)
Matched 172 keypoints
[INFO] [1790552856.349733008] [pose_estimator]: RANSAC: 143 inliers / 172, 34 iterations
[INFO] [1790552856.363425050] [pose_estimator]: RPE: trans 0.1337 | rot 0.00333 (0.135 deg)
Matched 182 keypoints
[INFO] [1790552856.520092967] [pose_estimator]: RANSAC: 147 inliers / 182, 30 iterations
[INFO] [1790552856.520267592] [pose_estimator]: RPE: trans 0.0778 | rot 0.00055 (0.022 deg)
Matched 194 keypoints
[INFO] [1790552856.626753967] [pose_estimator]: RANSAC: 167 inliers / 194, 34 iterations
[INFO] [1790552856.626910883] [pose_estimator]: RPE: trans 0.1671 | rot 0.00262 (0.106 deg)
Matched 198 keypoints
[INFO] [1790552856.748299842] [pose_estimator]: RANSAC: 150 inliers / 198, 54 iterations
[INFO] [1790552856.748828550] [pose_estimator]: RPE: trans 0.0941 | rot 0.00200 (0.081 deg)
Matched 178 keypoints
[INFO] [1790552856.854526800] [pose_estimator]: RANSAC: 146 inliers / 178, 32 iterations
[INFO] [1790552856.854691592] [pose_estimator]: RPE: trans 0.1581 | rot 0.00205 (0.083 deg)
Matched 185 keypoints
[INFO] [1790552856.983471509] [pose_estimator]: RANSAC: 142 inliers / 185, 58 iterations
[INFO] [1790552856.983660592] [pose_estimator]: RPE: trans 0.1750 | rot 0.00382 (0.155 deg)
Matched 207 keypoints
[INFO] [1790552857.111402967] [pose_estimator]: RANSAC: 161 inliers / 207, 42 iterations
[INFO] [1790552857.111578092] [pose_estimator]: RPE: trans 1.0286 | rot 0.01021 (0.414 deg)
Matched 176 keypoints
[INFO] [1790552857.223594800] [pose_estimator]: RANSAC: 122 inliers / 176, 136 iterations
[INFO] [1790552857.232589467] [pose_estimator]: RPE: trans 0.1555 | rot 0.00666 (0.270 deg)
Matched 182 keypoints
[INFO] [1790552857.746486342] [pose_estimator]: RANSAC: 149 inliers / 182, 26 iterations
[INFO] [1790552857.746682092] [pose_estimator]: RPE: trans 1.0239 | rot 0.02575 (1.043 deg)
Matched 125 keypoints
[INFO] [1790552857.869467384] [pose_estimator]: RANSAC: 71 inliers / 125, 747 iterations
[INFO] [1790552857.869669092] [pose_estimator]: RPE: trans 0.1845 | rot 0.01459 (0.591 deg)
Matched 176 keypoints
[INFO] [1790552858.166300967] [pose_estimator]: RANSAC: 141 inliers / 176, 32 iterations
[INFO] [1790552858.166466176] [pose_estimator]: RPE: trans 0.0874 | rot 0.00226 (0.092 deg)
Matched 165 keypoints
[INFO] [1790552858.299991259] [pose_estimator]: RANSAC: 112 inliers / 165, 149 iterations
[INFO] [1790552858.300135634] [pose_estimator]: RPE: trans 0.2002 | rot 0.00970 (0.393 deg)
Matched 167 keypoints
[INFO] [1790552858.407032426] [pose_estimator]: RANSAC: 125 inliers / 167, 61 iterations
[INFO] [1790552858.407222509] [pose_estimator]: RPE: trans 0.5378 | rot 0.01856 (0.752 deg)
Matched 185 keypoints
[INFO] [1790552858.543549759] [pose_estimator]: RANSAC: 137 inliers / 185, 67 iterations
[INFO] [1790552858.543705051] [pose_estimator]: RPE: trans 0.1581 | rot 0.00206 (0.083 deg)
Matched 160 keypoints
[INFO] [1790552858.663246009] [pose_estimator]: RANSAC: 121 inliers / 160, 55 iterations
[INFO] [1790552858.663419509] [pose_estimator]: RPE: trans 0.2264 | rot 0.00604 (0.245 deg)
Matched 191 keypoints
[INFO] [1790552858.791725634] [pose_estimator]: RANSAC: 149 inliers / 191, 41 iterations
[INFO] [1790552858.791915968] [pose_estimator]: RPE: trans 0.3650 | rot 0.00482 (0.195 deg)
Matched 171 keypoints
[INFO] [1790552858.900765134] [pose_estimator]: RANSAC: 117 inliers / 171, 138 iterations
[INFO] [1790552858.900900843] [pose_estimator]: RPE: trans 0.8018 | rot 0.02037 (0.825 deg)
Matched 178 keypoints
[INFO] [1790552859.031694760] [pose_estimator]: RANSAC: 115 inliers / 178, 233 iterations
[INFO] [1790552859.031862260] [pose_estimator]: RPE: trans 0.1523 | rot 0.00383 (0.155 deg)
Matched 152 keypoints
[INFO] [1790552859.144032926] [pose_estimator]: RANSAC: 95 inliers / 152, 315 iterations
[INFO] [1790552859.144212176] [pose_estimator]: RPE: trans 0.3035 | rot 0.00628 (0.254 deg)
Matched 188 keypoints
[INFO] [1790552859.254288260] [pose_estimator]: RANSAC: 123 inliers / 188, 208 iterations
[INFO] [1790552859.254438301] [pose_estimator]: RPE: trans 0.1147 | rot 0.00146 (0.059 deg)
Matched 151 keypoints
[INFO] [1790552859.460077218] [pose_estimator]: RANSAC: 111 inliers / 151, 72 iterations
[INFO] [1790552859.462152801] [pose_estimator]: RPE: trans 0.2003 | rot 0.00375 (0.152 deg)
Matched 108 keypoints
[INFO] [1790552859.602818843] [pose_estimator]: RANSAC: 62 inliers / 108, 678 iterations
[INFO] [1790552859.603015718] [pose_estimator]: RPE: trans 0.2141 | rot 0.00667 (0.270 deg)
Matched 147 keypoints
[INFO] [1790552859.724355343] [pose_estimator]: RANSAC: 84 inliers / 147, 707 iterations
[INFO] [1790552859.724548593] [pose_estimator]: RPE: trans 0.2577 | rot 0.00561 (0.227 deg)
Matched 135 keypoints
[INFO] [1790552859.842079718] [pose_estimator]: RANSAC: 88 inliers / 135, 215 iterations
[INFO] [1790552859.852278968] [pose_estimator]: RPE: trans 1.3052 | rot 0.02841 (1.151 deg)
Matched 130 keypoints
[INFO] [1790552860.216582052] [pose_estimator]: RANSAC: 85 inliers / 130, 260 iterations
[INFO] [1790552860.216783052] [pose_estimator]: RPE: trans 0.3864 | rot 0.01488 (0.603 deg)
Matched 139 keypoints
[INFO] [1790552860.328350010] [pose_estimator]: RANSAC: 96 inliers / 139, 127 iterations
[INFO] [1790552860.330872843] [pose_estimator]: RPE: trans 0.1797 | rot 0.01024 (0.415 deg)
Matched 166 keypoints
[INFO] [1790552860.459724635] [pose_estimator]: RANSAC: 114 inliers / 166, 134 iterations
[INFO] [1790552860.459904385] [pose_estimator]: RPE: trans 0.2095 | rot 0.00420 (0.170 deg)
Matched 133 keypoints
[INFO] [1790552860.567210552] [pose_estimator]: RANSAC: 92 inliers / 133, 125 iterations
[INFO] [1790552860.567364760] [pose_estimator]: RPE: trans 0.0681 | rot 0.00254 (0.103 deg)
Matched 123 keypoints
[INFO] [1790552860.690463219] [pose_estimator]: RANSAC: 93 inliers / 123, 55 iterations
[INFO] [1790552860.690640219] [pose_estimator]: RPE: trans 0.2750 | rot 0.00705 (0.286 deg)
Matched 160 keypoints
[INFO] [1790552860.807117594] [pose_estimator]: RANSAC: 119 inliers / 160, 67 iterations
[INFO] [1790552860.807298302] [pose_estimator]: RPE: trans 0.2600 | rot 0.00761 (0.308 deg)
Matched 179 keypoints
[INFO] [1790552860.961490635] [pose_estimator]: RANSAC: 143 inliers / 179, 33 iterations
[INFO] [1790552860.961666302] [pose_estimator]: RPE: trans 0.2499 | rot 0.00294 (0.119 deg)
Matched 165 keypoints
[INFO] [1790552861.082230386] [pose_estimator]: RANSAC: 127 inliers / 165, 47 iterations
[INFO] [1790552861.082404011] [pose_estimator]: RPE: trans 0.1961 | rot 0.00820 (0.332 deg)
Matched 174 keypoints
[INFO] [1790552861.221052636] [pose_estimator]: RANSAC: 141 inliers / 174, 29 iterations
[INFO] [1790552861.221214219] [pose_estimator]: RPE: trans 0.8115 | rot 0.02108 (0.854 deg)
Matched 172 keypoints
[INFO] [1790552861.341607886] [pose_estimator]: RANSAC: 140 inliers / 172, 34 iterations
[INFO] [1790552861.341779761] [pose_estimator]: RPE: trans 0.1409 | rot 0.00467 (0.189 deg)
Matched 157 keypoints
[INFO] [1790552861.446718261] [pose_estimator]: RANSAC: 123 inliers / 157, 40 iterations
[INFO] [1790552861.446899719] [pose_estimator]: RPE: trans 0.0233 | rot 0.00112 (0.045 deg)
Matched 154 keypoints
[INFO] [1790552861.567131427] [pose_estimator]: RANSAC: 115 inliers / 154, 62 iterations
[INFO] [1790552861.567304844] [pose_estimator]: RPE: trans 0.1570 | rot 0.00755 (0.306 deg)
Matched 199 keypoints
[INFO] [1790552861.674925677] [pose_estimator]: RANSAC: 159 inliers / 199, 33 iterations
[INFO] [1790552861.675109927] [pose_estimator]: RPE: trans 0.0141 | rot 0.00099 (0.040 deg)
Matched 178 keypoints
[INFO] [1790552861.794329303] [pose_estimator]: RANSAC: 139 inliers / 178, 41 iterations
[INFO] [1790552861.794518011] [pose_estimator]: RPE: trans 0.3366 | rot 0.01006 (0.408 deg)
Matched 157 keypoints
[INFO] [1790552861.911240678] [pose_estimator]: RANSAC: 122 inliers / 157, 43 iterations
[INFO] [1790552861.911390886] [pose_estimator]: RPE: trans 0.4549 | rot 0.01459 (0.591 deg)
Matched 161 keypoints
[INFO] [1790552862.014245803] [pose_estimator]: RANSAC: 123 inliers / 161, 58 iterations
[INFO] [1790552862.014412344] [pose_estimator]: RPE: trans 0.3526 | rot 0.00497 (0.201 deg)
Matched 140 keypoints
[INFO] [1790552862.133631469] [pose_estimator]: RANSAC: 113 inliers / 140, 30 iterations
[INFO] [1790552862.133812178] [pose_estimator]: RPE: trans 0.3176 | rot 0.00806 (0.327 deg)
Matched 152 keypoints
[INFO] [1790552862.249496178] [pose_estimator]: RANSAC: 121 inliers / 152, 34 iterations
[INFO] [1790552862.249667594] [pose_estimator]: RPE: trans 0.4634 | rot 0.00849 (0.344 deg)
Matched 125 keypoints
[INFO] [1790552862.350944053] [pose_estimator]: RANSAC: 101 inliers / 125, 66 iterations
[INFO] [1790552862.351095303] [pose_estimator]: RPE: trans 0.1242 | rot 0.00628 (0.254 deg)
Matched 125 keypoints
[INFO] [1790552862.467478803] [pose_estimator]: RANSAC: 105 inliers / 125, 32 iterations
[INFO] [1790552862.467961470] [pose_estimator]: RPE: trans 0.1441 | rot 0.00505 (0.204 deg)
Matched 127 keypoints
[INFO] [1790552862.571203386] [pose_estimator]: RANSAC: 93 inliers / 127, 74 iterations
[INFO] [1790552862.571380178] [pose_estimator]: RPE: trans 0.5928 | rot 0.02310 (0.936 deg)
Matched 102 keypoints
[INFO] [1790552862.670727511] [pose_estimator]: RANSAC: 86 inliers / 102, 19 iterations
[INFO] [1790552862.670903095] [pose_estimator]: RPE: trans 0.2342 | rot 0.00450 (0.182 deg)
Matched 117 keypoints
[INFO] [1790552862.786033053] [pose_estimator]: RANSAC: 102 inliers / 117, 14 iterations
[INFO] [1790552862.786193886] [pose_estimator]: RPE: trans 0.0396 | rot 0.00161 (0.065 deg)
Matched 144 keypoints
[INFO] [1790552862.901672761] [pose_estimator]: RANSAC: 118 inliers / 144, 26 iterations
[INFO] [1790552862.901847261] [pose_estimator]: RPE: trans 0.5071 | rot 0.00954 (0.387 deg)
Matched 135 keypoints
[INFO] [1790552863.018602928] [pose_estimator]: RANSAC: 116 inliers / 135, 30 iterations
[INFO] [1790552863.018759678] [pose_estimator]: RPE: trans 0.1954 | rot 0.00835 (0.338 deg)
Matched 179 keypoints
[INFO] [1790552863.121166970] [pose_estimator]: RANSAC: 155 inliers / 179, 23 iterations
[INFO] [1790552863.121346345] [pose_estimator]: RPE: trans 0.2618 | rot 0.00392 (0.159 deg)
Matched 175 keypoints
[INFO] [1790552863.252433220] [pose_estimator]: RANSAC: 147 inliers / 175, 29 iterations
[INFO] [1790552863.252586470] [pose_estimator]: RPE: trans 0.2786 | rot 0.00524 (0.212 deg)
Matched 175 keypoints
[INFO] [1790552863.371629762] [pose_estimator]: RANSAC: 140 inliers / 175, 32 iterations
[INFO] [1790552863.371818387] [pose_estimator]: RPE: trans 0.2246 | rot 0.00631 (0.256 deg)
Matched 199 keypoints
[INFO] [1790552863.477701762] [pose_estimator]: RANSAC: 167 inliers / 199, 20 iterations
[INFO] [1790552863.477830220] [pose_estimator]: RPE: trans 1.8688 | rot 0.01101 (0.446 deg)
Matched 215 keypoints
[INFO] [1790552863.584996762] [pose_estimator]: RANSAC: 190 inliers / 215, 37 iterations
[INFO] [1790552863.585955095] [pose_estimator]: RPE: trans 0.2704 | rot 0.00470 (0.191 deg)
Matched 213 keypoints
[INFO] [1790552863.709111262] [pose_estimator]: RANSAC: 156 inliers / 213, 74 iterations
[INFO] [1790552863.709271220] [pose_estimator]: RPE: trans 0.1191 | rot 0.00882 (0.357 deg)
Matched 212 keypoints
[INFO] [1790552863.823211762] [pose_estimator]: RANSAC: 192 inliers / 212, 21 iterations
[INFO] [1790552863.823377887] [pose_estimator]: RPE: trans 1.4447 | rot 0.01492 (0.605 deg)
Matched 223 keypoints
[INFO] [1790552863.957577304] [pose_estimator]: RANSAC: 190 inliers / 223, 18 iterations
[INFO] [1790552863.957742179] [pose_estimator]: RPE: trans 0.0255 | rot 0.01116 (0.452 deg)
Matched 258 keypoints
[INFO] [1790552864.084110970] [pose_estimator]: RANSAC: 215 inliers / 258, 24 iterations
[INFO] [1790552864.084287887] [pose_estimator]: RPE: trans 1.9440 | rot 0.00898 (0.364 deg)
Matched 261 keypoints
[INFO] [1790552864.199034262] [pose_estimator]: RANSAC: 195 inliers / 261, 83 iterations
[INFO] [1790552864.199583929] [pose_estimator]: RPE: trans 1.9814 | rot 0.01644 (0.666 deg)
Matched 246 keypoints
[INFO] [1790552864.312729512] [pose_estimator]: RANSAC: 170 inliers / 246, 126 iterations
[INFO] [1790552864.312908887] [pose_estimator]: RPE: trans 0.2076 | rot 0.01200 (0.486 deg)
Matched 296 keypoints
[INFO] [1790552864.443935179] [pose_estimator]: RANSAC: 229 inliers / 296, 57 iterations
[INFO] [1790552864.444138845] [pose_estimator]: RPE: trans 1.7458 | rot 0.01125 (0.456 deg)
Matched 268 keypoints
[INFO] [1790552864.554618470] [pose_estimator]: RANSAC: 236 inliers / 268, 13 iterations
[INFO] [1790552864.554798804] [pose_estimator]: RPE: trans 0.2642 | rot 0.00726 (0.294 deg)
Matched 257 keypoints
[INFO] [1790552864.684899387] [pose_estimator]: RANSAC: 227 inliers / 257, 58 iterations
[INFO] [1790552864.685178012] [pose_estimator]: RPE: trans 0.0960 | rot 0.00946 (0.383 deg)
Matched 267 keypoints
[INFO] [1790552864.796354637] [pose_estimator]: RANSAC: 193 inliers / 267, 84 iterations
[INFO] [1790552864.796566929] [pose_estimator]: RPE: trans 0.3065 | rot 0.00145 (0.059 deg)
Matched 266 keypoints
[INFO] [1790552864.923864679] [pose_estimator]: RANSAC: 229 inliers / 266, 86 iterations
[INFO] [1790552864.924035554] [pose_estimator]: RPE: trans 0.0101 | rot 0.00716 (0.290 deg)
Matched 255 keypoints
[INFO] [1790552865.031524637] [pose_estimator]: RANSAC: 199 inliers / 255, 41 iterations
[INFO] [1790552865.031700721] [pose_estimator]: RPE: trans 0.2065 | rot 0.00579 (0.234 deg)
Matched 282 keypoints
[INFO] [1790552865.144253471] [pose_estimator]: RANSAC: 236 inliers / 282, 33 iterations
[INFO] [1790552865.144431929] [pose_estimator]: RPE: trans 0.0949 | rot 0.00915 (0.371 deg)
Matched 293 keypoints
[INFO] [1790552865.279864138] [pose_estimator]: RANSAC: 258 inliers / 293, 13 iterations
[INFO] [1790552865.280001221] [pose_estimator]: RPE: trans 0.0208 | rot 0.00788 (0.319 deg)
Matched 307 keypoints
[INFO] [1790552865.420441179] [pose_estimator]: RANSAC: 261 inliers / 307, 18 iterations
[INFO] [1790552865.420699888] [pose_estimator]: RPE: trans 0.4725 | rot 0.01028 (0.416 deg)
Matched 300 keypoints
[INFO] [1790552865.539802804] [pose_estimator]: RANSAC: 270 inliers / 300, 66 iterations
[INFO] [1790552865.540242138] [pose_estimator]: RPE: trans 1.9005 | rot 0.03363 (1.363 deg)
Matched 291 keypoints
[INFO] [1790552865.668470388] [pose_estimator]: RANSAC: 239 inliers / 291, 25 iterations
[INFO] [1790552865.668627721] [pose_estimator]: RPE: trans 1.8083 | rot 0.03542 (1.435 deg)
Matched 292 keypoints
[INFO] [1790552865.782786013] [pose_estimator]: RANSAC: 251 inliers / 292, 77 iterations
[INFO] [1790552865.782956138] [pose_estimator]: RPE: trans 0.2839 | rot 0.00559 (0.227 deg)
Matched 305 keypoints
[INFO] [1790552865.898831721] [pose_estimator]: RANSAC: 215 inliers / 305, 105 iterations
[INFO] [1790552865.899037388] [pose_estimator]: RPE: trans 0.5749 | rot 0.00779 (0.315 deg)
Matched 312 keypoints
[INFO] [1790552866.027928555] [pose_estimator]: RANSAC: 265 inliers / 312, 27 iterations
[INFO] [1790552866.028185846] [pose_estimator]: RPE: trans 0.4691 | rot 0.01011 (0.410 deg)
Matched 309 keypoints
[INFO] [1790552866.156818096] [pose_estimator]: RANSAC: 275 inliers / 309, 11 iterations
[INFO] [1790552866.157019555] [pose_estimator]: RPE: trans 0.4853 | rot 0.01571 (0.636 deg)
Matched 325 keypoints
[INFO] [1790552866.272712263] [pose_estimator]: RANSAC: 265 inliers / 325, 36 iterations
[INFO] [1790552866.272996013] [pose_estimator]: RPE: trans 1.7758 | rot 0.01802 (0.730 deg)
Matched 317 keypoints
[INFO] [1790552866.403739180] [pose_estimator]: RANSAC: 280 inliers / 317, 12 iterations
[INFO] [1790552866.403933471] [pose_estimator]: RPE: trans 1.8945 | rot 0.02575 (1.043 deg)
Matched 323 keypoints
[INFO] [1790552866.519301096] [pose_estimator]: RANSAC: 274 inliers / 323, 66 iterations
[INFO] [1790552866.519483055] [pose_estimator]: RPE: trans 0.5216 | rot 0.00534 (0.216 deg)
Matched 314 keypoints
[INFO] [1790552866.634655888] [pose_estimator]: RANSAC: 267 inliers / 314, 24 iterations
[INFO] [1790552866.634854805] [pose_estimator]: RPE: trans 0.5147 | rot 0.00883 (0.358 deg)
Matched 308 keypoints
[INFO] [1790552866.781528722] [pose_estimator]: RANSAC: 219 inliers / 308, 97 iterations
[INFO] [1790552866.781698847] [pose_estimator]: RPE: trans 0.0992 | rot 0.00462 (0.187 deg)
Matched 301 keypoints
[INFO] [1790552866.897157263] [pose_estimator]: RANSAC: 217 inliers / 301, 86 iterations
[INFO] [1790552866.897356472] [pose_estimator]: RPE: trans 0.0771 | rot 0.00983 (0.398 deg)
Matched 293 keypoints
[INFO] [1790552867.043624763] [pose_estimator]: RANSAC: 254 inliers / 293, 24 iterations
[INFO] [1790552867.043824763] [pose_estimator]: RPE: trans 0.5539 | rot 0.01211 (0.490 deg)
Matched 304 keypoints
[INFO] [1790552867.189731222] [pose_estimator]: RANSAC: 250 inliers / 304, 49 iterations
[INFO] [1790552867.189961597] [pose_estimator]: RPE: trans 0.4156 | rot 0.01984 (0.804 deg)
Matched 300 keypoints
[INFO] [1790552867.314590763] [pose_estimator]: RANSAC: 230 inliers / 300, 48 iterations
[INFO] [1790552867.318861680] [pose_estimator]: RPE: trans 0.4070 | rot 0.00154 (0.062 deg)
Matched 259 keypoints
[INFO] [1790552867.437243639] [pose_estimator]: RANSAC: 223 inliers / 259, 27 iterations
[INFO] [1790552867.437410930] [pose_estimator]: RPE: trans 0.0813 | rot 0.01166 (0.472 deg)
Matched 302 keypoints
[INFO] [1790552867.549088014] [pose_estimator]: RANSAC: 280 inliers / 302, 12 iterations
[INFO] [1790552867.549256930] [pose_estimator]: RPE: trans 0.3926 | rot 0.00579 (0.234 deg)
Matched 317 keypoints
[INFO] [1790552867.747633472] [pose_estimator]: RANSAC: 255 inliers / 317, 31 iterations
[INFO] [1790552867.747865055] [pose_estimator]: RPE: trans 0.6242 | rot 0.00179 (0.072 deg)
Matched 301 keypoints
[INFO] [1790552867.863557639] [pose_estimator]: RANSAC: 267 inliers / 301, 14 iterations
[INFO] [1790552867.863756139] [pose_estimator]: RPE: trans 1.9984 | rot 0.01280 (0.519 deg)
Matched 335 keypoints
[INFO] [1790552867.998478139] [pose_estimator]: RANSAC: 308 inliers / 335, 8 iterations
[INFO] [1790552867.998684347] [pose_estimator]: RPE: trans 0.3070 | rot 0.00665 (0.269 deg)
Matched 333 keypoints
[INFO] [1790552868.110964208] [pose_estimator]: RANSAC: 281 inliers / 333, 19 iterations
[INFO] [1790552868.111128333] [pose_estimator]: RPE: trans 1.4462 | rot 0.01690 (0.685 deg)
Matched 305 keypoints
[INFO] [1790552868.243249833] [pose_estimator]: RANSAC: 262 inliers / 305, 16 iterations
[INFO] [1790552868.243443500] [pose_estimator]: RPE: trans 1.8622 | rot 0.02474 (1.002 deg)
Matched 304 keypoints
[INFO] [1790552868.377008916] [pose_estimator]: RANSAC: 276 inliers / 304, 9 iterations
[INFO] [1790552868.377182375] [pose_estimator]: RPE: trans 1.6583 | rot 0.02264 (0.917 deg)
Matched 315 keypoints
[INFO] [1790552868.491592458] [pose_estimator]: RANSAC: 275 inliers / 315, 14 iterations
[INFO] [1790552868.491790250] [pose_estimator]: RPE: trans 1.4612 | rot 0.01867 (0.756 deg)
Matched 321 keypoints
[INFO] [1790552868.637609416] [pose_estimator]: RANSAC: 271 inliers / 321, 19 iterations
[INFO] [1790552868.637809583] [pose_estimator]: RPE: trans 0.4571 | rot 0.00377 (0.153 deg)
Matched 309 keypoints
[INFO] [1790552868.750194375] [pose_estimator]: RANSAC: 259 inliers / 309, 21 iterations
[INFO] [1790552868.750385542] [pose_estimator]: RPE: trans 0.6779 | rot 0.00789 (0.320 deg)
Matched 268 keypoints
[INFO] [1790552868.865502667] [pose_estimator]: RANSAC: 214 inliers / 268, 33 iterations
[INFO] [1790552868.865666542] [pose_estimator]: RPE: trans 0.3625 | rot 0.00329 (0.133 deg)
Matched 320 keypoints
[INFO] [1790552869.012903958] [pose_estimator]: RANSAC: 262 inliers / 320, 26 iterations
[INFO] [1790552869.013084500] [pose_estimator]: RPE: trans 0.6677 | rot 0.00967 (0.392 deg)
Matched 331 keypoints
[INFO] [1790552869.126521667] [pose_estimator]: RANSAC: 286 inliers / 331, 17 iterations
[INFO] [1790552869.126700458] [pose_estimator]: RPE: trans 0.9635 | rot 0.01436 (0.582 deg)
Matched 325 keypoints
[INFO] [1790552869.287993208] [pose_estimator]: RANSAC: 283 inliers / 325, 14 iterations
[INFO] [1790552869.288165792] [pose_estimator]: RPE: trans 0.6337 | rot 0.00758 (0.307 deg)
Matched 319 keypoints
[INFO] [1790552869.417387375] [pose_estimator]: RANSAC: 274 inliers / 319, 16 iterations
[INFO] [1790552869.417562542] [pose_estimator]: RPE: trans 0.2559 | rot 0.00361 (0.146 deg)
Matched 318 keypoints
[INFO] [1790552869.534238542] [pose_estimator]: RANSAC: 273 inliers / 318, 16 iterations
[INFO] [1790552869.534420125] [pose_estimator]: RPE: trans 0.4133 | rot 0.00501 (0.203 deg)
Matched 332 keypoints
[INFO] [1790552869.649418917] [pose_estimator]: RANSAC: 277 inliers / 332, 22 iterations
[INFO] [1790552869.649611750] [pose_estimator]: RPE: trans 0.9698 | rot 0.00783 (0.317 deg)
Matched 308 keypoints
[INFO] [1790552869.763113250] [pose_estimator]: RANSAC: 258 inliers / 308, 21 iterations
[INFO] [1790552869.763281625] [pose_estimator]: RPE: trans 0.3008 | rot 0.00404 (0.164 deg)
Matched 348 keypoints
[INFO] [1790552869.898637250] [pose_estimator]: RANSAC: 293 inliers / 348, 20 iterations
[INFO] [1790552869.898855917] [pose_estimator]: RPE: trans 0.2150 | rot 0.00267 (0.108 deg)
Matched 347 keypoints
[INFO] [1790552870.015536334] [pose_estimator]: RANSAC: 277 inliers / 347, 38 iterations
[INFO] [1790552870.015714709] [pose_estimator]: RPE: trans 1.0626 | rot 0.03440 (1.394 deg)
Matched 337 keypoints
[INFO] [1790552870.127884084] [pose_estimator]: RANSAC: 281 inliers / 337, 22 iterations
[INFO] [1790552870.128066251] [pose_estimator]: RPE: trans 0.2361 | rot 0.00488 (0.198 deg)
Matched 344 keypoints
[INFO] [1790552870.264669792] [pose_estimator]: RANSAC: 294 inliers / 344, 17 iterations
[INFO] [1790552870.264807709] [pose_estimator]: RPE: trans 0.5012 | rot 0.00619 (0.251 deg)
Matched 337 keypoints
[INFO] [1790552870.401829417] [pose_estimator]: RANSAC: 282 inliers / 337, 21 iterations
[INFO] [1790552870.402004584] [pose_estimator]: RPE: trans 0.6521 | rot 0.01200 (0.486 deg)
Matched 349 keypoints
[INFO] [1790552870.520520167] [pose_estimator]: RANSAC: 292 inliers / 349, 21 iterations
[INFO] [1790552870.520709542] [pose_estimator]: RPE: trans 0.1814 | rot 0.00242 (0.098 deg)
Matched 358 keypoints
[INFO] [1790552870.653081876] [pose_estimator]: RANSAC: 283 inliers / 358, 36 iterations
[INFO] [1790552870.653252709] [pose_estimator]: RPE: trans 0.3508 | rot 0.00524 (0.212 deg)
Matched 377 keypoints
[INFO] [1790552870.786164459] [pose_estimator]: RANSAC: 331 inliers / 377, 13 iterations
[INFO] [1790552870.786336667] [pose_estimator]: RPE: trans 0.2123 | rot 0.00372 (0.151 deg)
Matched 455 keypoints
[INFO] [1790552870.929177834] [pose_estimator]: RANSAC: 375 inliers / 455, 24 iterations
[INFO] [1790552870.929385209] [pose_estimator]: RPE: trans 0.8497 | rot 0.00713 (0.289 deg)
Matched 406 keypoints
[INFO] [1790552871.068338168] [pose_estimator]: RANSAC: 346 inliers / 406, 18 iterations
[INFO] [1790552871.068550418] [pose_estimator]: RPE: trans 0.2079 | rot 0.00515 (0.209 deg)
Matched 392 keypoints
[INFO] [1790552871.190501084] [pose_estimator]: RANSAC: 323 inliers / 392, 38 iterations
[INFO] [1790552871.190873876] [pose_estimator]: RPE: trans 0.2832 | rot 0.00579 (0.235 deg)
Matched 440 keypoints
[INFO] [1790552871.327126418] [pose_estimator]: RANSAC: 355 inliers / 440, 33 iterations
[INFO] [1790552871.327288084] [pose_estimator]: RPE: trans 0.4053 | rot 0.00453 (0.183 deg)
Matched 407 keypoints
[INFO] [1790552871.448720501] [pose_estimator]: RANSAC: 322 inliers / 407, 36 iterations
[INFO] [1790552871.448886084] [pose_estimator]: RPE: trans 0.1945 | rot 0.00365 (0.148 deg)
Matched 400 keypoints
[INFO] [1790552871.586709626] [pose_estimator]: RANSAC: 338 inliers / 400, 19 iterations
[INFO] [1790552871.586856418] [pose_estimator]: RPE: trans 0.3103 | rot 0.00578 (0.234 deg)
Matched 433 keypoints
[INFO] [1790552871.724952376] [pose_estimator]: RANSAC: 341 inliers / 433, 38 iterations
[INFO] [1790552871.725137210] [pose_estimator]: RPE: trans 0.3735 | rot 0.00634 (0.257 deg)
Matched 396 keypoints
[INFO] [1790552871.865700918] [pose_estimator]: RANSAC: 315 inliers / 396, 34 iterations
[INFO] [1790552871.865856001] [pose_estimator]: RPE: trans 0.2493 | rot 0.00649 (0.263 deg)
Matched 381 keypoints
[INFO] [1790552872.007856793] [pose_estimator]: RANSAC: 292 inliers / 381, 49 iterations
[INFO] [1790552872.008030126] [pose_estimator]: RPE: trans 0.1983 | rot 0.00554 (0.224 deg)
Matched 410 keypoints
[INFO] [1790552872.150702210] [pose_estimator]: RANSAC: 316 inliers / 410, 46 iterations
[INFO] [1790552872.150865835] [pose_estimator]: RPE: trans 0.0907 | rot 0.00289 (0.117 deg)
Matched 388 keypoints
[INFO] [1790552872.275436752] [pose_estimator]: RANSAC: 318 inliers / 388, 29 iterations
[INFO] [1790552872.275624002] [pose_estimator]: RPE: trans 0.2869 | rot 0.00514 (0.208 deg)
Matched 396 keypoints
[INFO] [1790552872.398239918] [pose_estimator]: RANSAC: 307 inliers / 396, 44 iterations
[INFO] [1790552872.398419710] [pose_estimator]: RPE: trans 1.4089 | rot 0.02824 (1.144 deg)
Matched 368 keypoints
[INFO] [1790552872.524823460] [pose_estimator]: RANSAC: 291 inliers / 368, 36 iterations
[INFO] [1790552872.524993002] [pose_estimator]: RPE: trans 0.1016 | rot 0.00308 (0.125 deg)
Matched 385 keypoints
[INFO] [1790552872.655032877] [pose_estimator]: RANSAC: 319 inliers / 385, 31 iterations
[INFO] [1790552872.655194377] [pose_estimator]: RPE: trans 0.9692 | rot 0.02893 (1.172 deg)
Matched 377 keypoints
[INFO] [1790552872.789753335] [pose_estimator]: RANSAC: 307 inliers / 377, 27 iterations
[INFO] [1790552872.789926460] [pose_estimator]: RPE: trans 0.0251 | rot 0.00083 (0.034 deg)
Matched 354 keypoints
[INFO] [1790552872.924493669] [pose_estimator]: RANSAC: 283 inliers / 354, 33 iterations
[INFO] [1790552872.924650085] [pose_estimator]: RPE: trans 0.0715 | rot 0.00147 (0.060 deg)
Matched 333 keypoints
[INFO] [1790552873.053887752] [pose_estimator]: RANSAC: 267 inliers / 333, 32 iterations
[INFO] [1790552873.054046460] [pose_estimator]: RPE: trans 0.1377 | rot 0.00211 (0.086 deg)
Matched 347 keypoints
[INFO] [1790552873.185838502] [pose_estimator]: RANSAC: 290 inliers / 347, 21 iterations
[INFO] [1790552873.186014877] [pose_estimator]: RPE: trans 0.5977 | rot 0.00569 (0.231 deg)
Matched 356 keypoints
[INFO] [1790552873.317117710] [pose_estimator]: RANSAC: 291 inliers / 356, 26 iterations
[INFO] [1790552873.317295835] [pose_estimator]: RPE: trans 0.6535 | rot 0.00610 (0.247 deg)
Matched 331 keypoints
[INFO] [1790552873.452009835] [pose_estimator]: RANSAC: 263 inliers / 331, 35 iterations
[INFO] [1790552873.452169419] [pose_estimator]: RPE: trans 0.3535 | rot 0.00983 (0.398 deg)
Matched 346 keypoints
[INFO] [1790552873.576146669] [pose_estimator]: RANSAC: 273 inliers / 346, 37 iterations
[INFO] [1790552873.576328502] [pose_estimator]: RPE: trans 0.3040 | rot 0.00364 (0.147 deg)
Matched 379 keypoints
[INFO] [1790552873.710876336] [pose_estimator]: RANSAC: 298 inliers / 379, 38 iterations
[INFO] [1790552873.711061461] [pose_estimator]: RPE: trans 0.1169 | rot 0.00231 (0.094 deg)
Matched 358 keypoints
[INFO] [1790552873.831834419] [pose_estimator]: RANSAC: 288 inliers / 358, 31 iterations
[INFO] [1790552873.831993461] [pose_estimator]: RPE: trans 0.2190 | rot 0.00863 (0.350 deg)
Matched 372 keypoints
[INFO] [1790552873.970607336] [pose_estimator]: RANSAC: 305 inliers / 372, 26 iterations
[INFO] [1790552873.970752044] [pose_estimator]: RPE: trans 0.0831 | rot 0.00255 (0.103 deg)
Matched 381 keypoints
[INFO] [1790552874.090690044] [pose_estimator]: RANSAC: 302 inliers / 381, 35 iterations
[INFO] [1790552874.090859586] [pose_estimator]: RPE: trans 0.7618 | rot 0.01662 (0.673 deg)
Matched 386 keypoints
[INFO] [1790552874.222053211] [pose_estimator]: RANSAC: 323 inliers / 386, 33 iterations
[INFO] [1790552874.223528961] [pose_estimator]: RPE: trans 0.0156 | rot 0.00273 (0.110 deg)
Matched 354 keypoints
[INFO] [1790552874.345277669] [pose_estimator]: RANSAC: 266 inliers / 354, 58 iterations
[INFO] [1790552874.345451461] [pose_estimator]: RPE: trans 0.1823 | rot 0.00358 (0.145 deg)
Matched 387 keypoints
[INFO] [1790552874.479802628] [pose_estimator]: RANSAC: 314 inliers / 387, 28 iterations
[INFO] [1790552874.479944003] [pose_estimator]: RPE: trans 0.0945 | rot 0.00118 (0.048 deg)
Matched 385 keypoints
[INFO] [1790552874.611918669] [pose_estimator]: RANSAC: 311 inliers / 385, 36 iterations
[INFO] [1790552874.612087503] [pose_estimator]: RPE: trans 0.2000 | rot 0.00186 (0.075 deg)
Matched 356 keypoints
[INFO] [1790552874.745568878] [pose_estimator]: RANSAC: 274 inliers / 356, 47 iterations
[INFO] [1790552874.745754503] [pose_estimator]: RPE: trans 0.1152 | rot 0.00382 (0.155 deg)
Matched 372 keypoints
[INFO] [1790552874.881663544] [pose_estimator]: RANSAC: 300 inliers / 372, 30 iterations
[INFO] [1790552874.881832628] [pose_estimator]: RPE: trans 0.1019 | rot 0.00250 (0.101 deg)
Matched 325 keypoints
[INFO] [1790552875.003125378] [pose_estimator]: RANSAC: 266 inliers / 325, 26 iterations
[INFO] [1790552875.003284211] [pose_estimator]: RPE: trans 0.1306 | rot 0.00254 (0.103 deg)
Matched 290 keypoints
[INFO] [1790552875.122673753] [pose_estimator]: RANSAC: 237 inliers / 290, 27 iterations
[INFO] [1790552875.123442628] [pose_estimator]: RPE: trans 0.0785 | rot 0.00409 (0.166 deg)
Matched 304 keypoints
[INFO] [1790552875.263416253] [pose_estimator]: RANSAC: 239 inliers / 304, 38 iterations
[INFO] [1790552875.263652045] [pose_estimator]: RPE: trans 0.0568 | rot 0.00127 (0.052 deg)
Matched 306 keypoints
[INFO] [1790552875.406239670] [pose_estimator]: RANSAC: 245 inliers / 306, 32 iterations
[INFO] [1790552875.406524753] [pose_estimator]: RPE: trans 0.2171 | rot 0.00615 (0.249 deg)
Matched 316 keypoints
[INFO] [1790552875.521566628] [pose_estimator]: RANSAC: 258 inliers / 316, 27 iterations
[INFO] [1790552875.521805753] [pose_estimator]: RPE: trans 0.1516 | rot 0.00274 (0.111 deg)
Matched 304 keypoints
[INFO] [1790552875.669220420] [pose_estimator]: RANSAC: 264 inliers / 304, 14 iterations
[INFO] [1790552875.669401336] [pose_estimator]: RPE: trans 0.1081 | rot 0.00323 (0.131 deg)
Matched 309 keypoints
[INFO] [1790552875.780714462] [pose_estimator]: RANSAC: 252 inliers / 309, 27 iterations
[INFO] [1790552875.780894920] [pose_estimator]: RPE: trans 0.1416 | rot 0.00313 (0.127 deg)
Matched 324 keypoints
[INFO] [1790552875.911688670] [pose_estimator]: RANSAC: 282 inliers / 324, 14 iterations
[INFO] [1790552875.911880670] [pose_estimator]: RPE: trans 0.9170 | rot 0.01637 (0.663 deg)
Matched 286 keypoints
[INFO] [1790552876.029827212] [pose_estimator]: RANSAC: 247 inliers / 286, 17 iterations
[INFO] [1790552876.029997962] [pose_estimator]: RPE: trans 0.1353 | rot 0.00342 (0.139 deg)
Matched 301 keypoints
[INFO] [1790552876.162231170] [pose_estimator]: RANSAC: 249 inliers / 301, 26 iterations
[INFO] [1790552876.162383712] [pose_estimator]: RPE: trans 0.3368 | rot 0.00555 (0.225 deg)
Matched 319 keypoints
[INFO] [1790552876.295375670] [pose_estimator]: RANSAC: 274 inliers / 319, 16 iterations
[INFO] [1790552876.295564378] [pose_estimator]: RPE: trans 0.9715 | rot 0.01348 (0.546 deg)
Matched 283 keypoints
[INFO] [1790552876.426398254] [pose_estimator]: RANSAC: 220 inliers / 283, 43 iterations
[INFO] [1790552876.426617170] [pose_estimator]: RPE: trans 0.1080 | rot 0.00341 (0.138 deg)
Matched 298 keypoints
[INFO] [1790552876.556430754] [pose_estimator]: RANSAC: 247 inliers / 298, 23 iterations
[INFO] [1790552876.556607795] [pose_estimator]: RPE: trans 0.1536 | rot 0.00312 (0.126 deg)
Matched 244 keypoints
[INFO] [1790552876.684991045] [pose_estimator]: RANSAC: 199 inliers / 244, 27 iterations
[INFO] [1790552876.685178420] [pose_estimator]: RPE: trans 0.1719 | rot 0.00755 (0.306 deg)
Matched 241 keypoints
[INFO] [1790552876.815030045] [pose_estimator]: RANSAC: 203 inliers / 241, 20 iterations
[INFO] [1790552876.815197337] [pose_estimator]: RPE: trans 0.0764 | rot 0.00417 (0.169 deg)
Matched 239 keypoints
[INFO] [1790552876.945847129] [pose_estimator]: RANSAC: 213 inliers / 239, 11 iterations
[INFO] [1790552876.946041004] [pose_estimator]: RPE: trans 0.1188 | rot 0.00365 (0.148 deg)
Matched 268 keypoints
[INFO] [1790552877.059545337] [pose_estimator]: RANSAC: 226 inliers / 268, 19 iterations
[INFO] [1790552877.059715920] [pose_estimator]: RPE: trans 0.1995 | rot 0.00626 (0.254 deg)
Matched 239 keypoints
[INFO] [1790552877.193215879] [pose_estimator]: RANSAC: 201 inliers / 239, 20 iterations
[INFO] [1790552877.193404046] [pose_estimator]: RPE: trans 0.8176 | rot 0.02465 (0.999 deg)
Matched 270 keypoints
[INFO] [1790552877.323361671] [pose_estimator]: RANSAC: 219 inliers / 270, 28 iterations
[INFO] [1790552877.323558504] [pose_estimator]: RPE: trans 0.1617 | rot 0.00624 (0.253 deg)
Matched 271 keypoints
[INFO] [1790552877.453656504] [pose_estimator]: RANSAC: 214 inliers / 271, 40 iterations
[INFO] [1790552877.453829462] [pose_estimator]: RPE: trans 0.2726 | rot 0.00293 (0.119 deg)
Matched 243 keypoints
[INFO] [1790552877.563166504] [pose_estimator]: RANSAC: 208 inliers / 243, 36 iterations
[INFO] [1790552877.563323004] [pose_estimator]: RPE: trans 0.1735 | rot 0.00856 (0.347 deg)
Matched 236 keypoints
[INFO] [1790552877.673326212] [pose_estimator]: RANSAC: 191 inliers / 236, 30 iterations
[INFO] [1790552877.673505754] [pose_estimator]: RPE: trans 0.7019 | rot 0.01427 (0.578 deg)
Matched 252 keypoints
[INFO] [1790552877.782346921] [pose_estimator]: RANSAC: 206 inliers / 252, 26 iterations
[INFO] [1790552877.782545254] [pose_estimator]: RPE: trans 0.4207 | rot 0.01128 (0.457 deg)
Matched 252 keypoints
[INFO] [1790552877.927007004] [pose_estimator]: RANSAC: 217 inliers / 252, 16 iterations
[INFO] [1790552877.927161171] [pose_estimator]: RPE: trans 0.3699 | rot 0.00985 (0.399 deg)
Matched 259 keypoints
[INFO] [1790552878.039201629] [pose_estimator]: RANSAC: 217 inliers / 259, 21 iterations
[INFO] [1790552878.039354129] [pose_estimator]: RPE: trans 0.3198 | rot 0.00846 (0.343 deg)
Matched 272 keypoints
[INFO] [1790552878.155911338] [pose_estimator]: RANSAC: 223 inliers / 272, 26 iterations
[INFO] [1790552878.157470629] [pose_estimator]: RPE: trans 0.6058 | rot 0.00948 (0.384 deg)
Matched 239 keypoints
[INFO] [1790552878.286678171] [pose_estimator]: RANSAC: 202 inliers / 239, 19 iterations
[INFO] [1790552878.286874088] [pose_estimator]: RPE: trans 0.1221 | rot 0.00518 (0.210 deg)
Matched 291 keypoints
[INFO] [1790552878.398656838] [pose_estimator]: RANSAC: 231 inliers / 291, 35 iterations
[INFO] [1790552878.398828963] [pose_estimator]: RPE: trans 0.2305 | rot 0.00920 (0.373 deg)
Matched 326 keypoints
[INFO] [1790552878.511053713] [pose_estimator]: RANSAC: 260 inliers / 326, 33 iterations
[INFO] [1790552878.511239838] [pose_estimator]: RPE: trans 1.0089 | rot 0.03529 (1.430 deg)
Matched 298 keypoints
[INFO] [1790552878.643509838] [pose_estimator]: RANSAC: 252 inliers / 298, 21 iterations
[INFO] [1790552878.643700213] [pose_estimator]: RPE: trans 0.2288 | rot 0.00939 (0.381 deg)
Matched 298 keypoints
[INFO] [1790552878.774879380] [pose_estimator]: RANSAC: 247 inliers / 298, 23 iterations
[INFO] [1790552878.775053296] [pose_estimator]: RPE: trans 0.1470 | rot 0.00718 (0.291 deg)
Matched 350 keypoints
[INFO] [1790552878.891790338] [pose_estimator]: RANSAC: 286 inliers / 350, 26 iterations
[INFO] [1790552878.891974255] [pose_estimator]: RPE: trans 0.2474 | rot 0.00921 (0.373 deg)
Matched 375 keypoints
[INFO] [1790552879.030623338] [pose_estimator]: RANSAC: 294 inliers / 375, 39 iterations
[INFO] [1790552879.031377421] [pose_estimator]: RPE: trans 0.3890 | rot 0.01524 (0.618 deg)
Matched 401 keypoints
[INFO] [1790552879.155736588] [pose_estimator]: RANSAC: 314 inliers / 401, 44 iterations
[INFO] [1790552879.155900088] [pose_estimator]: RPE: trans 0.3247 | rot 0.01257 (0.509 deg)
Matched 414 keypoints
[INFO] [1790552879.288430922] [pose_estimator]: RANSAC: 331 inliers / 414, 33 iterations
[INFO] [1790552879.288607088] [pose_estimator]: RPE: trans 0.1740 | rot 0.00515 (0.209 deg)
Matched 379 keypoints
[INFO] [1790552879.431067380] [pose_estimator]: RANSAC: 299 inliers / 379, 37 iterations
[INFO] [1790552879.431232380] [pose_estimator]: RPE: trans 0.2445 | rot 0.00290 (0.117 deg)
Matched 357 keypoints
[INFO] [1790552879.550589505] [pose_estimator]: RANSAC: 259 inliers / 357, 86 iterations
[INFO] [1790552879.550774422] [pose_estimator]: RPE: trans 0.4438 | rot 0.00992 (0.402 deg)
Matched 320 keypoints
[INFO] [1790552879.669166630] [pose_estimator]: RANSAC: 228 inliers / 320, 104 iterations
[INFO] [1790552879.669354963] [pose_estimator]: RPE: trans 0.0295 | rot 0.00202 (0.082 deg)
Matched 363 keypoints
[INFO] [1790552879.790144297] [pose_estimator]: RANSAC: 284 inliers / 363, 40 iterations
[INFO] [1790552879.790306880] [pose_estimator]: RPE: trans 0.5398 | rot 0.00695 (0.282 deg)
Matched 323 keypoints
[INFO] [1790552879.905017255] [pose_estimator]: RANSAC: 264 inliers / 323, 26 iterations
[INFO] [1790552879.905199089] [pose_estimator]: RPE: trans 0.0418 | rot 0.00055 (0.022 deg)
Matched 322 keypoints
[INFO] [1790552880.023972505] [pose_estimator]: RANSAC: 259 inliers / 322, 51 iterations
[INFO] [1790552880.024213172] [pose_estimator]: RPE: trans 0.1317 | rot 0.00346 (0.140 deg)
Matched 356 keypoints
[INFO] [1790552880.151878255] [pose_estimator]: RANSAC: 288 inliers / 356, 29 iterations
[INFO] [1790552880.152085839] [pose_estimator]: RPE: trans 0.4498 | rot 0.00864 (0.350 deg)
Matched 349 keypoints
[INFO] [1790552880.274941880] [pose_estimator]: RANSAC: 280 inliers / 349, 32 iterations
[INFO] [1790552880.275123505] [pose_estimator]: RPE: trans 0.1286 | rot 0.00288 (0.117 deg)
Matched 354 keypoints
[INFO] [1790552880.414087214] [pose_estimator]: RANSAC: 283 inliers / 354, 33 iterations
[INFO] [1790552880.414243172] [pose_estimator]: RPE: trans 0.0770 | rot 0.00239 (0.097 deg)
Matched 342 keypoints
[INFO] [1790552880.539904422] [pose_estimator]: RANSAC: 277 inliers / 342, 29 iterations
[INFO] [1790552880.540091547] [pose_estimator]: RPE: trans 0.0340 | rot 0.00158 (0.064 deg)
Matched 320 keypoints
[INFO] [1790552880.670327881] [pose_estimator]: RANSAC: 253 inliers / 320, 36 iterations
[INFO] [1790552880.670524589] [pose_estimator]: RPE: trans 0.2622 | rot 0.00731 (0.296 deg)
Matched 294 keypoints
[INFO] [1790552880.800205589] [pose_estimator]: RANSAC: 220 inliers / 294, 61 iterations
[INFO] [1790552880.801281922] [pose_estimator]: RPE: trans 0.1094 | rot 0.00416 (0.169 deg)
Matched 326 keypoints
[INFO] [1790552880.929527756] [pose_estimator]: RANSAC: 261 inliers / 326, 35 iterations
[INFO] [1790552880.929733006] [pose_estimator]: RPE: trans 0.1562 | rot 0.00380 (0.154 deg)
Matched 329 keypoints
[INFO] [1790552881.064413839] [pose_estimator]: RANSAC: 255 inliers / 329, 44 iterations
[INFO] [1790552881.064618006] [pose_estimator]: RPE: trans 0.1006 | rot 0.00234 (0.095 deg)
Matched 321 keypoints
[INFO] [1790552881.204684256] [pose_estimator]: RANSAC: 241 inliers / 321, 59 iterations
[INFO] [1790552881.204910214] [pose_estimator]: RPE: trans 0.5053 | rot 0.01241 (0.503 deg)
Matched 342 keypoints
[INFO] [1790552881.345000756] [pose_estimator]: RANSAC: 275 inliers / 342, 38 iterations
[INFO] [1790552881.345223006] [pose_estimator]: RPE: trans 0.1619 | rot 0.00342 (0.138 deg)
Matched 317 keypoints
[INFO] [1790552881.462527256] [pose_estimator]: RANSAC: 260 inliers / 317, 26 iterations
[INFO] [1790552881.462715173] [pose_estimator]: RPE: trans 0.0995 | rot 0.00427 (0.173 deg)
Matched 384 keypoints
[INFO] [1790552881.581988964] [pose_estimator]: RANSAC: 311 inliers / 384, 29 iterations
[INFO] [1790552881.582221339] [pose_estimator]: RPE: trans 0.2713 | rot 0.00353 (0.143 deg)
Matched 342 keypoints
[INFO] [1790552881.716390173] [pose_estimator]: RANSAC: 279 inliers / 342, 47 iterations
[INFO] [1790552881.720901131] [pose_estimator]: RPE: trans 0.1959 | rot 0.00714 (0.289 deg)
Matched 362 keypoints
[INFO] [1790552881.867691464] [pose_estimator]: RANSAC: 299 inliers / 362, 25 iterations
[INFO] [1790552881.867884923] [pose_estimator]: RPE: trans 0.4535 | rot 0.01248 (0.506 deg)
Matched 337 keypoints
[INFO] [1790552882.005517298] [pose_estimator]: RANSAC: 274 inliers / 337, 50 iterations
[INFO] [1790552882.005708381] [pose_estimator]: RPE: trans 0.0392 | rot 0.00263 (0.107 deg)
Matched 340 keypoints
[INFO] [1790552882.143122965] [pose_estimator]: RANSAC: 292 inliers / 340, 44 iterations
[INFO] [1790552882.143328840] [pose_estimator]: RPE: trans 0.0573 | rot 0.00168 (0.068 deg)
Matched 331 keypoints
[INFO] [1790552882.280702965] [pose_estimator]: RANSAC: 277 inliers / 331, 21 iterations
[INFO] [1790552882.280884798] [pose_estimator]: RPE: trans 0.0702 | rot 0.00277 (0.112 deg)
Matched 317 keypoints
[INFO] [1790552882.439691340] [pose_estimator]: RANSAC: 271 inliers / 317, 17 iterations
[INFO] [1790552882.439884173] [pose_estimator]: RPE: trans 0.2040 | rot 0.00790 (0.320 deg)
Matched 358 keypoints
[INFO] [1790552882.556241756] [pose_estimator]: RANSAC: 303 inliers / 358, 19 iterations
[INFO] [1790552882.556419006] [pose_estimator]: RPE: trans 0.2373 | rot 0.00465 (0.188 deg)
Matched 368 keypoints
[INFO] [1790552882.692467965] [pose_estimator]: RANSAC: 314 inliers / 368, 17 iterations
[INFO] [1790552882.692685673] [pose_estimator]: RPE: trans 0.1589 | rot 0.00277 (0.112 deg)
Matched 363 keypoints
[INFO] [1790552882.823562673] [pose_estimator]: RANSAC: 313 inliers / 363, 16 iterations
[INFO] [1790552882.823752340] [pose_estimator]: RPE: trans 0.1168 | rot 0.00285 (0.115 deg)
Matched 386 keypoints
[INFO] [1790552882.958518465] [pose_estimator]: RANSAC: 323 inliers / 386, 21 iterations
[INFO] [1790552882.958713923] [pose_estimator]: RPE: trans 0.5724 | rot 0.00827 (0.335 deg)
Matched 332 keypoints
[INFO] [1790552883.078551923] [pose_estimator]: RANSAC: 276 inliers / 332, 22 iterations
[INFO] [1790552883.078740465] [pose_estimator]: RPE: trans 0.1618 | rot 0.00610 (0.247 deg)
Matched 359 keypoints
[INFO] [1790552883.207968882] [pose_estimator]: RANSAC: 307 inliers / 359, 17 iterations
[INFO] [1790552883.208139090] [pose_estimator]: RPE: trans 0.2616 | rot 0.00947 (0.384 deg)
Matched 361 keypoints
[INFO] [1790552883.325314048] [pose_estimator]: RANSAC: 305 inliers / 361, 19 iterations
[INFO] [1790552883.325500507] [pose_estimator]: RPE: trans 0.0370 | rot 0.00153 (0.062 deg)
Matched 353 keypoints
[INFO] [1790552883.459549590] [pose_estimator]: RANSAC: 294 inliers / 353, 22 iterations
[INFO] [1790552883.462184924] [pose_estimator]: RPE: trans 0.0818 | rot 0.00328 (0.133 deg)
Matched 390 keypoints
[INFO] [1790552883.604090757] [pose_estimator]: RANSAC: 329 inliers / 390, 19 iterations
[INFO] [1790552883.604274090] [pose_estimator]: RPE: trans 0.3017 | rot 0.00405 (0.164 deg)
Matched 337 keypoints
[INFO] [1790552883.737444132] [pose_estimator]: RANSAC: 276 inliers / 337, 26 iterations
[INFO] [1790552883.737616840] [pose_estimator]: RPE: trans 0.0945 | rot 0.00405 (0.164 deg)
Matched 401 keypoints
[INFO] [1790552883.875174674] [pose_estimator]: RANSAC: 331 inliers / 401, 24 iterations
[INFO] [1790552883.875326132] [pose_estimator]: RPE: trans 0.3160 | rot 0.00442 (0.179 deg)
Matched 388 keypoints
[INFO] [1790552884.006013674] [pose_estimator]: RANSAC: 329 inliers / 388, 18 iterations
[INFO] [1790552884.006208382] [pose_estimator]: RPE: trans 0.2394 | rot 0.00511 (0.207 deg)
Matched 403 keypoints
[INFO] [1790552884.146715091] [pose_estimator]: RANSAC: 343 inliers / 403, 18 iterations
[INFO] [1790552884.146889924] [pose_estimator]: RPE: trans 0.5403 | rot 0.02201 (0.892 deg)
Matched 405 keypoints
[INFO] [1790552884.271506216] [pose_estimator]: RANSAC: 345 inliers / 405, 18 iterations
[INFO] [1790552884.271678966] [pose_estimator]: RPE: trans 0.0525 | rot 0.00166 (0.067 deg)
Matched 372 keypoints
[INFO] [1790552884.396830382] [pose_estimator]: RANSAC: 302 inliers / 372, 28 iterations
[INFO] [1790552884.396980049] [pose_estimator]: RPE: trans 0.3155 | rot 0.01039 (0.421 deg)
Matched 381 keypoints
[INFO] [1790552884.535185882] [pose_estimator]: RANSAC: 322 inliers / 381, 19 iterations
[INFO] [1790552884.535593757] [pose_estimator]: RPE: trans 0.0574 | rot 0.00240 (0.097 deg)
Matched 440 keypoints
[INFO] [1790552884.658338007] [pose_estimator]: RANSAC: 372 inliers / 440, 19 iterations
[INFO] [1790552884.658504424] [pose_estimator]: RPE: trans 0.0680 | rot 0.00073 (0.030 deg)
Matched 377 keypoints
[INFO] [1790552884.798573091] [pose_estimator]: RANSAC: 304 inliers / 377, 30 iterations
[INFO] [1790552884.798722799] [pose_estimator]: RPE: trans 0.3054 | rot 0.01582 (0.641 deg)
Matched 404 keypoints
[INFO] [1790552884.940305633] [pose_estimator]: RANSAC: 334 inliers / 404, 24 iterations
[INFO] [1790552884.940519216] [pose_estimator]: RPE: trans 0.1365 | rot 0.00590 (0.239 deg)
Matched 474 keypoints
[INFO] [1790552885.066454091] [pose_estimator]: RANSAC: 401 inliers / 474, 19 iterations
[INFO] [1790552885.066632174] [pose_estimator]: RPE: trans 0.8524 | rot 0.01515 (0.614 deg)
Matched 494 keypoints
[INFO] [1790552885.203282966] [pose_estimator]: RANSAC: 418 inliers / 494, 19 iterations
[INFO] [1790552885.203440424] [pose_estimator]: RPE: trans 0.1392 | rot 0.00367 (0.149 deg)
Matched 433 keypoints
[INFO] [1790552885.331255841] [pose_estimator]: RANSAC: 382 inliers / 433, 12 iterations
[INFO] [1790552885.331431216] [pose_estimator]: RPE: trans 0.0369 | rot 0.00138 (0.056 deg)
Matched 467 keypoints
[INFO] [1790552885.464740133] [pose_estimator]: RANSAC: 411 inliers / 467, 13 iterations
[INFO] [1790552885.464914133] [pose_estimator]: RPE: trans 0.8347 | rot 0.01401 (0.567 deg)
Matched 393 keypoints
[INFO] [1790552885.592609508] [pose_estimator]: RANSAC: 314 inliers / 393, 33 iterations
[INFO] [1790552885.592795800] [pose_estimator]: RPE: trans 0.0246 | rot 0.00105 (0.043 deg)
Matched 413 keypoints
[INFO] [1790552885.750107591] [pose_estimator]: RANSAC: 346 inliers / 413, 22 iterations
[INFO] [1790552885.750297966] [pose_estimator]: RPE: trans 0.0565 | rot 0.00448 (0.182 deg)
Matched 427 keypoints
[INFO] [1790552885.880516466] [pose_estimator]: RANSAC: 370 inliers / 427, 15 iterations
[INFO] [1790552885.880685966] [pose_estimator]: RPE: trans 0.0330 | rot 0.00104 (0.042 deg)
Matched 466 keypoints
[INFO] [1790552886.014205633] [pose_estimator]: RANSAC: 408 inliers / 466, 13 iterations
[INFO] [1790552886.014393300] [pose_estimator]: RPE: trans 0.4736 | rot 0.00701 (0.284 deg)
Matched 379 keypoints
[INFO] [1790552886.163186800] [pose_estimator]: RANSAC: 319 inliers / 379, 20 iterations
[INFO] [1790552886.163369133] [pose_estimator]: RPE: trans 0.0184 | rot 0.00099 (0.040 deg)
Matched 359 keypoints
[INFO] [1790552886.327689508] [pose_estimator]: RANSAC: 283 inliers / 359, 38 iterations
[INFO] [1790552886.327855300] [pose_estimator]: RPE: trans 0.0260 | rot 0.00136 (0.055 deg)
Matched 350 keypoints
[INFO] [1790552886.443472008] [pose_estimator]: RANSAC: 293 inliers / 350, 21 iterations
[INFO] [1790552886.443656967] [pose_estimator]: RPE: trans 0.0240 | rot 0.00078 (0.032 deg)
Matched 347 keypoints
[INFO] [1790552886.589237967] [pose_estimator]: RANSAC: 290 inliers / 347, 21 iterations
[INFO] [1790552886.589422633] [pose_estimator]: RPE: trans 0.0713 | rot 0.00220 (0.089 deg)
Matched 368 keypoints
[INFO] [1790552886.722900550] [pose_estimator]: RANSAC: 306 inliers / 368, 22 iterations
[INFO] [1790552886.723075383] [pose_estimator]: RPE: trans 0.0300 | rot 0.00107 (0.043 deg)
Matched 323 keypoints
[INFO] [1790552886.854445508] [pose_estimator]: RANSAC: 287 inliers / 323, 11 iterations
[INFO] [1790552886.854638217] [pose_estimator]: RPE: trans 0.0462 | rot 0.00210 (0.085 deg)
Matched 347 keypoints
[INFO] [1790552886.972070592] [pose_estimator]: RANSAC: 275 inliers / 347, 35 iterations
[INFO] [1790552886.972246509] [pose_estimator]: RPE: trans 0.1036 | rot 0.00254 (0.103 deg)
Matched 309 keypoints
[INFO] [1790552887.126995092] [pose_estimator]: RANSAC: 272 inliers / 309, 13 iterations
[INFO] [1790552887.127177634] [pose_estimator]: RPE: trans 0.0287 | rot 0.00194 (0.079 deg)
Matched 321 keypoints
[INFO] [1790552887.255535884] [pose_estimator]: RANSAC: 268 inliers / 321, 21 iterations
[INFO] [1790552887.255715717] [pose_estimator]: RPE: trans 0.0076 | rot 0.00114 (0.046 deg)
Matched 317 keypoints
[INFO] [1790552887.375860175] [pose_estimator]: RANSAC: 274 inliers / 317, 15 iterations
[INFO] [1790552887.376027967] [pose_estimator]: RPE: trans 0.0491 | rot 0.00159 (0.064 deg)
Matched 345 keypoints
[INFO] [1790552887.516661384] [pose_estimator]: RANSAC: 285 inliers / 345, 24 iterations
[INFO] [1790552887.516836634] [pose_estimator]: RPE: trans 0.1079 | rot 0.00262 (0.106 deg)
Matched 299 keypoints
[INFO] [1790552887.634272509] [pose_estimator]: RANSAC: 247 inliers / 299, 24 iterations
[INFO] [1790552887.634435509] [pose_estimator]: RPE: trans 0.0927 | rot 0.00344 (0.139 deg)
Matched 349 keypoints
[INFO] [1790552887.749817342] [pose_estimator]: RANSAC: 288 inliers / 349, 24 iterations
[INFO] [1790552887.749999092] [pose_estimator]: RPE: trans 0.0034 | rot 0.00070 (0.028 deg)
Matched 307 keypoints
[INFO] [1790552887.899343384] [pose_estimator]: RANSAC: 250 inliers / 307, 27 iterations
[INFO] [1790552887.899505051] [pose_estimator]: RPE: trans 0.1225 | rot 0.00399 (0.162 deg)
Matched 320 keypoints
[INFO] [1790552888.046289176] [pose_estimator]: RANSAC: 263 inliers / 320, 25 iterations
[INFO] [1790552888.046467926] [pose_estimator]: RPE: trans 0.0737 | rot 0.00321 (0.130 deg)
Matched 333 keypoints
[INFO] [1790552888.168195884] [pose_estimator]: RANSAC: 276 inliers / 333, 23 iterations
[INFO] [1790552888.168380384] [pose_estimator]: RPE: trans 0.0499 | rot 0.00268 (0.108 deg)
Matched 348 keypoints
[INFO] [1790552888.284627051] [pose_estimator]: RANSAC: 293 inliers / 348, 20 iterations
[INFO] [1790552888.284790551] [pose_estimator]: RPE: trans 0.0024 | rot 0.00078 (0.032 deg)
Matched 337 keypoints
[INFO] [1790552888.460928843] [pose_estimator]: RANSAC: 272 inliers / 337, 30 iterations
[INFO] [1790552888.461107676] [pose_estimator]: RPE: trans 0.0073 | rot 0.00189 (0.077 deg)
Matched 322 keypoints
[INFO] [1790552888.576612968] [pose_estimator]: RANSAC: 279 inliers / 322, 15 iterations
[INFO] [1790552888.576809426] [pose_estimator]: RPE: trans 0.0443 | rot 0.00280 (0.113 deg)
Matched 315 keypoints
[INFO] [1790552888.932872843] [pose_estimator]: RANSAC: 255 inliers / 315, 29 iterations
[INFO] [1790552888.933243676] [pose_estimator]: RPE: trans 0.2346 | rot 0.00493 (0.200 deg)
Matched 270 keypoints
[INFO] [1790552889.047550801] [pose_estimator]: RANSAC: 226 inliers / 270, 21 iterations
[INFO] [1790552889.047745218] [pose_estimator]: RPE: trans 0.0317 | rot 0.00237 (0.096 deg)
Matched 275 keypoints
[INFO] [1790552889.426130635] [pose_estimator]: RANSAC: 231 inliers / 275, 20 iterations
[INFO] [1790552889.429526426] [pose_estimator]: RPE: trans 0.0145 | rot 0.00067 (0.027 deg)
Matched 265 keypoints
[INFO] [1790552889.541449135] [pose_estimator]: RANSAC: 211 inliers / 265, 34 iterations
[INFO] [1790552889.541640468] [pose_estimator]: RPE: trans 0.0077 | rot 0.00058 (0.023 deg)
Matched 265 keypoints
[INFO] [1790552889.678949260] [pose_estimator]: RANSAC: 231 inliers / 265, 14 iterations
[INFO] [1790552889.680423593] [pose_estimator]: RPE: trans 0.0296 | rot 0.00129 (0.052 deg)
Matched 259 keypoints
[INFO] [1790552889.861478302] [pose_estimator]: RANSAC: 218 inliers / 259, 20 iterations
[INFO] [1790552889.861655427] [pose_estimator]: RPE: trans 0.4414 | rot 0.01011 (0.409 deg)
Matched 228 keypoints
[INFO] [1790552889.970683718] [pose_estimator]: RANSAC: 182 inliers / 228, 33 iterations
[INFO] [1790552889.970869260] [pose_estimator]: RPE: trans 0.0206 | rot 0.00101 (0.041 deg)
Matched 238 keypoints
[INFO] [1790552890.106328552] [pose_estimator]: RANSAC: 202 inliers / 238, 18 iterations
[INFO] [1790552890.119621843] [pose_estimator]: RPE: trans 0.4524 | rot 0.01084 (0.439 deg)
Matched 231 keypoints
[INFO] [1790552890.247748968] [pose_estimator]: RANSAC: 182 inliers / 231, 39 iterations
[INFO] [1790552890.261640635] [pose_estimator]: RPE: trans 0.0273 | rot 0.00083 (0.034 deg)
Matched 240 keypoints
[INFO] [1790552890.454184760] [pose_estimator]: RANSAC: 198 inliers / 240, 31 iterations
[INFO] [1790552890.454357344] [pose_estimator]: RPE: trans 0.0238 | rot 0.00167 (0.068 deg)
Matched 212 keypoints
[INFO] [1790552890.588643719] [pose_estimator]: RANSAC: 177 inliers / 212, 21 iterations
[INFO] [1790552890.591302802] [pose_estimator]: RPE: trans 0.0196 | rot 0.00201 (0.082 deg)
Matched 239 keypoints
[INFO] [1790552890.702333469] [pose_estimator]: RANSAC: 198 inliers / 239, 25 iterations
[INFO] [1790552890.702524177] [pose_estimator]: RPE: trans 0.0919 | rot 0.00077 (0.031 deg)
Matched 233 keypoints
[INFO] [1790552890.808689219] [pose_estimator]: RANSAC: 188 inliers / 233, 30 iterations
[INFO] [1790552890.808869302] [pose_estimator]: RPE: trans 0.0317 | rot 0.00032 (0.013 deg)
Matched 218 keypoints
[INFO] [1790552891.378955844] [pose_estimator]: RANSAC: 170 inliers / 218, 55 iterations
[INFO] [1790552891.379120094] [pose_estimator]: RPE: trans 0.3076 | rot 0.01055 (0.428 deg)
Matched 155 keypoints
[INFO] [1790552891.515537927] [pose_estimator]: RANSAC: 125 inliers / 155, 30 iterations
[INFO] [1790552891.515681386] [pose_estimator]: RPE: trans 0.0284 | rot 0.00320 (0.130 deg)
Matched 189 keypoints
[INFO] [1790552891.621197719] [pose_estimator]: RANSAC: 140 inliers / 189, 67 iterations
[INFO] [1790552891.621375469] [pose_estimator]: RPE: trans 0.4509 | rot 0.01548 (0.627 deg)
Matched 196 keypoints
[INFO] [1790552891.724875011] [pose_estimator]: RANSAC: 153 inliers / 196, 41 iterations
[INFO] [1790552891.725037677] [pose_estimator]: RPE: trans 0.4059 | rot 0.00500 (0.202 deg)
Matched 218 keypoints
[INFO] [1790552891.829388428] [pose_estimator]: RANSAC: 169 inliers / 218, 49 iterations
[INFO] [1790552891.829572719] [pose_estimator]: RPE: trans 0.0786 | rot 0.00155 (0.063 deg)
Matched 203 keypoints
[INFO] [1790552891.940451761] [pose_estimator]: RANSAC: 165 inliers / 203, 28 iterations
[INFO] [1790552891.940653344] [pose_estimator]: RPE: trans 0.4963 | rot 0.00599 (0.243 deg)
Matched 214 keypoints
[INFO] [1790552892.066847094] [pose_estimator]: RANSAC: 185 inliers / 214, 15 iterations
[INFO] [1790552892.067011678] [pose_estimator]: RPE: trans 0.0218 | rot 0.00146 (0.059 deg)
Matched 235 keypoints
[INFO] [1790552892.221911761] [pose_estimator]: RANSAC: 193 inliers / 235, 28 iterations
[INFO] [1790552892.222114219] [pose_estimator]: RPE: trans 0.5539 | rot 0.01174 (0.476 deg)
Matched 191 keypoints
[INFO] [1790552892.328704428] [pose_estimator]: RANSAC: 147 inliers / 191, 47 iterations
[INFO] [1790552892.328863011] [pose_estimator]: RPE: trans 0.3622 | rot 0.00924 (0.374 deg)
Matched 214 keypoints
[INFO] [1790552892.467032011] [pose_estimator]: RANSAC: 178 inliers / 214, 22 iterations
[INFO] [1790552892.467176594] [pose_estimator]: RPE: trans 0.0200 | rot 0.00083 (0.034 deg)
Matched 215 keypoints
[INFO] [1790552892.613905720] [pose_estimator]: RANSAC: 179 inliers / 215, 22 iterations
[INFO] [1790552892.614117011] [pose_estimator]: RPE: trans 0.1847 | rot 0.00437 (0.177 deg)
Matched 206 keypoints
[INFO] [1790552892.721561053] [pose_estimator]: RANSAC: 157 inliers / 206, 53 iterations
[INFO] [1790552892.721769261] [pose_estimator]: RPE: trans 0.1207 | rot 0.00492 (0.199 deg)
Matched 204 keypoints
[INFO] [1790552892.831838928] [pose_estimator]: RANSAC: 168 inliers / 204, 25 iterations
[INFO] [1790552892.832001761] [pose_estimator]: RPE: trans 0.2047 | rot 0.00305 (0.124 deg)
Matched 214 keypoints
[INFO] [1790552892.939896136] [pose_estimator]: RANSAC: 171 inliers / 214, 33 iterations
[INFO] [1790552892.940073928] [pose_estimator]: RPE: trans 0.1477 | rot 0.00085 (0.035 deg)
Matched 217 keypoints
[INFO] [1790552893.046187428] [pose_estimator]: RANSAC: 177 inliers / 217, 29 iterations
[INFO] [1790552893.046384095] [pose_estimator]: RPE: trans 0.0177 | rot 0.00165 (0.067 deg)
Matched 226 keypoints
[INFO] [1790552893.150493553] [pose_estimator]: RANSAC: 196 inliers / 226, 15 iterations
[INFO] [1790552893.150666636] [pose_estimator]: RPE: trans 0.0941 | rot 0.00321 (0.130 deg)
Matched 215 keypoints
[INFO] [1790552893.256488178] [pose_estimator]: RANSAC: 173 inliers / 215, 37 iterations
[INFO] [1790552893.259394220] [pose_estimator]: RPE: trans 0.0507 | rot 0.00174 (0.071 deg)
Matched 215 keypoints
[INFO] [1790552893.369280762] [pose_estimator]: RANSAC: 180 inliers / 215, 21 iterations
[INFO] [1790552893.369466345] [pose_estimator]: RPE: trans 0.3616 | rot 0.00375 (0.152 deg)
Matched 198 keypoints
[INFO] [1790552893.475259678] [pose_estimator]: RANSAC: 166 inliers / 198, 21 iterations
[INFO] [1790552893.475430512] [pose_estimator]: RPE: trans 0.5969 | rot 0.00720 (0.292 deg)
Matched 206 keypoints
[INFO] [1790552893.580762553] [pose_estimator]: RANSAC: 172 inliers / 206, 21 iterations
[INFO] [1790552893.580917345] [pose_estimator]: RPE: trans 0.0587 | rot 0.00248 (0.100 deg)
Matched 214 keypoints
[INFO] [1790552893.684129678] [pose_estimator]: RANSAC: 164 inliers / 214, 49 iterations
[INFO] [1790552893.684298553] [pose_estimator]: RPE: trans 0.5184 | rot 0.00729 (0.295 deg)
Matched 184 keypoints
[INFO] [1790552893.818220178] [pose_estimator]: RANSAC: 156 inliers / 184, 18 iterations
[INFO] [1790552893.818393345] [pose_estimator]: RPE: trans 0.0139 | rot 0.00090 (0.037 deg)
Matched 195 keypoints
[INFO] [1790552893.948878595] [pose_estimator]: RANSAC: 156 inliers / 195, 32 iterations
[INFO] [1790552893.949056345] [pose_estimator]: RPE: trans 0.8199 | rot 0.01288 (0.522 deg)
Matched 192 keypoints
[INFO] [1790552894.054968637] [pose_estimator]: RANSAC: 154 inliers / 192, 32 iterations
[INFO] [1790552894.055138679] [pose_estimator]: RPE: trans 0.1010 | rot 0.00412 (0.167 deg)
Matched 206 keypoints
[INFO] [1790552894.198616054] [pose_estimator]: RANSAC: 179 inliers / 206, 14 iterations
[INFO] [1790552894.201522637] [pose_estimator]: RPE: trans 0.5436 | rot 0.00728 (0.295 deg)
Matched 216 keypoints
[INFO] [1790552894.308239054] [pose_estimator]: RANSAC: 160 inliers / 216, 67 iterations
[INFO] [1790552894.308405345] [pose_estimator]: RPE: trans 0.0530 | rot 0.00123 (0.050 deg)
Matched 203 keypoints
[INFO] [1790552894.421130220] [pose_estimator]: RANSAC: 170 inliers / 203, 21 iterations
[INFO] [1790552894.421304345] [pose_estimator]: RPE: trans 0.4872 | rot 0.01206 (0.488 deg)
Matched 212 keypoints
[INFO] [1790552894.532322887] [pose_estimator]: RANSAC: 168 inliers / 212, 36 iterations
[INFO] [1790552894.532517595] [pose_estimator]: RPE: trans 0.0712 | rot 0.00200 (0.081 deg)
Matched 206 keypoints
[INFO] [1790552894.644073262] [pose_estimator]: RANSAC: 174 inliers / 206, 19 iterations
[INFO] [1790552894.645697762] [pose_estimator]: RPE: trans 0.1102 | rot 0.00165 (0.067 deg)
Matched 206 keypoints
[INFO] [1790552894.758417096] [pose_estimator]: RANSAC: 167 inliers / 206, 29 iterations
[INFO] [1790552894.759231512] [pose_estimator]: RPE: trans 0.2157 | rot 0.00606 (0.246 deg)
Matched 172 keypoints
[INFO] [1790552895.236232637] [pose_estimator]: RANSAC: 136 inliers / 172, 36 iterations
[INFO] [1790552895.236393054] [pose_estimator]: RPE: trans 0.0494 | rot 0.00258 (0.104 deg)
Matched 123 keypoints
[INFO] [1790552895.378842429] [pose_estimator]: RANSAC: 85 inliers / 123, 126 iterations
[INFO] [1790552895.379020096] [pose_estimator]: RPE: trans 0.1129 | rot 0.01037 (0.420 deg)
Matched 178 keypoints
[INFO] [1790552895.507552304] [pose_estimator]: RANSAC: 133 inliers / 178, 62 iterations
[INFO] [1790552895.507733304] [pose_estimator]: RPE: trans 0.1703 | rot 0.00453 (0.184 deg)
Matched 159 keypoints
[INFO] [1790552895.616051304] [pose_estimator]: RANSAC: 119 inliers / 159, 113 iterations
[INFO] [1790552895.616281346] [pose_estimator]: RPE: trans 0.1099 | rot 0.00470 (0.190 deg)
Matched 185 keypoints
[INFO] [1790552895.722053054] [pose_estimator]: RANSAC: 139 inliers / 185, 59 iterations
[INFO] [1790552895.722228679] [pose_estimator]: RPE: trans 0.7617 | rot 0.01535 (0.622 deg)
Matched 180 keypoints
[INFO] [1790552895.825513888] [pose_estimator]: RANSAC: 134 inliers / 180, 64 iterations
[INFO] [1790552895.825752471] [pose_estimator]: RPE: trans 0.3931 | rot 0.01331 (0.539 deg)
Matched 167 keypoints
[INFO] [1790552895.928608679] [pose_estimator]: RANSAC: 134 inliers / 167, 32 iterations
[INFO] [1790552895.928784471] [pose_estimator]: RPE: trans 0.1558 | rot 0.00659 (0.267 deg)
Matched 219 keypoints
[INFO] [1790552896.079917638] [pose_estimator]: RANSAC: 155 inliers / 219, 102 iterations
[INFO] [1790552896.081681138] [pose_estimator]: RPE: trans 0.2781 | rot 0.00444 (0.180 deg)
Matched 179 keypoints
[INFO] [1790552896.188766388] [pose_estimator]: RANSAC: 137 inliers / 179, 56 iterations
[INFO] [1790552896.188943221] [pose_estimator]: RPE: trans 0.0505 | rot 0.00139 (0.057 deg)
Matched 224 keypoints
[INFO] [1790552896.298298846] [pose_estimator]: RANSAC: 166 inliers / 224, 66 iterations
[INFO] [1790552896.298496013] [pose_estimator]: RPE: trans 0.2661 | rot 0.01082 (0.439 deg)
Matched 210 keypoints
[INFO] [1790552896.405198055] [pose_estimator]: RANSAC: 162 inliers / 210, 46 iterations
[INFO] [1790552896.405376180] [pose_estimator]: RPE: trans 0.1034 | rot 0.00189 (0.076 deg)
Matched 213 keypoints
[INFO] [1790552896.523417430] [pose_estimator]: RANSAC: 168 inliers / 213, 37 iterations
[INFO] [1790552896.532360221] [pose_estimator]: RPE: trans 0.3547 | rot 0.01485 (0.601 deg)
Matched 212 keypoints
[INFO] [1790552896.687930472] [pose_estimator]: RANSAC: 145 inliers / 212, 139 iterations
[INFO] [1790552896.688096180] [pose_estimator]: RPE: trans 0.0429 | rot 0.00526 (0.213 deg)
Matched 237 keypoints
[INFO] [1790552896.795086347] [pose_estimator]: RANSAC: 178 inliers / 237, 92 iterations
[INFO] [1790552896.795263972] [pose_estimator]: RPE: trans 0.2217 | rot 0.00958 (0.388 deg)
Matched 167 keypoints
[INFO] [1790552896.909420805] [pose_estimator]: RANSAC: 109 inliers / 167, 212 iterations
[INFO] [1790552896.910946472] [pose_estimator]: RPE: trans 0.1076 | rot 0.00607 (0.246 deg)
Matched 168 keypoints
[INFO] [1790552897.017433347] [pose_estimator]: RANSAC: 132 inliers / 168, 43 iterations
[INFO] [1790552897.018920638] [pose_estimator]: RPE: trans 0.2617 | rot 0.00317 (0.128 deg)
Matched 127 keypoints
[INFO] [1790552897.123899180] [pose_estimator]: RANSAC: 102 inliers / 127, 31 iterations
[INFO] [1790552897.124048388] [pose_estimator]: RPE: trans 0.1049 | rot 0.00395 (0.160 deg)
Matched 169 keypoints
[INFO] [1790552897.226969972] [pose_estimator]: RANSAC: 134 inliers / 169, 55 iterations
[INFO] [1790552897.227142555] [pose_estimator]: RPE: trans 0.2080 | rot 0.00493 (0.200 deg)
Matched 179 keypoints
[INFO] [1790552897.328748430] [pose_estimator]: RANSAC: 149 inliers / 179, 22 iterations
[INFO] [1790552897.330531847] [pose_estimator]: RPE: trans 0.6095 | rot 0.01103 (0.447 deg)
Matched 166 keypoints
[INFO] [1790552897.439159889] [pose_estimator]: RANSAC: 134 inliers / 166, 30 iterations
[INFO] [1790552897.439331139] [pose_estimator]: RPE: trans 0.1999 | rot 0.00437 (0.177 deg)
Matched 182 keypoints
[INFO] [1790552897.548892514] [pose_estimator]: RANSAC: 134 inliers / 182, 81 iterations
[INFO] [1790552897.549091472] [pose_estimator]: RPE: trans 0.2817 | rot 0.00462 (0.187 deg)
Matched 178 keypoints
[INFO] [1790552897.653064555] [pose_estimator]: RANSAC: 150 inliers / 178, 23 iterations
[INFO] [1790552897.653269264] [pose_estimator]: RPE: trans 0.2423 | rot 0.00314 (0.127 deg)
Matched 177 keypoints
[INFO] [1790552897.758383889] [pose_estimator]: RANSAC: 153 inliers / 177, 20 iterations
[INFO] [1790552897.758579639] [pose_estimator]: RPE: trans 0.2136 | rot 0.00472 (0.191 deg)
Matched 170 keypoints
[INFO] [1790552897.894214097] [pose_estimator]: RANSAC: 138 inliers / 170, 41 iterations
[INFO] [1790552897.895739180] [pose_estimator]: RPE: trans 0.3188 | rot 0.00630 (0.255 deg)
Matched 161 keypoints
[INFO] [1790552898.044235458] [pose_estimator]: RANSAC: 124 inliers / 161, 69 iterations
[INFO] [1790552898.044438125] [pose_estimator]: RPE: trans 0.1461 | rot 0.00879 (0.356 deg)
Matched 135 keypoints
[INFO] [1790552898.152885791] [pose_estimator]: RANSAC: 95 inliers / 135, 107 iterations
[INFO] [1790552898.153174041] [pose_estimator]: RPE: trans 0.1332 | rot 0.01020 (0.413 deg)
Matched 133 keypoints
[INFO] [1790552898.306248375] [pose_estimator]: RANSAC: 100 inliers / 133, 60 iterations
[INFO] [1790552898.314030583] [pose_estimator]: RPE: trans 0.0511 | rot 0.00476 (0.193 deg)
Matched 137 keypoints
[INFO] [1790552898.419672500] [pose_estimator]: RANSAC: 103 inliers / 137, 58 iterations
[INFO] [1790552898.419876208] [pose_estimator]: RPE: trans 0.9638 | rot 0.04613 (1.869 deg)
Matched 145 keypoints
[INFO] [1790552898.521555375] [pose_estimator]: RANSAC: 108 inliers / 145, 63 iterations
[INFO] [1790552898.521783916] [pose_estimator]: RPE: trans 0.3942 | rot 0.01265 (0.512 deg)
Matched 150 keypoints
[INFO] [1790552898.664000208] [pose_estimator]: RANSAC: 125 inliers / 150, 29 iterations
[INFO] [1790552898.664193666] [pose_estimator]: RPE: trans 0.2422 | rot 0.00323 (0.131 deg)
Matched 137 keypoints
[INFO] [1790552898.776010375] [pose_estimator]: RANSAC: 102 inliers / 137, 64 iterations
[INFO] [1790552898.778661917] [pose_estimator]: RPE: trans 0.6431 | rot 0.00485 (0.197 deg)
Matched 113 keypoints
[INFO] [1790552898.961848292] [pose_estimator]: RANSAC: 86 inliers / 113, 52 iterations
[INFO] [1790552898.962024417] [pose_estimator]: RPE: trans 0.3352 | rot 0.01435 (0.582 deg)
Matched 148 keypoints
[INFO] [1790552899.092823583] [pose_estimator]: RANSAC: 109 inliers / 148, 70 iterations
[INFO] [1790552899.093029292] [pose_estimator]: RPE: trans 0.4274 | rot 0.00906 (0.367 deg)
Matched 153 keypoints
[INFO] [1790552899.203524250] [pose_estimator]: RANSAC: 123 inliers / 153, 31 iterations
[INFO] [1790552899.203737333] [pose_estimator]: RPE: trans 0.2423 | rot 0.01358 (0.550 deg)
Matched 154 keypoints
[INFO] [1790552899.349664125] [pose_estimator]: RANSAC: 118 inliers / 154, 60 iterations
[INFO] [1790552899.349831833] [pose_estimator]: RPE: trans 0.1929 | rot 0.01123 (0.455 deg)
Matched 140 keypoints
[INFO] [1790552899.477564209] [pose_estimator]: RANSAC: 119 inliers / 140, 18 iterations
[INFO] [1790552899.477731667] [pose_estimator]: RPE: trans 0.1533 | rot 0.00472 (0.191 deg)
Matched 156 keypoints
[INFO] [1790552899.605163542] [pose_estimator]: RANSAC: 102 inliers / 156, 227 iterations
[INFO] [1790552899.607138959] [pose_estimator]: RPE: trans 0.1797 | rot 0.00746 (0.302 deg)
Matched 144 keypoints
[INFO] [1790552899.737856792] [pose_estimator]: RANSAC: 93 inliers / 144, 234 iterations
[INFO] [1790552899.738043500] [pose_estimator]: RPE: trans 0.4955 | rot 0.01114 (0.451 deg)
Matched 120 keypoints
[INFO] [1790552899.842316250] [pose_estimator]: RANSAC: 89 inliers / 120, 66 iterations
[INFO] [1790552899.842555500] [pose_estimator]: RPE: trans 0.1203 | rot 0.00443 (0.179 deg)
Matched 164 keypoints
[INFO] [1790552899.971241875] [pose_estimator]: RANSAC: 138 inliers / 164, 78 iterations
[INFO] [1790552899.971421792] [pose_estimator]: RPE: trans 0.1120 | rot 0.00618 (0.251 deg)
Matched 145 keypoints
[INFO] [1790552900.105538417] [pose_estimator]: RANSAC: 104 inliers / 145, 106 iterations
[INFO] [1790552900.105716667] [pose_estimator]: RPE: trans 0.1232 | rot 0.00452 (0.183 deg)
Matched 164 keypoints
[INFO] [1790552900.208211209] [pose_estimator]: RANSAC: 134 inliers / 164, 27 iterations
[INFO] [1790552900.208388209] [pose_estimator]: RPE: trans 0.4073 | rot 0.00528 (0.214 deg)
Matched 163 keypoints
[INFO] [1790552900.339983001] [pose_estimator]: RANSAC: 114 inliers / 163, 113 iterations
[INFO] [1790552900.340185376] [pose_estimator]: RPE: trans 0.1946 | rot 0.00423 (0.171 deg)
Matched 174 keypoints
[INFO] [1790552900.449798417] [pose_estimator]: RANSAC: 126 inliers / 174, 82 iterations
[INFO] [1790552900.450502584] [pose_estimator]: RPE: trans 0.2983 | rot 0.00459 (0.186 deg)
Matched 174 keypoints
[INFO] [1790552901.073791209] [pose_estimator]: RANSAC: 135 inliers / 174, 43 iterations
[INFO] [1790552901.076026126] [pose_estimator]: RPE: trans 0.2111 | rot 0.00805 (0.326 deg)
Matched 119 keypoints
[INFO] [1790552901.189325043] [pose_estimator]: RANSAC: 95 inliers / 119, 225 iterations
[INFO] [1790552901.189513043] [pose_estimator]: RPE: trans 0.0202 | rot 0.00700 (0.283 deg)
Matched 189 keypoints
[INFO] [1790552901.312760376] [pose_estimator]: RANSAC: 142 inliers / 189, 59 iterations
[INFO] [1790552901.315868209] [pose_estimator]: RPE: trans 0.4471 | rot 0.00510 (0.207 deg)
Matched 203 keypoints
[INFO] [1790552901.478548626] [pose_estimator]: RANSAC: 163 inliers / 203, 35 iterations
[INFO] [1790552901.478956834] [pose_estimator]: RPE: trans 0.1886 | rot 0.00489 (0.198 deg)
Matched 175 keypoints
[INFO] [1790552901.591480793] [pose_estimator]: RANSAC: 118 inliers / 175, 158 iterations
[INFO] [1790552901.592563793] [pose_estimator]: RPE: trans 0.1810 | rot 0.00363 (0.147 deg)
Matched 199 keypoints
[INFO] [1790552901.705166710] [pose_estimator]: RANSAC: 157 inliers / 199, 47 iterations
[INFO] [1790552901.705333293] [pose_estimator]: RPE: trans 0.2849 | rot 0.00504 (0.204 deg)
Matched 214 keypoints
[INFO] [1790552901.821002876] [pose_estimator]: RANSAC: 177 inliers / 214, 24 iterations
[INFO] [1790552901.821851376] [pose_estimator]: RPE: trans 0.1579 | rot 0.00311 (0.126 deg)
Matched 212 keypoints
[INFO] [1790552901.935675460] [pose_estimator]: RANSAC: 178 inliers / 212, 75 iterations
[INFO] [1790552901.938690960] [pose_estimator]: RPE: trans 0.4049 | rot 0.00285 (0.115 deg)
Matched 197 keypoints
[INFO] [1790552902.061795960] [pose_estimator]: RANSAC: 163 inliers / 197, 23 iterations
[INFO] [1790552902.063432210] [pose_estimator]: RPE: trans 0.2983 | rot 0.01013 (0.410 deg)
Matched 218 keypoints
[INFO] [1790552902.232268960] [pose_estimator]: RANSAC: 166 inliers / 218, 52 iterations
[INFO] [1790552902.237291543] [pose_estimator]: RPE: trans 1.8694 | rot 0.01181 (0.478 deg)
Matched 182 keypoints
[INFO] [1790552902.420867168] [pose_estimator]: RANSAC: 129 inliers / 182, 100 iterations
[INFO] [1790552902.435243668] [pose_estimator]: RPE: trans 0.9357 | rot 0.01296 (0.525 deg)
Matched 184 keypoints
[INFO] [1790552902.555097127] [pose_estimator]: RANSAC: 144 inliers / 184, 40 iterations
[INFO] [1790552902.555300877] [pose_estimator]: RPE: trans 0.2012 | rot 0.00704 (0.285 deg)
Matched 196 keypoints
[INFO] [1790552902.680678377] [pose_estimator]: RANSAC: 161 inliers / 196, 30 iterations
[INFO] [1790552902.680931002] [pose_estimator]: RPE: trans 0.4895 | rot 0.00765 (0.310 deg)
Matched 201 keypoints
[INFO] [1790552902.806175043] [pose_estimator]: RANSAC: 144 inliers / 201, 91 iterations
[INFO] [1790552902.806695252] [pose_estimator]: RPE: trans 0.6969 | rot 0.01075 (0.436 deg)
Matched 193 keypoints
[INFO] [1790552902.928629585] [pose_estimator]: RANSAC: 161 inliers / 193, 22 iterations
[INFO] [1790552902.941885294] [pose_estimator]: RPE: trans 0.5443 | rot 0.01157 (0.469 deg)
Matched 205 keypoints
[INFO] [1790552903.078766294] [pose_estimator]: RANSAC: 161 inliers / 205, 39 iterations
[INFO] [1790552903.117541252] [pose_estimator]: RPE: trans 1.2741 | rot 0.00876 (0.355 deg)
Matched 183 keypoints
[INFO] [1790552903.302315835] [pose_estimator]: RANSAC: 146 inliers / 183, 33 iterations
[INFO] [1790552903.303328960] [pose_estimator]: RPE: trans 0.1174 | rot 0.00336 (0.136 deg)
Matched 155 keypoints
[INFO] [1790552903.477049460] [pose_estimator]: RANSAC: 117 inliers / 155, 56 iterations
[INFO] [1790552903.485244502] [pose_estimator]: RPE: trans 0.2437 | rot 0.00829 (0.336 deg)
Matched 217 keypoints
[INFO] [1790552903.675214961] [pose_estimator]: RANSAC: 174 inliers / 217, 34 iterations
[INFO] [1790552903.685458169] [pose_estimator]: RPE: trans 0.2267 | rot 0.00246 (0.100 deg)
Matched 227 keypoints
[INFO] [1790552903.871551669] [pose_estimator]: RANSAC: 173 inliers / 227, 51 iterations
[INFO] [1790552903.872305294] [pose_estimator]: RPE: trans 0.3112 | rot 0.00705 (0.286 deg)
Matched 241 keypoints
[INFO] [1790552904.028242919] [pose_estimator]: RANSAC: 193 inliers / 241, 32 iterations
[INFO] [1790552904.028427794] [pose_estimator]: RPE: trans 0.1964 | rot 0.00278 (0.113 deg)
Matched 245 keypoints
[INFO] [1790552904.186174877] [pose_estimator]: RANSAC: 179 inliers / 245, 76 iterations
[INFO] [1790552904.187875419] [pose_estimator]: RPE: trans 0.0191 | rot 0.00195 (0.079 deg)
Matched 279 keypoints
[INFO] [1790552904.346638836] [pose_estimator]: RANSAC: 209 inliers / 279, 60 iterations
[INFO] [1790552904.346823128] [pose_estimator]: RPE: trans 0.7484 | rot 0.01221 (0.495 deg)
Matched 250 keypoints
[INFO] [1790552904.490871878] [pose_estimator]: RANSAC: 190 inliers / 250, 61 iterations
[INFO] [1790552904.491076419] [pose_estimator]: RPE: trans 0.7724 | rot 0.01114 (0.452 deg)
Matched 290 keypoints
[INFO] [1790552904.609706128] [pose_estimator]: RANSAC: 225 inliers / 290, 44 iterations
[INFO] [1790552904.610107169] [pose_estimator]: RPE: trans 0.7516 | rot 0.00588 (0.238 deg)
Matched 260 keypoints
[INFO] [1790552904.733425336] [pose_estimator]: RANSAC: 206 inliers / 260, 36 iterations
[INFO] [1790552904.733597003] [pose_estimator]: RPE: trans 0.3480 | rot 0.00566 (0.229 deg)
Matched 304 keypoints
[INFO] [1790552904.870002794] [pose_estimator]: RANSAC: 227 inliers / 304, 64 iterations
[INFO] [1790552904.870180878] [pose_estimator]: RPE: trans 1.0991 | rot 0.01160 (0.470 deg)
Matched 292 keypoints
[INFO] [1790552904.985386961] [pose_estimator]: RANSAC: 247 inliers / 292, 19 iterations
[INFO] [1790552904.985529794] [pose_estimator]: RPE: trans 1.4806 | rot 0.01694 (0.687 deg)
Matched 311 keypoints
[INFO] [1790552905.105091711] [pose_estimator]: RANSAC: 240 inliers / 311, 60 iterations
[INFO] [1790552905.106195420] [pose_estimator]: RPE: trans 0.9294 | rot 0.00866 (0.351 deg)
Matched 370 keypoints
[INFO] [1790552905.231627670] [pose_estimator]: RANSAC: 274 inliers / 370, 136 iterations
[INFO] [1790552905.231808753] [pose_estimator]: RPE: trans 0.5958 | rot 0.00833 (0.337 deg)
Matched 371 keypoints
[INFO] [1790552905.776812212] [pose_estimator]: RANSAC: 300 inliers / 371, 29 iterations
[INFO] [1790552905.777004087] [pose_estimator]: RPE: trans 0.7151 | rot 0.00464 (0.188 deg)
Matched 304 keypoints
[INFO] [1790552905.917501462] [pose_estimator]: RANSAC: 226 inliers / 304, 122 iterations
[INFO] [1790552905.935594837] [pose_estimator]: RPE: trans 0.1665 | rot 0.00526 (0.213 deg)
Matched 413 keypoints
[INFO] [1790552906.163162587] [pose_estimator]: RANSAC: 331 inliers / 413, 32 iterations
[INFO] [1790552906.163344920] [pose_estimator]: RPE: trans 0.8848 | rot 0.00980 (0.397 deg)
Matched 391 keypoints
[INFO] [1790552906.319866170] [pose_estimator]: RANSAC: 319 inliers / 391, 27 iterations
[INFO] [1790552906.322440128] [pose_estimator]: RPE: trans 1.1224 | rot 0.01628 (0.660 deg)
Matched 358 keypoints
[INFO] [1790552906.478066920] [pose_estimator]: RANSAC: 289 inliers / 358, 62 iterations
[INFO] [1790552906.481857170] [pose_estimator]: RPE: trans 1.7977 | rot 0.01443 (0.585 deg)
Matched 360 keypoints
[INFO] [1790552906.611694670] [pose_estimator]: RANSAC: 297 inliers / 360, 24 iterations
[INFO] [1790552906.611886337] [pose_estimator]: RPE: trans 0.5828 | rot 0.01624 (0.658 deg)
Matched 394 keypoints
[INFO] [1790552906.737324879] [pose_estimator]: RANSAC: 327 inliers / 394, 23 iterations
[INFO] [1790552906.754532545] [pose_estimator]: RPE: trans 1.2051 | rot 0.00690 (0.279 deg)
Matched 437 keypoints
[INFO] [1790552906.914543545] [pose_estimator]: RANSAC: 374 inliers / 437, 31 iterations
[INFO] [1790552906.917403795] [pose_estimator]: RPE: trans 0.8539 | rot 0.01253 (0.508 deg)
Matched 438 keypoints
[INFO] [1790552907.041767545] [pose_estimator]: RANSAC: 364 inliers / 438, 22 iterations
[INFO] [1790552907.042040420] [pose_estimator]: RPE: trans 0.2713 | rot 0.00912 (0.370 deg)
Matched 420 keypoints
[INFO] [1790552907.177839379] [pose_estimator]: RANSAC: 363 inliers / 420, 41 iterations
[INFO] [1790552907.182522421] [pose_estimator]: RPE: trans 1.2712 | rot 0.01487 (0.602 deg)
Matched 444 keypoints
[INFO] [1790552907.330451837] [pose_estimator]: RANSAC: 386 inliers / 444, 14 iterations
[INFO] [1790552907.330608212] [pose_estimator]: RPE: trans 1.5961 | rot 0.01050 (0.425 deg)
Matched 446 keypoints
[INFO] [1790552907.453596587] [pose_estimator]: RANSAC: 389 inliers / 446, 32 iterations
[INFO] [1790552907.453751379] [pose_estimator]: RPE: trans 0.7107 | rot 0.00694 (0.281 deg)
Matched 426 keypoints
[INFO] [1790552907.576921337] [pose_estimator]: RANSAC: 373 inliers / 426, 13 iterations
[INFO] [1790552907.577122921] [pose_estimator]: RPE: trans 1.3548 | rot 0.01404 (0.569 deg)
Matched 421 keypoints
[INFO] [1790552907.811804296] [pose_estimator]: RANSAC: 330 inliers / 421, 39 iterations
[INFO] [1790552907.813545338] [pose_estimator]: RPE: trans 1.8420 | rot 0.00982 (0.398 deg)
Matched 394 keypoints
[INFO] [1790552907.949176588] [pose_estimator]: RANSAC: 337 inliers / 394, 18 iterations
[INFO] [1790552907.949354254] [pose_estimator]: RPE: trans 0.8932 | rot 0.01057 (0.428 deg)
Matched 392 keypoints
[INFO] [1790552908.070492296] [pose_estimator]: RANSAC: 323 inliers / 392, 43 iterations
[INFO] [1790552908.073340838] [pose_estimator]: RPE: trans 0.6104 | rot 0.00386 (0.156 deg)
Matched 405 keypoints
[INFO] [1790552908.225482129] [pose_estimator]: RANSAC: 337 inliers / 405, 22 iterations
[INFO] [1790552908.226698463] [pose_estimator]: RPE: trans 0.7206 | rot 0.00553 (0.224 deg)
Matched 388 keypoints
[INFO] [1790552908.374447629] [pose_estimator]: RANSAC: 306 inliers / 388, 37 iterations
[INFO] [1790552908.374637463] [pose_estimator]: RPE: trans 0.2470 | rot 0.00240 (0.097 deg)
Matched 389 keypoints
[INFO] [1790552908.496020880] [pose_estimator]: RANSAC: 320 inliers / 389, 25 iterations
[INFO] [1790552908.500383380] [pose_estimator]: RPE: trans 0.1992 | rot 0.00213 (0.086 deg)
Matched 380 keypoints
[INFO] [1790552908.668020255] [pose_estimator]: RANSAC: 312 inliers / 380, 44 iterations
[INFO] [1790552908.674724921] [pose_estimator]: RPE: trans 0.1664 | rot 0.00171 (0.069 deg)
Matched 391 keypoints
[INFO] [1790552908.826747838] [pose_estimator]: RANSAC: 338 inliers / 391, 34 iterations
[INFO] [1790552908.826925046] [pose_estimator]: RPE: trans 0.7917 | rot 0.01059 (0.429 deg)
Matched 409 keypoints
[INFO] [1790552908.948962671] [pose_estimator]: RANSAC: 320 inliers / 409, 47 iterations
[INFO] [1790552908.951606880] [pose_estimator]: RPE: trans 0.5758 | rot 0.00688 (0.279 deg)
Matched 369 keypoints
[INFO] [1790552909.077127880] [pose_estimator]: RANSAC: 306 inliers / 369, 47 iterations
[INFO] [1790552909.077590338] [pose_estimator]: RPE: trans 0.2537 | rot 0.00438 (0.178 deg)
Matched 409 keypoints
[INFO] [1790552909.230517630] [pose_estimator]: RANSAC: 308 inliers / 409, 57 iterations
[INFO] [1790552909.230725088] [pose_estimator]: RPE: trans 0.3283 | rot 0.01034 (0.419 deg)
Matched 373 keypoints
[INFO] [1790552909.367961963] [pose_estimator]: RANSAC: 295 inliers / 373, 100 iterations
[INFO] [1790552909.370534547] [pose_estimator]: RPE: trans 0.0806 | rot 0.01067 (0.432 deg)
Matched 345 keypoints
[INFO] [1790552909.493782047] [pose_estimator]: RANSAC: 279 inliers / 345, 29 iterations
[INFO] [1790552909.496432505] [pose_estimator]: RPE: trans 0.1529 | rot 0.00862 (0.349 deg)
Matched 402 keypoints
[INFO] [1790552909.626200922] [pose_estimator]: RANSAC: 341 inliers / 402, 45 iterations
[INFO] [1790552909.626351422] [pose_estimator]: RPE: trans 0.0244 | rot 0.01248 (0.506 deg)
Matched 431 keypoints
[INFO] [1790552909.746931130] [pose_estimator]: RANSAC: 332 inliers / 431, 46 iterations
[INFO] [1790552909.747134838] [pose_estimator]: RPE: trans 0.6659 | rot 0.00303 (0.123 deg)
Matched 403 keypoints
[INFO] [1790552909.893491464] [pose_estimator]: RANSAC: 328 inliers / 403, 28 iterations
[INFO] [1790552909.895464047] [pose_estimator]: RPE: trans 0.0607 | rot 0.00197 (0.080 deg)
Matched 384 keypoints
[INFO] [1790552910.038835339] [pose_estimator]: RANSAC: 341 inliers / 384, 59 iterations
[INFO] [1790552910.039004505] [pose_estimator]: RPE: trans 0.2630 | rot 0.01146 (0.464 deg)
Matched 409 keypoints
[INFO] [1790552910.165975214] [pose_estimator]: RANSAC: 322 inliers / 409, 38 iterations
[INFO] [1790552910.166168172] [pose_estimator]: RPE: trans 1.8732 | rot 0.01919 (0.778 deg)
Matched 375 keypoints
[INFO] [1790552910.357567547] [pose_estimator]: RANSAC: 297 inliers / 375, 74 iterations
[INFO] [1790552910.364074922] [pose_estimator]: RPE: trans 0.1300 | rot 0.00270 (0.109 deg)
Matched 322 keypoints
[INFO] [1790552910.520846380] [pose_estimator]: RANSAC: 274 inliers / 322, 18 iterations
[INFO] [1790552910.521056380] [pose_estimator]: RPE: trans 0.0626 | rot 0.00626 (0.253 deg)
Matched 284 keypoints
[INFO] [1790552910.655866881] [pose_estimator]: RANSAC: 241 inliers / 284, 24 iterations
[INFO] [1790552910.656047714] [pose_estimator]: RPE: trans 0.1043 | rot 0.00468 (0.190 deg)
Matched 277 keypoints
[INFO] [1790552910.775909089] [pose_estimator]: RANSAC: 243 inliers / 277, 18 iterations
[INFO] [1790552910.778037089] [pose_estimator]: RPE: trans 0.2156 | rot 0.00851 (0.345 deg)
Matched 285 keypoints
[INFO] [1790552910.932102047] [pose_estimator]: RANSAC: 199 inliers / 285, 115 iterations
[INFO] [1790552910.932284339] [pose_estimator]: RPE: trans 0.1368 | rot 0.00617 (0.250 deg)
Matched 261 keypoints
[INFO] [1790552911.084339464] [pose_estimator]: RANSAC: 195 inliers / 261, 151 iterations
[INFO] [1790552911.084521672] [pose_estimator]: RPE: trans 0.0890 | rot 0.00690 (0.280 deg)
Matched 257 keypoints
[INFO] [1790552911.214493922] [pose_estimator]: RANSAC: 181 inliers / 257, 106 iterations
[INFO] [1790552911.214664672] [pose_estimator]: RPE: trans 0.2279 | rot 0.00648 (0.263 deg)
Matched 319 keypoints
[INFO] [1790552911.345767298] [pose_estimator]: RANSAC: 248 inliers / 319, 43 iterations
[INFO] [1790552911.345947506] [pose_estimator]: RPE: trans 0.1697 | rot 0.00491 (0.199 deg)
Matched 291 keypoints
[INFO] [1790552911.476559423] [pose_estimator]: RANSAC: 234 inliers / 291, 31 iterations
[INFO] [1790552911.476744881] [pose_estimator]: RPE: trans 0.1702 | rot 0.00491 (0.199 deg)
Matched 314 keypoints
[INFO] [1790552911.609202173] [pose_estimator]: RANSAC: 241 inliers / 314, 48 iterations
[INFO] [1790552911.609394298] [pose_estimator]: RPE: trans 0.3382 | rot 0.00610 (0.247 deg)
Matched 262 keypoints
[INFO] [1790552911.739103714] [pose_estimator]: RANSAC: 222 inliers / 262, 63 iterations
[INFO] [1790552911.739285756] [pose_estimator]: RPE: trans 0.1463 | rot 0.00367 (0.149 deg)
Matched 318 keypoints
[INFO] [1790552911.868448173] [pose_estimator]: RANSAC: 250 inliers / 318, 38 iterations
[INFO] [1790552911.868619839] [pose_estimator]: RPE: trans 0.1865 | rot 0.00458 (0.186 deg)
Matched 242 keypoints
[INFO] [1790552911.983666798] [pose_estimator]: RANSAC: 174 inliers / 242, 88 iterations
[INFO] [1790552911.984555131] [pose_estimator]: RPE: trans 0.2537 | rot 0.00814 (0.330 deg)
Matched 271 keypoints
[INFO] [1790552912.115619131] [pose_estimator]: RANSAC: 189 inliers / 271, 116 iterations
[INFO] [1790552912.115794465] [pose_estimator]: RPE: trans 0.1589 | rot 0.00302 (0.122 deg)
Matched 227 keypoints
[INFO] [1790552912.246800256] [pose_estimator]: RANSAC: 171 inliers / 227, 57 iterations
[INFO] [1790552912.246968173] [pose_estimator]: RPE: trans 0.0639 | rot 0.00198 (0.080 deg)
Matched 243 keypoints
[INFO] [1790552912.358868465] [pose_estimator]: RANSAC: 181 inliers / 243, 63 iterations
[INFO] [1790552912.359025506] [pose_estimator]: RPE: trans 0.0343 | rot 0.00301 (0.122 deg)
Matched 249 keypoints
[INFO] [1790552912.468979006] [pose_estimator]: RANSAC: 212 inliers / 249, 19 iterations
[INFO] [1790552912.469164881] [pose_estimator]: RPE: trans 0.0656 | rot 0.00207 (0.084 deg)
Matched 261 keypoints
[INFO] [1790552912.827178673] [pose_estimator]: RANSAC: 217 inliers / 261, 48 iterations
[INFO] [1790552912.827319590] [pose_estimator]: RPE: trans 0.1907 | rot 0.00505 (0.205 deg)
Matched 193 keypoints
[INFO] [1790552912.987075882] [pose_estimator]: RANSAC: 107 inliers / 193, 929 iterations
[INFO] [1790552912.987254340] [pose_estimator]: RPE: trans 0.0874 | rot 0.00259 (0.105 deg)
Matched 236 keypoints
[INFO] [1790552913.099025423] [pose_estimator]: RANSAC: 211 inliers / 236, 41 iterations
[INFO] [1790552913.099204840] [pose_estimator]: RPE: trans 0.2292 | rot 0.00966 (0.391 deg)
Matched 232 keypoints
[INFO] [1790552913.210635132] [pose_estimator]: RANSAC: 182 inliers / 232, 60 iterations
[INFO] [1790552913.210806882] [pose_estimator]: RPE: trans 0.2503 | rot 0.00257 (0.104 deg)
Matched 299 keypoints
[INFO] [1790552913.324602590] [pose_estimator]: RANSAC: 276 inliers / 299, 32 iterations
[INFO] [1790552913.324801798] [pose_estimator]: RPE: trans 0.1302 | rot 0.00576 (0.234 deg)
Matched 307 keypoints
[INFO] [1790552913.443140382] [pose_estimator]: RANSAC: 271 inliers / 307, 13 iterations
[INFO] [1790552913.443339215] [pose_estimator]: RPE: trans 0.1629 | rot 0.00386 (0.156 deg)
Matched 253 keypoints
[INFO] [1790552913.555320299] [pose_estimator]: RANSAC: 193 inliers / 253, 51 iterations
[INFO] [1790552913.555493424] [pose_estimator]: RPE: trans 0.0429 | rot 0.00153 (0.062 deg)
Matched 262 keypoints
[INFO] [1790552913.819677965] [pose_estimator]: RANSAC: 218 inliers / 262, 22 iterations
[INFO] [1790552913.824352799] [pose_estimator]: RPE: trans 0.0747 | rot 0.01235 (0.500 deg)
Matched 215 keypoints
[INFO] [1790552913.936775715] [pose_estimator]: RANSAC: 174 inliers / 215, 29 iterations
[INFO] [1790552913.936949465] [pose_estimator]: RPE: trans 0.0061 | rot 0.00256 (0.104 deg)
Matched 241 keypoints
[INFO] [1790552914.076457299] [pose_estimator]: RANSAC: 180 inliers / 241, 62 iterations
[INFO] [1790552914.076650132] [pose_estimator]: RPE: trans 0.0343 | rot 0.00217 (0.088 deg)
Matched 278 keypoints
[INFO] [1790552914.240504549] [pose_estimator]: RANSAC: 213 inliers / 278, 161 iterations
[INFO] [1790552914.240708882] [pose_estimator]: RPE: trans 0.0685 | rot 0.00234 (0.095 deg)
Matched 240 keypoints
[INFO] [1790552914.371073341] [pose_estimator]: RANSAC: 202 inliers / 240, 20 iterations
[INFO] [1790552914.371274632] [pose_estimator]: RPE: trans 0.1304 | rot 0.00380 (0.154 deg)
Matched 242 keypoints
[INFO] [1790552914.501365966] [pose_estimator]: RANSAC: 178 inliers / 242, 71 iterations
[INFO] [1790552914.501536591] [pose_estimator]: RPE: trans 0.0109 | rot 0.00297 (0.120 deg)
Matched 264 keypoints
[INFO] [1790552914.632928049] [pose_estimator]: RANSAC: 199 inliers / 264, 57 iterations
[INFO] [1790552914.633135632] [pose_estimator]: RPE: trans 0.0602 | rot 0.00448 (0.182 deg)
Matched 290 keypoints
[INFO] [1790552914.766450716] [pose_estimator]: RANSAC: 245 inliers / 290, 19 iterations
[INFO] [1790552914.766630341] [pose_estimator]: RPE: trans 0.3162 | rot 0.00891 (0.361 deg)
Matched 252 keypoints
[INFO] [1790552914.875467424] [pose_estimator]: RANSAC: 192 inliers / 252, 66 iterations
[INFO] [1790552914.875631258] [pose_estimator]: RPE: trans 0.1328 | rot 0.00764 (0.309 deg)
Matched 261 keypoints
[INFO] [1790552915.058675466] [pose_estimator]: RANSAC: 172 inliers / 261, 195 iterations
[INFO] [1790552915.058857216] [pose_estimator]: RPE: trans 0.2536 | rot 0.00204 (0.083 deg)
Matched 234 keypoints
[INFO] [1790552915.173893674] [pose_estimator]: RANSAC: 156 inliers / 234, 175 iterations
[INFO] [1790552915.174057341] [pose_estimator]: RPE: trans 0.2202 | rot 0.01211 (0.490 deg)
Matched 274 keypoints
[INFO] [1790552915.292475591] [pose_estimator]: RANSAC: 234 inliers / 274, 17 iterations
[INFO] [1790552915.292741799] [pose_estimator]: RPE: trans 0.2237 | rot 0.00881 (0.357 deg)
Matched 183 keypoints
[INFO] [1790552915.423786633] [pose_estimator]: RANSAC: 123 inliers / 183, 353 iterations
[INFO] [1790552915.424831049] [pose_estimator]: RPE: trans 0.1998 | rot 0.01010 (0.409 deg)
Matched 212 keypoints
[INFO] [1790552915.588802175] [pose_estimator]: RANSAC: 167 inliers / 212, 38 iterations
[INFO] [1790552915.589168008] [pose_estimator]: RPE: trans 0.1461 | rot 0.00559 (0.227 deg)
Matched 225 keypoints
[INFO] [1790552915.711817883] [pose_estimator]: RANSAC: 182 inliers / 225, 29 iterations
[INFO] [1790552915.712016758] [pose_estimator]: RPE: trans 0.3858 | rot 0.01516 (0.614 deg)
Matched 203 keypoints
[INFO] [1790552915.924040383] [pose_estimator]: RANSAC: 155 inliers / 203, 101 iterations
[INFO] [1790552915.927722216] [pose_estimator]: RPE: trans 0.1601 | rot 0.01024 (0.415 deg)
Matched 246 keypoints
[INFO] [1790552916.078131758] [pose_estimator]: RANSAC: 150 inliers / 246, 439 iterations
[INFO] [1790552916.078395925] [pose_estimator]: RPE: trans 0.2730 | rot 0.01745 (0.707 deg)
Matched 218 keypoints
[INFO] [1790552916.266138425] [pose_estimator]: RANSAC: 151 inliers / 218, 124 iterations
[INFO] [1790552916.266510633] [pose_estimator]: RPE: trans 0.0211 | rot 0.00414 (0.168 deg)
Matched 204 keypoints
[INFO] [1790552916.420122883] [pose_estimator]: RANSAC: 134 inliers / 204, 200 iterations
[INFO] [1790552916.421565300] [pose_estimator]: RPE: trans 0.0126 | rot 0.00448 (0.181 deg)
Matched 203 keypoints
[INFO] [1790552916.538613008] [pose_estimator]: RANSAC: 157 inliers / 203, 45 iterations
[INFO] [1790552916.538792008] [pose_estimator]: RPE: trans 0.2920 | rot 0.01429 (0.579 deg)
Matched 237 keypoints
[INFO] [1790552916.698239092] [pose_estimator]: RANSAC: 175 inliers / 237, 69 iterations
[INFO] [1790552916.698629925] [pose_estimator]: RPE: trans 0.3093 | rot 0.01481 (0.600 deg)
Matched 195 keypoints
[INFO] [1790552916.859705758] [pose_estimator]: RANSAC: 118 inliers / 195, 421 iterations
[INFO] [1790552916.867076300] [pose_estimator]: RPE: trans 0.1406 | rot 0.01021 (0.414 deg)
Matched 210 keypoints
[INFO] [1790552916.991973050] [pose_estimator]: RANSAC: 141 inliers / 210, 222 iterations
[INFO] [1790552916.992203884] [pose_estimator]: RPE: trans 0.1483 | rot 0.00539 (0.218 deg)
Matched 220 keypoints
[INFO] [1790552917.137035550] [pose_estimator]: RANSAC: 149 inliers / 220, 168 iterations
[INFO] [1790552917.137389884] [pose_estimator]: RPE: trans 0.1516 | rot 0.00434 (0.176 deg)
Matched 314 keypoints
[INFO] [1790552917.281562342] [pose_estimator]: RANSAC: 220 inliers / 314, 111 iterations
[INFO] [1790552917.284023092] [pose_estimator]: RPE: trans 0.1609 | rot 0.00236 (0.096 deg)
Matched 256 keypoints
[INFO] [1790552917.410738592] [pose_estimator]: RANSAC: 181 inliers / 256, 102 iterations
[INFO] [1790552917.410950342] [pose_estimator]: RPE: trans 0.1341 | rot 0.00441 (0.179 deg)
Matched 250 keypoints
[INFO] [1790552917.533079050] [pose_estimator]: RANSAC: 188 inliers / 250, 58 iterations
[INFO] [1790552917.533314259] [pose_estimator]: RPE: trans 0.0621 | rot 0.00159 (0.064 deg)
Matched 350 keypoints
[INFO] [1790552917.658209509] [pose_estimator]: RANSAC: 298 inliers / 350, 46 iterations
[INFO] [1790552917.658526092] [pose_estimator]: RPE: trans 0.8618 | rot 0.01573 (0.637 deg)
Matched 290 keypoints
[INFO] [1790552917.919128634] [pose_estimator]: RANSAC: 208 inliers / 290, 90 iterations
[INFO] [1790552917.919321592] [pose_estimator]: RPE: trans 0.1811 | rot 0.00581 (0.235 deg)
Matched 272 keypoints
[INFO] [1790552918.039287676] [pose_estimator]: RANSAC: 193 inliers / 272, 99 iterations
[INFO] [1790552918.042834342] [pose_estimator]: RPE: trans 0.1350 | rot 0.00383 (0.155 deg)
Matched 280 keypoints
[INFO] [1790552918.171545676] [pose_estimator]: RANSAC: 191 inliers / 280, 142 iterations
[INFO] [1790552918.172402717] [pose_estimator]: RPE: trans 0.1729 | rot 0.00437 (0.177 deg)
Matched 303 keypoints
[INFO] [1790552918.527474009] [pose_estimator]: RANSAC: 252 inliers / 303, 30 iterations
[INFO] [1790552918.533195134] [pose_estimator]: RPE: trans 0.0430 | rot 0.00222 (0.090 deg)
Matched 243 keypoints
[INFO] [1790552918.658180384] [pose_estimator]: RANSAC: 163 inliers / 243, 166 iterations
[INFO] [1790552918.658362093] [pose_estimator]: RPE: trans 0.0353 | rot 0.00496 (0.201 deg)
Matched 317 keypoints
[INFO] [1790552918.777494551] [pose_estimator]: RANSAC: 234 inliers / 317, 69 iterations
[INFO] [1790552918.777681259] [pose_estimator]: RPE: trans 0.0482 | rot 0.00696 (0.282 deg)
Matched 347 keypoints
[INFO] [1790552918.919395843] [pose_estimator]: RANSAC: 276 inliers / 347, 53 iterations
[INFO] [1790552918.921230509] [pose_estimator]: RPE: trans 0.0922 | rot 0.00194 (0.079 deg)
Matched 333 keypoints
[INFO] [1790552919.071576635] [pose_estimator]: RANSAC: 266 inliers / 333, 42 iterations
[INFO] [1790552919.071734343] [pose_estimator]: RPE: trans 0.1156 | rot 0.00549 (0.223 deg)
Matched 319 keypoints
[INFO] [1790552919.220022260] [pose_estimator]: RANSAC: 257 inliers / 319, 44 iterations
[INFO] [1790552919.220231301] [pose_estimator]: RPE: trans 0.0809 | rot 0.00311 (0.126 deg)
Matched 354 keypoints
[INFO] [1790552919.340933718] [pose_estimator]: RANSAC: 298 inliers / 354, 20 iterations
[INFO] [1790552919.342302468] [pose_estimator]: RPE: trans 0.0536 | rot 0.00180 (0.073 deg)
Matched 367 keypoints
[INFO] [1790552919.464454468] [pose_estimator]: RANSAC: 319 inliers / 367, 14 iterations
[INFO] [1790552919.464613051] [pose_estimator]: RPE: trans 0.1458 | rot 0.00181 (0.073 deg)
Matched 382 keypoints
[INFO] [1790552919.616154343] [pose_estimator]: RANSAC: 328 inliers / 382, 16 iterations
[INFO] [1790552919.616350301] [pose_estimator]: RPE: trans 0.0938 | rot 0.00153 (0.062 deg)
Matched 377 keypoints
[INFO] [1790552919.737498552] [pose_estimator]: RANSAC: 327 inliers / 377, 19 iterations
[INFO] [1790552919.737761427] [pose_estimator]: RPE: trans 0.0492 | rot 0.00193 (0.078 deg)
Matched 417 keypoints
[INFO] [1790552919.865708885] [pose_estimator]: RANSAC: 351 inliers / 417, 20 iterations
[INFO] [1790552919.866033427] [pose_estimator]: RPE: trans 0.0898 | rot 0.00220 (0.089 deg)
Matched 470 keypoints
[INFO] [1790552920.002915843] [pose_estimator]: RANSAC: 406 inliers / 470, 15 iterations
[INFO] [1790552920.003110635] [pose_estimator]: RPE: trans 0.3463 | rot 0.00445 (0.180 deg)
Matched 443 keypoints
[INFO] [1790552920.138492885] [pose_estimator]: RANSAC: 378 inliers / 443, 17 iterations
[INFO] [1790552920.138681468] [pose_estimator]: RPE: trans 0.0202 | rot 0.00094 (0.038 deg)
Matched 510 keypoints
[INFO] [1790552920.308162843] [pose_estimator]: RANSAC: 410 inliers / 510, 31 iterations
[INFO] [1790552920.328664635] [pose_estimator]: RPE: trans 0.0543 | rot 0.00172 (0.070 deg)
Matched 435 keypoints
[INFO] [1790552920.501794135] [pose_estimator]: RANSAC: 367 inliers / 435, 19 iterations
[INFO] [1790552920.501971677] [pose_estimator]: RPE: trans 0.0270 | rot 0.00109 (0.044 deg)
Matched 506 keypoints
[INFO] [1790552920.638282635] [pose_estimator]: RANSAC: 432 inliers / 506, 17 iterations
[INFO] [1790552920.639822219] [pose_estimator]: RPE: trans 0.1342 | rot 0.00372 (0.151 deg)
Matched 484 keypoints
[INFO] [1790552920.778924302] [pose_estimator]: RANSAC: 395 inliers / 484, 27 iterations
[INFO] [1790552920.785348510] [pose_estimator]: RPE: trans 0.0420 | rot 0.00218 (0.088 deg)
Matched 491 keypoints
[INFO] [1790552921.436823636] [pose_estimator]: RANSAC: 393 inliers / 491, 32 iterations
[INFO] [1790552921.437026344] [pose_estimator]: RPE: trans 0.3489 | rot 0.00285 (0.115 deg)
Matched 345 keypoints
[INFO] [1790552921.567772219] [pose_estimator]: RANSAC: 268 inliers / 345, 43 iterations
[INFO] [1790552921.569561552] [pose_estimator]: RPE: trans 0.0150 | rot 0.00198 (0.080 deg)
Matched 520 keypoints
[INFO] [1790552921.710567011] [pose_estimator]: RANSAC: 386 inliers / 520, 65 iterations
[INFO] [1790552921.710781261] [pose_estimator]: RPE: trans 0.1951 | rot 0.00406 (0.164 deg)
Matched 517 keypoints
[INFO] [1790552921.848286511] [pose_estimator]: RANSAC: 455 inliers / 517, 13 iterations
[INFO] [1790552921.848513344] [pose_estimator]: RPE: trans 0.1582 | rot 0.00742 (0.301 deg)
Matched 504 keypoints
[INFO] [1790552921.994025553] [pose_estimator]: RANSAC: 448 inliers / 504, 11 iterations
[INFO] [1790552921.997009719] [pose_estimator]: RPE: trans 0.1895 | rot 0.00228 (0.092 deg)
Matched 555 keypoints
[INFO] [1790552922.138015678] [pose_estimator]: RANSAC: 433 inliers / 555, 41 iterations
[INFO] [1790552922.138208344] [pose_estimator]: RPE: trans 0.1253 | rot 0.00919 (0.372 deg)
Matched 549 keypoints
[INFO] [1790552922.294421219] [pose_estimator]: RANSAC: 439 inliers / 549, 33 iterations
[INFO] [1790552922.298748219] [pose_estimator]: RPE: trans 0.1536 | rot 0.00257 (0.104 deg)
Matched 522 keypoints
[INFO] [1790552922.468369678] [pose_estimator]: RANSAC: 452 inliers / 522, 21 iterations
[INFO] [1790552922.482714886] [pose_estimator]: RPE: trans 0.1516 | rot 0.00389 (0.158 deg)
Matched 538 keypoints
[INFO] [1790552922.625403803] [pose_estimator]: RANSAC: 477 inliers / 538, 30 iterations
[INFO] [1790552922.625591428] [pose_estimator]: RPE: trans 0.0707 | rot 0.00280 (0.113 deg)
Matched 579 keypoints
[INFO] [1790552922.775426095] [pose_estimator]: RANSAC: 474 inliers / 579, 30 iterations
[INFO] [1790552922.777643136] [pose_estimator]: RPE: trans 0.3613 | rot 0.02639 (1.069 deg)
Matched 537 keypoints
[INFO] [1790552922.934276886] [pose_estimator]: RANSAC: 461 inliers / 537, 66 iterations
[INFO] [1790552922.937756261] [pose_estimator]: RPE: trans 0.2528 | rot 0.01342 (0.544 deg)
Matched 462 keypoints
[INFO] [1790552923.092230720] [pose_estimator]: RANSAC: 385 inliers / 462, 22 iterations
[INFO] [1790552923.092438428] [pose_estimator]: RPE: trans 0.0300 | rot 0.00128 (0.052 deg)
Matched 459 keypoints
[INFO] [1790552923.226532137] [pose_estimator]: RANSAC: 388 inliers / 459, 48 iterations
[INFO] [1790552923.227476345] [pose_estimator]: RPE: trans 0.2626 | rot 0.01087 (0.440 deg)
Matched 542 keypoints
[INFO] [1790552923.392701887] [pose_estimator]: RANSAC: 491 inliers / 542, 9 iterations
[INFO] [1790552923.392868720] [pose_estimator]: RPE: trans 0.1990 | rot 0.00574 (0.233 deg)
Matched 515 keypoints
[INFO] [1790552923.524607512] [pose_estimator]: RANSAC: 384 inliers / 515, 63 iterations
[INFO] [1790552923.524790845] [pose_estimator]: RPE: trans 0.0642 | rot 0.00319 (0.129 deg)
Matched 546 keypoints
[INFO] [1790552923.666157012] [pose_estimator]: RANSAC: 433 inliers / 546, 36 iterations
[INFO] [1790552923.669853928] [pose_estimator]: RPE: trans 0.2820 | rot 0.00627 (0.254 deg)
Matched 516 keypoints
[INFO] [1790552923.838310303] [pose_estimator]: RANSAC: 425 inliers / 516, 25 iterations
[INFO] [1790552923.838503928] [pose_estimator]: RPE: trans 0.0150 | rot 0.00720 (0.292 deg)
Matched 544 keypoints
[INFO] [1790552923.993139762] [pose_estimator]: RANSAC: 504 inliers / 544, 15 iterations
[INFO] [1790552923.993313012] [pose_estimator]: RPE: trans 0.3756 | rot 0.00374 (0.152 deg)
Matched 478 keypoints
[INFO] [1790552924.160437304] [pose_estimator]: RANSAC: 358 inliers / 478, 60 iterations
[INFO] [1790552924.160639012] [pose_estimator]: RPE: trans 0.2212 | rot 0.00397 (0.161 deg)
Matched 468 keypoints
[INFO] [1790552924.297990095] [pose_estimator]: RANSAC: 415 inliers / 468, 12 iterations
[INFO] [1790552924.298217845] [pose_estimator]: RPE: trans 0.2642 | rot 0.00673 (0.273 deg)
Matched 424 keypoints
[INFO] [1790552924.426686429] [pose_estimator]: RANSAC: 358 inliers / 424, 19 iterations
[INFO] [1790552924.426893304] [pose_estimator]: RPE: trans 0.2256 | rot 0.00628 (0.254 deg)
Matched 391 keypoints
[INFO] [1790552924.691167929] [pose_estimator]: RANSAC: 324 inliers / 391, 32 iterations
[INFO] [1790552924.691358012] [pose_estimator]: RPE: trans 0.0793 | rot 0.00275 (0.111 deg)
Matched 351 keypoints
[INFO] [1790552924.847351262] [pose_estimator]: RANSAC: 267 inliers / 351, 53 iterations
[INFO] [1790552924.847531262] [pose_estimator]: RPE: trans 0.2863 | rot 0.00633 (0.256 deg)
Matched 425 keypoints
[INFO] [1790552924.975188179] [pose_estimator]: RANSAC: 368 inliers / 425, 40 iterations
[INFO] [1790552924.977134846] [pose_estimator]: RPE: trans 0.1874 | rot 0.00388 (0.157 deg)
Matched 410 keypoints
[INFO] [1790552925.122047137] [pose_estimator]: RANSAC: 328 inliers / 410, 68 iterations
[INFO] [1790552925.122228471] [pose_estimator]: RPE: trans 0.3616 | rot 0.01067 (0.432 deg)
Matched 412 keypoints
[INFO] [1790552925.246734971] [pose_estimator]: RANSAC: 353 inliers / 412, 17 iterations
[INFO] [1790552925.246883637] [pose_estimator]: RPE: trans 0.6047 | rot 0.00725 (0.294 deg)
Matched 380 keypoints
[INFO] [1790552925.440178929] [pose_estimator]: RANSAC: 314 inliers / 380, 37 iterations
[INFO] [1790552925.457274096] [pose_estimator]: RPE: trans 1.9977 | rot 0.01581 (0.640 deg)
Matched 345 keypoints
[INFO] [1790552925.653582763] [pose_estimator]: RANSAC: 269 inliers / 345, 41 iterations
[INFO] [1790552925.653791054] [pose_estimator]: RPE: trans 0.2125 | rot 0.03097 (1.255 deg)
Matched 328 keypoints
[INFO] [1790552925.776095804] [pose_estimator]: RANSAC: 277 inliers / 328, 26 iterations
[INFO] [1790552925.781180304] [pose_estimator]: RPE: trans 0.0307 | rot 0.00723 (0.293 deg)
Matched 352 keypoints
[INFO] [1790552925.941577679] [pose_estimator]: RANSAC: 295 inliers / 352, 21 iterations
[INFO] [1790552925.944111679] [pose_estimator]: RPE: trans 0.4350 | rot 0.00699 (0.283 deg)
Matched 292 keypoints
[INFO] [1790552926.066378513] [pose_estimator]: RANSAC: 227 inliers / 292, 43 iterations
[INFO] [1790552926.066560305] [pose_estimator]: RPE: trans 0.4652 | rot 0.00870 (0.353 deg)
Matched 378 keypoints
[INFO] [1790552926.186484471] [pose_estimator]: RANSAC: 324 inliers / 378, 21 iterations
[INFO] [1790552926.186664930] [pose_estimator]: RPE: trans 1.3932 | rot 0.01586 (0.643 deg)
Matched 360 keypoints
[INFO] [1790552926.339120638] [pose_estimator]: RANSAC: 303 inliers / 360, 20 iterations
[INFO] [1790552926.339283888] [pose_estimator]: RPE: trans 0.8177 | rot 0.00623 (0.252 deg)
Matched 352 keypoints
[INFO] [1790552926.490510180] [pose_estimator]: RANSAC: 305 inliers / 352, 18 iterations
[INFO] [1790552926.490718471] [pose_estimator]: RPE: trans 0.0988 | rot 0.00149 (0.060 deg)
Matched 364 keypoints
[INFO] [1790552926.647018930] [pose_estimator]: RANSAC: 302 inliers / 364, 23 iterations
[INFO] [1790552926.649774221] [pose_estimator]: RPE: trans 0.1021 | rot 0.00325 (0.132 deg)
Matched 353 keypoints
[INFO] [1790552926.830624347] [pose_estimator]: RANSAC: 270 inliers / 353, 50 iterations
[INFO] [1790552926.830805055] [pose_estimator]: RPE: trans 0.2457 | rot 0.00381 (0.154 deg)
Matched 370 keypoints
[INFO] [1790552926.953686305] [pose_estimator]: RANSAC: 313 inliers / 370, 19 iterations
[INFO] [1790552926.953870430] [pose_estimator]: RPE: trans 0.1240 | rot 0.00222 (0.090 deg)
Matched 355 keypoints
[INFO] [1790552927.125855722] [pose_estimator]: RANSAC: 298 inliers / 355, 23 iterations
[INFO] [1790552927.126875138] [pose_estimator]: RPE: trans 0.0636 | rot 0.00371 (0.150 deg)
Matched 333 keypoints
[INFO] [1790552927.243893805] [pose_estimator]: RANSAC: 279 inliers / 333, 21 iterations
[INFO] [1790552927.244078597] [pose_estimator]: RPE: trans 0.1101 | rot 0.00415 (0.168 deg)
Matched 354 keypoints
[INFO] [1790552927.374063305] [pose_estimator]: RANSAC: 303 inliers / 354, 22 iterations
[INFO] [1790552927.374244680] [pose_estimator]: RPE: trans 0.0377 | rot 0.00316 (0.128 deg)
Matched 388 keypoints
[INFO] [1790552927.512431847] [pose_estimator]: RANSAC: 338 inliers / 388, 24 iterations
[INFO] [1790552927.512620139] [pose_estimator]: RPE: trans 0.0783 | rot 0.00765 (0.310 deg)
Matched 337 keypoints
[INFO] [1790552927.633961180] [pose_estimator]: RANSAC: 310 inliers / 337, 8 iterations
[INFO] [1790552927.634134055] [pose_estimator]: RPE: trans 0.0960 | rot 0.00611 (0.248 deg)
Matched 391 keypoints
[INFO] [1790552927.756754597] [pose_estimator]: RANSAC: 341 inliers / 391, 16 iterations
[INFO] [1790552927.756930305] [pose_estimator]: RPE: trans 0.2555 | rot 0.01197 (0.485 deg)
Matched 355 keypoints
[INFO] [1790552927.913279847] [pose_estimator]: RANSAC: 280 inliers / 355, 55 iterations
[INFO] [1790552927.913451889] [pose_estimator]: RPE: trans 0.1492 | rot 0.01322 (0.536 deg)
Matched 361 keypoints
[INFO] [1790552928.062281791] [pose_estimator]: RANSAC: 320 inliers / 361, 89 iterations
[INFO] [1790552928.084407125] [pose_estimator]: RPE: trans 0.1069 | rot 0.00550 (0.223 deg)
Matched 381 keypoints
[INFO] [1790552928.222499958] [pose_estimator]: RANSAC: 300 inliers / 381, 38 iterations
[INFO] [1790552928.222686125] [pose_estimator]: RPE: trans 0.3064 | rot 0.00562 (0.228 deg)
Matched 395 keypoints
[INFO] [1790552928.517683375] [pose_estimator]: RANSAC: 351 inliers / 395, 11 iterations
[INFO] [1790552928.517859833] [pose_estimator]: RPE: trans 0.2043 | rot 0.00221 (0.090 deg)
Matched 362 keypoints
[INFO] [1790552928.639817916] [pose_estimator]: RANSAC: 306 inliers / 362, 19 iterations
[INFO] [1790552928.640014291] [pose_estimator]: RPE: trans 0.1691 | rot 0.01119 (0.454 deg)
Matched 431 keypoints
[INFO] [1790552928.768287375] [pose_estimator]: RANSAC: 357 inliers / 431, 23 iterations
[INFO] [1790552928.768464292] [pose_estimator]: RPE: trans 0.1645 | rot 0.00786 (0.319 deg)
Matched 415 keypoints
[INFO] [1790552928.890610917] [pose_estimator]: RANSAC: 365 inliers / 415, 13 iterations
[INFO] [1790552928.891596708] [pose_estimator]: RPE: trans 0.2775 | rot 0.01055 (0.427 deg)
Matched 388 keypoints
[INFO] [1790552929.022704542] [pose_estimator]: RANSAC: 299 inliers / 388, 60 iterations
[INFO] [1790552929.022888167] [pose_estimator]: RPE: trans 0.0826 | rot 0.00410 (0.166 deg)
Matched 461 keypoints
[INFO] [1790552929.148921667] [pose_estimator]: RANSAC: 408 inliers / 461, 24 iterations
[INFO] [1790552929.149129958] [pose_estimator]: RPE: trans 0.2485 | rot 0.00561 (0.227 deg)
Matched 373 keypoints
[INFO] [1790552929.350457875] [pose_estimator]: RANSAC: 298 inliers / 373, 33 iterations
[INFO] [1790552929.363423292] [pose_estimator]: RPE: trans 0.1525 | rot 0.01430 (0.580 deg)
Matched 334 keypoints
[INFO] [1790552929.558544417] [pose_estimator]: RANSAC: 304 inliers / 334, 9 iterations
[INFO] [1790552929.560141334] [pose_estimator]: RPE: trans 0.0327 | rot 0.00400 (0.162 deg)
Matched 348 keypoints
[INFO] [1790552929.704697125] [pose_estimator]: RANSAC: 277 inliers / 348, 34 iterations
[INFO] [1790552929.704855292] [pose_estimator]: RPE: trans 0.3172 | rot 0.00624 (0.253 deg)
Matched 337 keypoints
[INFO] [1790552929.822515917] [pose_estimator]: RANSAC: 281 inliers / 337, 22 iterations
[INFO] [1790552929.824368917] [pose_estimator]: RPE: trans 0.0638 | rot 0.01223 (0.495 deg)
Matched 312 keypoints
[INFO] [1790552929.980888917] [pose_estimator]: RANSAC: 264 inliers / 312, 48 iterations
[INFO] [1790552929.981075667] [pose_estimator]: RPE: trans 0.1017 | rot 0.01262 (0.511 deg)
Matched 341 keypoints
[INFO] [1790552930.124575209] [pose_estimator]: RANSAC: 292 inliers / 341, 17 iterations
[INFO] [1790552930.124755376] [pose_estimator]: RPE: trans 0.3613 | rot 0.02035 (0.824 deg)
Matched 299 keypoints
[INFO] [1790552930.269871709] [pose_estimator]: RANSAC: 241 inliers / 299, 45 iterations
[INFO] [1790552930.286217501] [pose_estimator]: RPE: trans 0.1060 | rot 0.01349 (0.546 deg)
Matched 355 keypoints
[INFO] [1790552930.436313084] [pose_estimator]: RANSAC: 308 inliers / 355, 95 iterations
[INFO] [1790552930.444023501] [pose_estimator]: RPE: trans 0.2210 | rot 0.00336 (0.136 deg)
Matched 354 keypoints
[INFO] [1790552930.602574917] [pose_estimator]: RANSAC: 302 inliers / 354, 17 iterations
[INFO] [1790552930.602763251] [pose_estimator]: RPE: trans 0.1495 | rot 0.00486 (0.197 deg)
Matched 336 keypoints
[INFO] [1790552930.722841876] [pose_estimator]: RANSAC: 264 inliers / 336, 39 iterations
[INFO] [1790552930.722989542] [pose_estimator]: RPE: trans 0.2378 | rot 0.00752 (0.305 deg)
Matched 363 keypoints
[INFO] [1790552930.872100709] [pose_estimator]: RANSAC: 310 inliers / 363, 17 iterations
[INFO] [1790552930.872544709] [pose_estimator]: RPE: trans 0.1032 | rot 0.00141 (0.057 deg)
Matched 428 keypoints
[INFO] [1790552931.077516584] [pose_estimator]: RANSAC: 373 inliers / 428, 40 iterations
[INFO] [1790552931.077881834] [pose_estimator]: RPE: trans 0.3374 | rot 0.00527 (0.214 deg)
Matched 336 keypoints
[INFO] [1790552931.222537751] [pose_estimator]: RANSAC: 287 inliers / 336, 17 iterations
[INFO] [1790552931.225754793] [pose_estimator]: RPE: trans 0.0765 | rot 0.00225 (0.091 deg)
Matched 358 keypoints
[INFO] [1790552931.434832876] [pose_estimator]: RANSAC: 315 inliers / 358, 50 iterations
[INFO] [1790552931.445949418] [pose_estimator]: RPE: trans 0.0565 | rot 0.00142 (0.058 deg)
Matched 282 keypoints
[INFO] [1790552931.642546251] [pose_estimator]: RANSAC: 241 inliers / 282, 17 iterations
[INFO] [1790552931.643645335] [pose_estimator]: RPE: trans 0.0311 | rot 0.00071 (0.029 deg)
Matched 313 keypoints
[INFO] [1790552931.766683876] [pose_estimator]: RANSAC: 277 inliers / 313, 12 iterations
[INFO] [1790552931.766849835] [pose_estimator]: RPE: trans 0.0313 | rot 0.00148 (0.060 deg)
Matched 364 keypoints
[INFO] [1790552931.907532168] [pose_estimator]: RANSAC: 311 inliers / 364, 21 iterations
[INFO] [1790552931.907738168] [pose_estimator]: RPE: trans 0.2416 | rot 0.00660 (0.267 deg)
Matched 346 keypoints
[INFO] [1790552932.044532751] [pose_estimator]: RANSAC: 282 inliers / 346, 27 iterations
[INFO] [1790552932.045085293] [pose_estimator]: RPE: trans 0.0329 | rot 0.00116 (0.047 deg)
Matched 317 keypoints
[INFO] [1790552932.180280751] [pose_estimator]: RANSAC: 263 inliers / 317, 43 iterations
[INFO] [1790552932.180528460] [pose_estimator]: RPE: trans 0.0209 | rot 0.00177 (0.072 deg)
Matched 361 keypoints
[INFO] [1790552932.302944877] [pose_estimator]: RANSAC: 317 inliers / 361, 65 iterations
[INFO] [1790552932.303129543] [pose_estimator]: RPE: trans 0.1380 | rot 0.00696 (0.282 deg)
Matched 363 keypoints
[INFO] [1790552932.453201168] [pose_estimator]: RANSAC: 304 inliers / 363, 21 iterations
[INFO] [1790552932.453672335] [pose_estimator]: RPE: trans 0.1292 | rot 0.00290 (0.117 deg)
Matched 364 keypoints
[INFO] [1790552932.576788752] [pose_estimator]: RANSAC: 305 inliers / 364, 21 iterations
[INFO] [1790552932.576985793] [pose_estimator]: RPE: trans 0.2599 | rot 0.00234 (0.095 deg)
Matched 368 keypoints
[INFO] [1790552932.723208502] [pose_estimator]: RANSAC: 304 inliers / 368, 44 iterations
[INFO] [1790552932.723380377] [pose_estimator]: RPE: trans 0.0273 | rot 0.00713 (0.289 deg)
Matched 359 keypoints
[INFO] [1790552932.868007543] [pose_estimator]: RANSAC: 296 inliers / 359, 83 iterations
[INFO] [1790552932.868194877] [pose_estimator]: RPE: trans 0.0081 | rot 0.00103 (0.042 deg)
Matched 347 keypoints
[INFO] [1790552932.999221585] [pose_estimator]: RANSAC: 288 inliers / 347, 67 iterations
[INFO] [1790552932.999411335] [pose_estimator]: RPE: trans 0.1627 | rot 0.00674 (0.273 deg)
Matched 354 keypoints
[INFO] [1790552933.140134044] [pose_estimator]: RANSAC: 298 inliers / 354, 20 iterations
[INFO] [1790552933.140319252] [pose_estimator]: RPE: trans 0.1322 | rot 0.00302 (0.122 deg)
Matched 425 keypoints
[INFO] [1790552933.281954669] [pose_estimator]: RANSAC: 335 inliers / 425, 37 iterations
[INFO] [1790552933.282127085] [pose_estimator]: RPE: trans 0.1431 | rot 0.00264 (0.107 deg)
Matched 354 keypoints
[INFO] [1790552933.416418419] [pose_estimator]: RANSAC: 296 inliers / 354, 21 iterations
[INFO] [1790552933.416615835] [pose_estimator]: RPE: trans 0.1062 | rot 0.00499 (0.202 deg)
Matched 330 keypoints
[INFO] [1790552933.556294377] [pose_estimator]: RANSAC: 282 inliers / 330, 31 iterations
[INFO] [1790552933.556470544] [pose_estimator]: RPE: trans 0.0125 | rot 0.00187 (0.076 deg)
Matched 329 keypoints
[INFO] [1790552933.690670252] [pose_estimator]: RANSAC: 270 inliers / 329, 28 iterations
[INFO] [1790552933.690896169] [pose_estimator]: RPE: trans 0.0601 | rot 0.00290 (0.118 deg)
Matched 410 keypoints
[INFO] [1790552933.814916127] [pose_estimator]: RANSAC: 330 inliers / 410, 33 iterations
[INFO] [1790552933.815089711] [pose_estimator]: RPE: trans 0.1391 | rot 0.00272 (0.110 deg)
Matched 461 keypoints
[INFO] [1790552933.941652627] [pose_estimator]: RANSAC: 392 inliers / 461, 21 iterations
[INFO] [1790552933.941843669] [pose_estimator]: RPE: trans 0.2260 | rot 0.00691 (0.280 deg)
Matched 418 keypoints
[INFO] [1790552934.079538336] [pose_estimator]: RANSAC: 355 inliers / 418, 18 iterations
[INFO] [1790552934.079689836] [pose_estimator]: RPE: trans 0.0371 | rot 0.00742 (0.301 deg)
Matched 481 keypoints
[INFO] [1790552934.213950461] [pose_estimator]: RANSAC: 364 inliers / 481, 55 iterations
[INFO] [1790552934.214512461] [pose_estimator]: RPE: trans 1.2342 | rot 0.04481 (1.816 deg)
Matched 423 keypoints
[INFO] [1790552934.352144211] [pose_estimator]: RANSAC: 333 inliers / 423, 97 iterations
[INFO] [1790552934.352341919] [pose_estimator]: RPE: trans 0.1059 | rot 0.00264 (0.107 deg)
Matched 428 keypoints
[INFO] [1790552934.486672961] [pose_estimator]: RANSAC: 354 inliers / 428, 24 iterations
[INFO] [1790552934.486863919] [pose_estimator]: RPE: trans 0.0245 | rot 0.00520 (0.210 deg)
Matched 498 keypoints
[INFO] [1790552934.622215294] [pose_estimator]: RANSAC: 400 inliers / 498, 91 iterations
[INFO] [1790552934.622400211] [pose_estimator]: RPE: trans 0.2755 | rot 0.00182 (0.074 deg)
Matched 483 keypoints
[INFO] [1790552934.891224336] [pose_estimator]: RANSAC: 435 inliers / 483, 10 iterations
[INFO] [1790552934.891409336] [pose_estimator]: RPE: trans 0.0733 | rot 0.00753 (0.305 deg)
Matched 466 keypoints
[INFO] [1790552935.047514086] [pose_estimator]: RANSAC: 404 inliers / 466, 15 iterations
[INFO] [1790552935.047784545] [pose_estimator]: RPE: trans 0.1368 | rot 0.00413 (0.167 deg)
Matched 462 keypoints
[INFO] [1790552935.205922795] [pose_estimator]: RANSAC: 380 inliers / 462, 39 iterations
[INFO] [1790552935.206110378] [pose_estimator]: RPE: trans 0.1253 | rot 0.00171 (0.069 deg)
Matched 459 keypoints
[INFO] [1790552935.332763211] [pose_estimator]: RANSAC: 370 inliers / 459, 57 iterations
[INFO] [1790552935.332958961] [pose_estimator]: RPE: trans 0.1161 | rot 0.00955 (0.387 deg)
Matched 492 keypoints
[INFO] [1790552935.464209128] [pose_estimator]: RANSAC: 349 inliers / 492, 99 iterations
[INFO] [1790552935.464371420] [pose_estimator]: RPE: trans 0.3021 | rot 0.00803 (0.325 deg)
Matched 495 keypoints
[INFO] [1790552935.801932628] [pose_estimator]: RANSAC: 368 inliers / 495, 65 iterations
[INFO] [1790552935.802124670] [pose_estimator]: RPE: trans 0.1436 | rot 0.00456 (0.185 deg)
Matched 392 keypoints
[INFO] [1790552935.932989587] [pose_estimator]: RANSAC: 314 inliers / 392, 125 iterations
[INFO] [1790552935.933172753] [pose_estimator]: RPE: trans 0.0785 | rot 0.01210 (0.490 deg)
Matched 516 keypoints
[INFO] [1790552936.095453545] [pose_estimator]: RANSAC: 395 inliers / 516, 49 iterations
[INFO] [1790552936.107667295] [pose_estimator]: RPE: trans 1.9032 | rot 0.01696 (0.687 deg)
Matched 422 keypoints
[INFO] [1790552936.306986420] [pose_estimator]: RANSAC: 328 inliers / 422, 125 iterations
[INFO] [1790552936.307183920] [pose_estimator]: RPE: trans 0.0420 | rot 0.00960 (0.389 deg)
Matched 452 keypoints
[INFO] [1790552936.435004712] [pose_estimator]: RANSAC: 369 inliers / 452, 27 iterations
[INFO] [1790552936.436597129] [pose_estimator]: RPE: trans 0.0404 | rot 0.00370 (0.150 deg)
Matched 414 keypoints
[INFO] [1790552936.579631670] [pose_estimator]: RANSAC: 278 inliers / 414, 164 iterations
[INFO] [1790552936.579821462] [pose_estimator]: RPE: trans 0.0411 | rot 0.00314 (0.127 deg)
Matched 478 keypoints
[INFO] [1790552936.738916670] [pose_estimator]: RANSAC: 393 inliers / 478, 25 iterations
[INFO] [1790552936.739101462] [pose_estimator]: RPE: trans 0.0609 | rot 0.00133 (0.054 deg)
Matched 495 keypoints
[INFO] [1790552936.896937045] [pose_estimator]: RANSAC: 423 inliers / 495, 62 iterations
[INFO] [1790552936.897880420] [pose_estimator]: RPE: trans 0.0151 | rot 0.00316 (0.128 deg)
Matched 535 keypoints
[INFO] [1790552937.053579379] [pose_estimator]: RANSAC: 483 inliers / 535, 34 iterations
[INFO] [1790552937.053759004] [pose_estimator]: RPE: trans 0.0217 | rot 0.00288 (0.117 deg)
Matched 492 keypoints
[INFO] [1790552937.185862587] [pose_estimator]: RANSAC: 444 inliers / 492, 22 iterations
[INFO] [1790552937.186042337] [pose_estimator]: RPE: trans 0.0951 | rot 0.00113 (0.046 deg)
Matched 560 keypoints
[INFO] [1790552937.327243254] [pose_estimator]: RANSAC: 497 inliers / 560, 22 iterations
[INFO] [1790552937.331286171] [pose_estimator]: RPE: trans 0.0501 | rot 0.00264 (0.107 deg)
Matched 515 keypoints
[INFO] [1790552937.513164337] [pose_estimator]: RANSAC: 409 inliers / 515, 35 iterations
[INFO] [1790552937.513340087] [pose_estimator]: RPE: trans 0.2170 | rot 0.00856 (0.347 deg)
Matched 518 keypoints
[INFO] [1790552937.680128712] [pose_estimator]: RANSAC: 423 inliers / 518, 27 iterations
[INFO] [1790552937.680322504] [pose_estimator]: RPE: trans 0.4885 | rot 0.00298 (0.121 deg)
Matched 484 keypoints
[INFO] [1790552937.887333921] [pose_estimator]: RANSAC: 401 inliers / 484, 26 iterations
[INFO] [1790552937.890480171] [pose_estimator]: RPE: trans 0.2198 | rot 0.00851 (0.345 deg)
Matched 414 keypoints
[INFO] [1790552938.025706088] [pose_estimator]: RANSAC: 354 inliers / 414, 37 iterations
[INFO] [1790552938.030109754] [pose_estimator]: RPE: trans 0.0599 | rot 0.00846 (0.343 deg)
Matched 455 keypoints
[INFO] [1790552938.236847129] [pose_estimator]: RANSAC: 379 inliers / 455, 22 iterations
[INFO] [1790552938.244804629] [pose_estimator]: RPE: trans 0.3890 | rot 0.00287 (0.116 deg)
Matched 360 keypoints
[INFO] [1790552938.420727713] [pose_estimator]: RANSAC: 300 inliers / 360, 22 iterations
[INFO] [1790552938.434452671] [pose_estimator]: RPE: trans 0.0381 | rot 0.00297 (0.120 deg)
Matched 372 keypoints
[INFO] [1790552938.627449546] [pose_estimator]: RANSAC: 260 inliers / 372, 117 iterations
[INFO] [1790552938.629372088] [pose_estimator]: RPE: trans 0.0697 | rot 0.00147 (0.060 deg)
Matched 381 keypoints
[INFO] [1790552938.754650296] [pose_estimator]: RANSAC: 281 inliers / 381, 76 iterations
[INFO] [1790552938.762784213] [pose_estimator]: RPE: trans 0.1091 | rot 0.00682 (0.276 deg)
Matched 331 keypoints
[INFO] [1790552938.956043713] [pose_estimator]: RANSAC: 239 inliers / 331, 84 iterations
[INFO] [1790552938.963364255] [pose_estimator]: RPE: trans 0.1683 | rot 0.01033 (0.418 deg)
Matched 360 keypoints
[INFO] [1790552939.121679921] [pose_estimator]: RANSAC: 299 inliers / 360, 23 iterations
[INFO] [1790552939.122542630] [pose_estimator]: RPE: trans 0.1201 | rot 0.00278 (0.113 deg)
Matched 365 keypoints
[INFO] [1790552939.252092838] [pose_estimator]: RANSAC: 263 inliers / 365, 86 iterations
[INFO] [1790552939.252264130] [pose_estimator]: RPE: trans 0.0818 | rot 0.00089 (0.036 deg)
Matched 334 keypoints
[INFO] [1790552939.375655922] [pose_estimator]: RANSAC: 239 inliers / 334, 95 iterations
[INFO] [1790552939.375828255] [pose_estimator]: RPE: trans 0.1172 | rot 0.00483 (0.196 deg)
Matched 344 keypoints
[INFO] [1790552939.491669172] [pose_estimator]: RANSAC: 290 inliers / 344, 20 iterations
[INFO] [1790552939.491854130] [pose_estimator]: RPE: trans 0.1400 | rot 0.00393 (0.159 deg)
Matched 354 keypoints
[INFO] [1790552939.616251380] [pose_estimator]: RANSAC: 286 inliers / 354, 30 iterations
[INFO] [1790552939.619104547] [pose_estimator]: RPE: trans 0.1702 | rot 0.00385 (0.156 deg)
Matched 305 keypoints
[INFO] [1790552939.743304963] [pose_estimator]: RANSAC: 254 inliers / 305, 79 iterations
[INFO] [1790552939.743501338] [pose_estimator]: RPE: trans 0.0593 | rot 0.00368 (0.149 deg)
Matched 293 keypoints
[INFO] [1790552939.867826797] [pose_estimator]: RANSAC: 217 inliers / 293, 67 iterations
[INFO] [1790552939.868009422] [pose_estimator]: RPE: trans 0.1058 | rot 0.00367 (0.149 deg)
Matched 343 keypoints
[INFO] [1790552939.987190255] [pose_estimator]: RANSAC: 313 inliers / 343, 24 iterations
[INFO] [1790552939.989212380] [pose_estimator]: RPE: trans 0.2020 | rot 0.00703 (0.285 deg)
Matched 272 keypoints
[INFO] [1790552940.122203255] [pose_estimator]: RANSAC: 221 inliers / 272, 28 iterations
[INFO] [1790552940.138870172] [pose_estimator]: RPE: trans 0.0733 | rot 0.00660 (0.267 deg)
Matched 308 keypoints
[INFO] [1790552940.668337256] [pose_estimator]: RANSAC: 267 inliers / 308, 16 iterations
[INFO] [1790552940.668552131] [pose_estimator]: RPE: trans 0.0673 | rot 0.00529 (0.214 deg)
Matched 228 keypoints
[INFO] [1790552940.781652589] [pose_estimator]: RANSAC: 177 inliers / 228, 43 iterations
[INFO] [1790552940.781849756] [pose_estimator]: RPE: trans 0.0585 | rot 0.00968 (0.392 deg)
Matched 354 keypoints
[INFO] [1790552940.918748089] [pose_estimator]: RANSAC: 322 inliers / 354, 19 iterations
[INFO] [1790552940.919022922] [pose_estimator]: RPE: trans 0.0782 | rot 0.00556 (0.225 deg)
Matched 319 keypoints
[INFO] [1790552941.041010089] [pose_estimator]: RANSAC: 283 inliers / 319, 50 iterations
[INFO] [1790552941.041205172] [pose_estimator]: RPE: trans 0.0910 | rot 0.00120 (0.049 deg)
Matched 344 keypoints
[INFO] [1790552941.155278172] [pose_estimator]: RANSAC: 312 inliers / 344, 9 iterations
[INFO] [1790552941.155456589] [pose_estimator]: RPE: trans 0.1740 | rot 0.00843 (0.342 deg)
Matched 271 keypoints
[INFO] [1790552941.287785881] [pose_estimator]: RANSAC: 211 inliers / 271, 80 iterations
[INFO] [1790552941.287975922] [pose_estimator]: RPE: trans 0.0977 | rot 0.00256 (0.104 deg)
Matched 311 keypoints
[INFO] [1790552941.454729381] [pose_estimator]: RANSAC: 263 inliers / 311, 52 iterations
[INFO] [1790552941.456086714] [pose_estimator]: RPE: trans 0.0710 | rot 0.01243 (0.503 deg)
Matched 250 keypoints
[INFO] [1790552941.573210048] [pose_estimator]: RANSAC: 185 inliers / 250, 67 iterations
[INFO] [1790552941.573393048] [pose_estimator]: RPE: trans 0.0334 | rot 0.00061 (0.025 deg)
Matched 379 keypoints
[INFO] [1790552941.690961423] [pose_estimator]: RANSAC: 360 inliers / 379, 8 iterations
[INFO] [1790552941.691215089] [pose_estimator]: RPE: trans 0.1957 | rot 0.00494 (0.200 deg)
Matched 321 keypoints
[INFO] [1790552941.814926214] [pose_estimator]: RANSAC: 294 inliers / 321, 63 iterations
[INFO] [1790552941.826239631] [pose_estimator]: RPE: trans 0.0512 | rot 0.00473 (0.192 deg)
Matched 380 keypoints
[INFO] [1790552941.983199423] [pose_estimator]: RANSAC: 326 inliers / 380, 22 iterations
[INFO] [1790552941.983384089] [pose_estimator]: RPE: trans 0.2684 | rot 0.00339 (0.137 deg)
Matched 358 keypoints
[INFO] [1790552942.100137506] [pose_estimator]: RANSAC: 304 inliers / 358, 18 iterations
[INFO] [1790552942.100318381] [pose_estimator]: RPE: trans 0.4157 | rot 0.01225 (0.496 deg)
Matched 376 keypoints
[INFO] [1790552942.244222256] [pose_estimator]: RANSAC: 331 inliers / 376, 13 iterations
[INFO] [1790552942.245920048] [pose_estimator]: RPE: trans 0.2930 | rot 0.00460 (0.186 deg)
Matched 336 keypoints
[INFO] [1790552942.401301798] [pose_estimator]: RANSAC: 293 inliers / 336, 14 iterations
[INFO] [1790552942.401498673] [pose_estimator]: RPE: trans 0.2732 | rot 0.00492 (0.199 deg)
Matched 364 keypoints
[INFO] [1790552942.524956340] [pose_estimator]: RANSAC: 327 inliers / 364, 10 iterations
[INFO] [1790552942.525116381] [pose_estimator]: RPE: trans 1.4906 | rot 0.01454 (0.589 deg)
Matched 415 keypoints
[INFO] [1790552942.643866048] [pose_estimator]: RANSAC: 376 inliers / 415, 18 iterations
[INFO] [1790552942.644493298] [pose_estimator]: RPE: trans 0.8242 | rot 0.00740 (0.300 deg)
Matched 352 keypoints
[INFO] [1790552942.760182423] [pose_estimator]: RANSAC: 307 inliers / 352, 15 iterations
[INFO] [1790552942.760365465] [pose_estimator]: RPE: trans 1.5720 | rot 0.02209 (0.895 deg)
Matched 384 keypoints
[INFO] [1790552942.877828798] [pose_estimator]: RANSAC: 351 inliers / 384, 12 iterations
[INFO] [1790552942.878013882] [pose_estimator]: RPE: trans 1.9903 | rot 0.00833 (0.338 deg)
Matched 400 keypoints
[INFO] [1790552943.002846382] [pose_estimator]: RANSAC: 350 inliers / 400, 38 iterations
[INFO] [1790552943.003006590] [pose_estimator]: RPE: trans 0.4457 | rot 0.00553 (0.224 deg)
Matched 428 keypoints
[INFO] [1790552943.123793840] [pose_estimator]: RANSAC: 388 inliers / 428, 29 iterations
[INFO] [1790552943.124722673] [pose_estimator]: RPE: trans 0.7760 | rot 0.00629 (0.255 deg)
Matched 416 keypoints
[INFO] [1790552943.279430840] [pose_estimator]: RANSAC: 343 inliers / 416, 24 iterations
[INFO] [1790552943.279726132] [pose_estimator]: RPE: trans 0.2283 | rot 0.00655 (0.266 deg)
Matched 409 keypoints
[INFO] [1790552943.444006007] [pose_estimator]: RANSAC: 347 inliers / 409, 29 iterations
[INFO] [1790552943.444580049] [pose_estimator]: RPE: trans 0.2494 | rot 0.00731 (0.296 deg)
Matched 339 keypoints
[INFO] [1790552943.600738090] [pose_estimator]: RANSAC: 298 inliers / 339, 97 iterations
[INFO] [1790552943.603417799] [pose_estimator]: RPE: trans 0.1859 | rot 0.00084 (0.034 deg)
Matched 337 keypoints
[INFO] [1790552943.727253590] [pose_estimator]: RANSAC: 288 inliers / 337, 17 iterations
[INFO] [1790552943.727559132] [pose_estimator]: RPE: trans 0.1085 | rot 0.00646 (0.262 deg)
Matched 369 keypoints
[INFO] [1790552943.870616424] [pose_estimator]: RANSAC: 302 inliers / 369, 37 iterations
[INFO] [1790552943.870964174] [pose_estimator]: RPE: trans 0.7295 | rot 0.00876 (0.355 deg)
Matched 365 keypoints
[INFO] [1790552944.116373841] [pose_estimator]: RANSAC: 303 inliers / 365, 28 iterations
[INFO] [1790552944.116705216] [pose_estimator]: RPE: trans 1.8550 | rot 0.01294 (0.524 deg)
Matched 327 keypoints
[INFO] [1790552944.275303049] [pose_estimator]: RANSAC: 251 inliers / 327, 48 iterations
[INFO] [1790552944.275488924] [pose_estimator]: RPE: trans 0.4817 | rot 0.02570 (1.041 deg)
Matched 365 keypoints
[INFO] [1790552944.432832757] [pose_estimator]: RANSAC: 277 inliers / 365, 53 iterations
[INFO] [1790552944.433138549] [pose_estimator]: RPE: trans 0.6983 | rot 0.00549 (0.223 deg)
Matched 317 keypoints
[INFO] [1790552944.555780966] [pose_estimator]: RANSAC: 293 inliers / 317, 46 iterations
[INFO] [1790552944.556087674] [pose_estimator]: RPE: trans 0.1126 | rot 0.01320 (0.535 deg)
Matched 338 keypoints
[INFO] [1790552944.784510007] [pose_estimator]: RANSAC: 313 inliers / 338, 40 iterations
[INFO] [1790552944.784687882] [pose_estimator]: RPE: trans 0.2173 | rot 0.00295 (0.119 deg)
Matched 316 keypoints
[INFO] [1790552944.920912799] [pose_estimator]: RANSAC: 278 inliers / 316, 14 iterations
[INFO] [1790552944.921079633] [pose_estimator]: RPE: trans 0.0670 | rot 0.00465 (0.188 deg)
Matched 401 keypoints
[INFO] [1790552945.042919008] [pose_estimator]: RANSAC: 350 inliers / 401, 14 iterations
[INFO] [1790552945.043103383] [pose_estimator]: RPE: trans 0.1277 | rot 0.00428 (0.173 deg)
Matched 343 keypoints
[INFO] [1790552945.158141008] [pose_estimator]: RANSAC: 307 inliers / 343, 11 iterations
[INFO] [1790552945.158286341] [pose_estimator]: RPE: trans 0.1159 | rot 0.00467 (0.189 deg)
Matched 355 keypoints
[INFO] [1790552945.283085758] [pose_estimator]: RANSAC: 302 inliers / 355, 18 iterations
[INFO] [1790552945.285912716] [pose_estimator]: RPE: trans 0.2024 | rot 0.00164 (0.066 deg)
Matched 330 keypoints
[INFO] [1790552945.441707716] [pose_estimator]: RANSAC: 291 inliers / 330, 66 iterations
[INFO] [1790552945.441903091] [pose_estimator]: RPE: trans 0.0835 | rot 0.00538 (0.218 deg)
Matched 260 keypoints
[INFO] [1790552945.583543800] [pose_estimator]: RANSAC: 227 inliers / 260, 14 iterations
[INFO] [1790552945.583717966] [pose_estimator]: RPE: trans 0.1284 | rot 0.00730 (0.296 deg)
Matched 328 keypoints
[INFO] [1790552945.723240050] [pose_estimator]: RANSAC: 264 inliers / 328, 31 iterations
[INFO] [1790552945.724555383] [pose_estimator]: RPE: trans 1.8624 | rot 0.01364 (0.553 deg)
Matched 305 keypoints
[INFO] [1790552945.849893841] [pose_estimator]: RANSAC: 247 inliers / 305, 60 iterations
[INFO] [1790552945.850858550] [pose_estimator]: RPE: trans 0.2040 | rot 0.00936 (0.379 deg)
Matched 269 keypoints
[INFO] [1790552945.966209800] [pose_estimator]: RANSAC: 218 inliers / 269, 29 iterations
[INFO] [1790552945.966362175] [pose_estimator]: RPE: trans 0.1346 | rot 0.00468 (0.190 deg)
Matched 310 keypoints
[INFO] [1790552946.092313216] [pose_estimator]: RANSAC: 250 inliers / 310, 55 iterations
[INFO] [1790552946.092539216] [pose_estimator]: RPE: trans 0.1088 | rot 0.00532 (0.216 deg)
Matched 319 keypoints
[INFO] [1790552946.236028508] [pose_estimator]: RANSAC: 257 inliers / 319, 30 iterations
[INFO] [1790552946.238143050] [pose_estimator]: RPE: trans 0.4592 | rot 0.00892 (0.361 deg)
Matched 252 keypoints
[INFO] [1790552946.361653758] [pose_estimator]: RANSAC: 204 inliers / 252, 29 iterations
[INFO] [1790552946.361830383] [pose_estimator]: RPE: trans 0.3448 | rot 0.00517 (0.209 deg)
Matched 320 keypoints
[INFO] [1790552946.480379842] [pose_estimator]: RANSAC: 277 inliers / 320, 15 iterations
[INFO] [1790552946.480556133] [pose_estimator]: RPE: trans 0.3520 | rot 0.00534 (0.216 deg)
Matched 363 keypoints
[INFO] [1790552946.622821800] [pose_estimator]: RANSAC: 324 inliers / 363, 11 iterations
[INFO] [1790552946.624124217] [pose_estimator]: RPE: trans 0.4076 | rot 0.00746 (0.302 deg)
Matched 314 keypoints
[INFO] [1790552946.753622717] [pose_estimator]: RANSAC: 277 inliers / 314, 13 iterations
[INFO] [1790552946.753828258] [pose_estimator]: RPE: trans 0.2969 | rot 0.00572 (0.232 deg)
Matched 334 keypoints
[INFO] [1790552946.900990259] [pose_estimator]: RANSAC: 258 inliers / 334, 101 iterations
[INFO] [1790552946.901153425] [pose_estimator]: RPE: trans 0.0660 | rot 0.00177 (0.072 deg)
Matched 303 keypoints
[INFO] [1790552947.013554717] [pose_estimator]: RANSAC: 264 inliers / 303, 31 iterations
[INFO] [1790552947.013726467] [pose_estimator]: RPE: trans 0.2588 | rot 0.00737 (0.299 deg)
Matched 274 keypoints
[INFO] [1790552947.154545092] [pose_estimator]: RANSAC: 203 inliers / 274, 67 iterations
[INFO] [1790552947.159885175] [pose_estimator]: RPE: trans 0.1467 | rot 0.00183 (0.074 deg)
Matched 283 keypoints
[INFO] [1790552947.309626009] [pose_estimator]: RANSAC: 195 inliers / 283, 130 iterations
[INFO] [1790552947.309885800] [pose_estimator]: RPE: trans 0.3678 | rot 0.00390 (0.158 deg)
Matched 280 keypoints
[INFO] [1790552947.428027717] [pose_estimator]: RANSAC: 240 inliers / 280, 115 iterations
[INFO] [1790552947.428223217] [pose_estimator]: RPE: trans 0.0568 | rot 0.00515 (0.208 deg)
Matched 351 keypoints
[INFO] [1790552947.626551176] [pose_estimator]: RANSAC: 305 inliers / 351, 14 iterations
[INFO] [1790552947.626725509] [pose_estimator]: RPE: trans 1.9469 | rot 0.02295 (0.930 deg)
Matched 329 keypoints
[INFO] [1790552947.782783176] [pose_estimator]: RANSAC: 254 inliers / 329, 57 iterations
[INFO] [1790552947.782970134] [pose_estimator]: RPE: trans 0.0702 | rot 0.00593 (0.240 deg)
Matched 342 keypoints
[INFO] [1790552947.905434092] [pose_estimator]: RANSAC: 305 inliers / 342, 11 iterations
[INFO] [1790552947.905605509] [pose_estimator]: RPE: trans 0.1147 | rot 0.00467 (0.189 deg)
Matched 349 keypoints
[INFO] [1790552948.056634592] [pose_estimator]: RANSAC: 287 inliers / 349, 38 iterations
[INFO] [1790552948.058589967] [pose_estimator]: RPE: trans 0.1178 | rot 0.00081 (0.033 deg)
Matched 359 keypoints
[INFO] [1790552948.208824926] [pose_estimator]: RANSAC: 316 inliers / 359, 68 iterations
[INFO] [1790552948.209027342] [pose_estimator]: RPE: trans 0.2456 | rot 0.00473 (0.191 deg)
Matched 284 keypoints
[INFO] [1790552948.355773926] [pose_estimator]: RANSAC: 221 inliers / 284, 99 iterations
[INFO] [1790552948.371963884] [pose_estimator]: RPE: trans 0.0424 | rot 0.00239 (0.097 deg)
Matched 301 keypoints
[INFO] [1790552948.525544301] [pose_estimator]: RANSAC: 259 inliers / 301, 21 iterations
[INFO] [1790552948.525701801] [pose_estimator]: RPE: trans 0.2665 | rot 0.00864 (0.350 deg)
Matched 318 keypoints
[INFO] [1790552948.643542551] [pose_estimator]: RANSAC: 280 inliers / 318, 13 iterations
[INFO] [1790552948.643742259] [pose_estimator]: RPE: trans 0.1718 | rot 0.00360 (0.146 deg)
Matched 302 keypoints
[INFO] [1790552948.803682593] [pose_estimator]: RANSAC: 197 inliers / 302, 214 iterations
[INFO] [1790552948.816411509] [pose_estimator]: RPE: trans 0.2293 | rot 0.00681 (0.276 deg)
Matched 325 keypoints
[INFO] [1790552948.945892384] [pose_estimator]: RANSAC: 288 inliers / 325, 18 iterations
[INFO] [1790552948.947623884] [pose_estimator]: RPE: trans 0.2293 | rot 0.00211 (0.086 deg)
Matched 304 keypoints
[INFO] [1790552949.257161093] [pose_estimator]: RANSAC: 257 inliers / 304, 19 iterations
[INFO] [1790552949.279006343] [pose_estimator]: RPE: trans 0.2956 | rot 0.00370 (0.150 deg)
Matched 278 keypoints
[INFO] [1790552949.399766718] [pose_estimator]: RANSAC: 234 inliers / 278, 183 iterations
[INFO] [1790552949.401206801] [pose_estimator]: RPE: trans 0.0467 | rot 0.00101 (0.041 deg)
Matched 346 keypoints
[INFO] [1790552949.566260551] [pose_estimator]: RANSAC: 283 inliers / 346, 26 iterations
[INFO] [1790552949.566429343] [pose_estimator]: RPE: trans 0.1351 | rot 0.00480 (0.195 deg)
Matched 371 keypoints
[INFO] [1790552949.686172343] [pose_estimator]: RANSAC: 339 inliers / 371, 8 iterations
[INFO] [1790552949.686344927] [pose_estimator]: RPE: trans 0.0428 | rot 0.00278 (0.113 deg)
Matched 396 keypoints
[INFO] [1790552949.825849760] [pose_estimator]: RANSAC: 361 inliers / 396, 9 iterations
[INFO] [1790552949.826018052] [pose_estimator]: RPE: trans 0.3519 | rot 0.00858 (0.347 deg)
Matched 312 keypoints
[INFO] [1790552949.941007718] [pose_estimator]: RANSAC: 253 inliers / 312, 56 iterations
[INFO] [1790552949.941190802] [pose_estimator]: RPE: trans 0.0098 | rot 0.00347 (0.140 deg)
Matched 378 keypoints
[INFO] [1790552950.099273260] [pose_estimator]: RANSAC: 324 inliers / 378, 21 iterations
[INFO] [1790552950.099476427] [pose_estimator]: RPE: trans 0.2411 | rot 0.00455 (0.184 deg)
Matched 318 keypoints
[INFO] [1790552950.216918177] [pose_estimator]: RANSAC: 259 inliers / 318, 27 iterations
[INFO] [1790552950.217528218] [pose_estimator]: RPE: trans 0.0268 | rot 0.00188 (0.076 deg)
Matched 429 keypoints
[INFO] [1790552950.340606802] [pose_estimator]: RANSAC: 373 inliers / 429, 25 iterations
[INFO] [1790552950.342324760] [pose_estimator]: RPE: trans 0.1428 | rot 0.00500 (0.203 deg)
Matched 381 keypoints
[INFO] [1790552950.471238385] [pose_estimator]: RANSAC: 327 inliers / 381, 42 iterations
[INFO] [1790552950.471444594] [pose_estimator]: RPE: trans 0.1485 | rot 0.00319 (0.129 deg)
Matched 441 keypoints
[INFO] [1790552950.636171219] [pose_estimator]: RANSAC: 341 inliers / 441, 45 iterations
[INFO] [1790552950.646884385] [pose_estimator]: RPE: trans 0.0542 | rot 0.00649 (0.263 deg)
Matched 426 keypoints
[INFO] [1790552950.817804760] [pose_estimator]: RANSAC: 325 inliers / 426, 51 iterations
[INFO] [1790552950.817978469] [pose_estimator]: RPE: trans 0.4784 | rot 0.02355 (0.954 deg)
Matched 478 keypoints
[INFO] [1790552950.964654844] [pose_estimator]: RANSAC: 370 inliers / 478, 44 iterations
[INFO] [1790552950.964816594] [pose_estimator]: RPE: trans 1.2546 | rot 0.01172 (0.475 deg)
Matched 413 keypoints
[INFO] [1790552951.104824552] [pose_estimator]: RANSAC: 325 inliers / 413, 44 iterations
[INFO] [1790552951.108113302] [pose_estimator]: RPE: trans 0.1348 | rot 0.00631 (0.256 deg)
Matched 483 keypoints
[INFO] [1790552951.255973677] [pose_estimator]: RANSAC: 402 inliers / 483, 22 iterations
[INFO] [1790552951.256150386] [pose_estimator]: RPE: trans 0.1595 | rot 0.00698 (0.283 deg)
Matched 443 keypoints
[INFO] [1790552951.385993969] [pose_estimator]: RANSAC: 327 inliers / 443, 99 iterations
[INFO] [1790552951.386170427] [pose_estimator]: RPE: trans 0.0372 | rot 0.00182 (0.074 deg)
Matched 415 keypoints
[INFO] [1790552951.993433553] [pose_estimator]: RANSAC: 329 inliers / 415, 35 iterations
[INFO] [1790552952.011648969] [pose_estimator]: RPE: trans 0.1364 | rot 0.00629 (0.255 deg)
Matched 337 keypoints
[INFO] [1790552952.153130928] [pose_estimator]: RANSAC: 252 inliers / 337, 100 iterations
[INFO] [1790552952.153314553] [pose_estimator]: RPE: trans 0.0183 | rot 0.00245 (0.099 deg)
Matched 457 keypoints
[INFO] [1790552952.296520969] [pose_estimator]: RANSAC: 394 inliers / 457, 29 iterations
[INFO] [1790552952.296709719] [pose_estimator]: RPE: trans 0.2596 | rot 0.00913 (0.370 deg)
Matched 436 keypoints
[INFO] [1790552952.423285136] [pose_estimator]: RANSAC: 354 inliers / 436, 28 iterations
[INFO] [1790552952.423569469] [pose_estimator]: RPE: trans 0.2105 | rot 0.00476 (0.193 deg)
Matched 475 keypoints
[INFO] [1790552952.550122595] [pose_estimator]: RANSAC: 383 inliers / 475, 31 iterations
[INFO] [1790552952.550316386] [pose_estimator]: RPE: trans 0.0519 | rot 0.00181 (0.073 deg)
Matched 443 keypoints
[INFO] [1790552952.701134636] [pose_estimator]: RANSAC: 352 inliers / 443, 57 iterations
[INFO] [1790552952.701346761] [pose_estimator]: RPE: trans 0.0463 | rot 0.00118 (0.048 deg)
Matched 419 keypoints
[INFO] [1790552952.852718428] [pose_estimator]: RANSAC: 353 inliers / 419, 20 iterations
[INFO] [1790552952.854154095] [pose_estimator]: RPE: trans 0.5947 | rot 0.01229 (0.498 deg)
Matched 405 keypoints
[INFO] [1790552953.003898136] [pose_estimator]: RANSAC: 346 inliers / 405, 17 iterations
[INFO] [1790552953.004068636] [pose_estimator]: RPE: trans 0.0705 | rot 0.00278 (0.113 deg)
Matched 435 keypoints
[INFO] [1790552953.124878845] [pose_estimator]: RANSAC: 338 inliers / 435, 43 iterations
[INFO] [1790552953.125050720] [pose_estimator]: RPE: trans 0.3117 | rot 0.00838 (0.340 deg)
Matched 469 keypoints
[INFO] [1790552953.255929678] [pose_estimator]: RANSAC: 395 inliers / 469, 20 iterations
[INFO] [1790552953.257159762] [pose_estimator]: RPE: trans 1.1307 | rot 0.01718 (0.696 deg)
Matched 451 keypoints
[INFO] [1790552953.389007303] [pose_estimator]: RANSAC: 364 inliers / 451, 30 iterations
[INFO] [1790552953.389178178] [pose_estimator]: RPE: trans 0.1297 | rot 0.00739 (0.299 deg)
Matched 450 keypoints
[INFO] [1790552953.728429845] [pose_estimator]: RANSAC: 387 inliers / 450, 16 iterations
[INFO] [1790552953.739260137] [pose_estimator]: RPE: trans 0.2845 | rot 0.00591 (0.239 deg)
Matched 403 keypoints
[INFO] [1790552953.916287637] [pose_estimator]: RANSAC: 338 inliers / 403, 21 iterations
[INFO] [1790552953.916532720] [pose_estimator]: RPE: trans 0.0070 | rot 0.00099 (0.040 deg)
Matched 474 keypoints
[INFO] [1790552954.068275012] [pose_estimator]: RANSAC: 405 inliers / 474, 17 iterations
[INFO] [1790552954.073145970] [pose_estimator]: RPE: trans 0.0521 | rot 0.00111 (0.045 deg)
Matched 468 keypoints
[INFO] [1790552954.253410304] [pose_estimator]: RANSAC: 411 inliers / 468, 14 iterations
[INFO] [1790552954.254406637] [pose_estimator]: RPE: trans 0.0541 | rot 0.00160 (0.065 deg)
Matched 456 keypoints
[INFO] [1790552954.379395637] [pose_estimator]: RANSAC: 376 inliers / 456, 24 iterations
[INFO] [1790552954.379579804] [pose_estimator]: RPE: trans 0.0908 | rot 0.00301 (0.122 deg)
Matched 422 keypoints
[INFO] [1790552954.520332595] [pose_estimator]: RANSAC: 368 inliers / 422, 24 iterations
[INFO] [1790552954.522082054] [pose_estimator]: RPE: trans 0.0429 | rot 0.00221 (0.090 deg)
Matched 436 keypoints
[INFO] [1790552954.651630929] [pose_estimator]: RANSAC: 358 inliers / 436, 31 iterations
[INFO] [1790552954.651817262] [pose_estimator]: RPE: trans 0.6968 | rot 0.01841 (0.746 deg)
Matched 420 keypoints
[INFO] [1790552954.801664554] [pose_estimator]: RANSAC: 361 inliers / 420, 16 iterations
[INFO] [1790552954.801874929] [pose_estimator]: RPE: trans 0.1938 | rot 0.00383 (0.155 deg)
Matched 395 keypoints
[INFO] [1790552954.926683387] [pose_estimator]: RANSAC: 320 inliers / 395, 29 iterations
[INFO] [1790552954.926877887] [pose_estimator]: RPE: trans 0.1117 | rot 0.00399 (0.161 deg)
Matched 451 keypoints
[INFO] [1790552955.208298554] [pose_estimator]: RANSAC: 368 inliers / 451, 27 iterations
[INFO] [1790552955.208491679] [pose_estimator]: RPE: trans 0.2540 | rot 0.00508 (0.206 deg)
Matched 370 keypoints
[INFO] [1790552955.353821888] [pose_estimator]: RANSAC: 310 inliers / 370, 34 iterations
[INFO] [1790552955.354007638] [pose_estimator]: RPE: trans 0.0097 | rot 0.00151 (0.061 deg)
Matched 453 keypoints
[INFO] [1790552955.531195263] [pose_estimator]: RANSAC: 395 inliers / 453, 17 iterations
[INFO] [1790552955.532459971] [pose_estimator]: RPE: trans 0.0898 | rot 0.00292 (0.118 deg)
Matched 419 keypoints
[INFO] [1790552955.662057013] [pose_estimator]: RANSAC: 359 inliers / 419, 17 iterations
[INFO] [1790552955.662239429] [pose_estimator]: RPE: trans 0.2345 | rot 0.00401 (0.162 deg)
Matched 433 keypoints
[INFO] [1790552955.819775179] [pose_estimator]: RANSAC: 380 inliers / 433, 16 iterations
[INFO] [1790552955.828918304] [pose_estimator]: RPE: trans 0.0905 | rot 0.00173 (0.070 deg)
Matched 394 keypoints
[INFO] [1790552955.980906346] [pose_estimator]: RANSAC: 349 inliers / 394, 12 iterations
[INFO] [1790552955.981102138] [pose_estimator]: RPE: trans 0.0633 | rot 0.00194 (0.079 deg)
Matched 428 keypoints
[INFO] [1790552956.123617013] [pose_estimator]: RANSAC: 358 inliers / 428, 26 iterations
[INFO] [1790552956.123784846] [pose_estimator]: RPE: trans 0.0615 | rot 0.00019 (0.008 deg)
Matched 409 keypoints
[INFO] [1790552956.249537513] [pose_estimator]: RANSAC: 366 inliers / 409, 11 iterations
[INFO] [1790552956.252182305] [pose_estimator]: RPE: trans 0.0462 | rot 0.00100 (0.040 deg)
Matched 426 keypoints
[INFO] [1790552956.384050680] [pose_estimator]: RANSAC: 352 inliers / 426, 25 iterations
[INFO] [1790552956.384226513] [pose_estimator]: RPE: trans 0.1950 | rot 0.00738 (0.299 deg)
Matched 424 keypoints
[INFO] [1790552956.538552180] [pose_estimator]: RANSAC: 367 inliers / 424, 16 iterations
[INFO] [1790552956.538722763] [pose_estimator]: RPE: trans 0.0240 | rot 0.00152 (0.062 deg)
Matched 417 keypoints
[INFO] [1790552956.658849096] [pose_estimator]: RANSAC: 331 inliers / 417, 35 iterations
[INFO] [1790552956.659003013] [pose_estimator]: RPE: trans 0.0805 | rot 0.00287 (0.116 deg)
Matched 428 keypoints
[INFO] [1790552956.808123722] [pose_estimator]: RANSAC: 369 inliers / 428, 16 iterations
[INFO] [1790552956.808301263] [pose_estimator]: RPE: trans 0.9734 | rot 0.02291 (0.928 deg)
Matched 411 keypoints
[INFO] [1790552956.949242388] [pose_estimator]: RANSAC: 351 inliers / 411, 17 iterations
[INFO] [1790552956.949453222] [pose_estimator]: RPE: trans 0.0152 | rot 0.00131 (0.053 deg)
Matched 436 keypoints
[INFO] [1790552957.084631930] [pose_estimator]: RANSAC: 379 inliers / 436, 14 iterations
[INFO] [1790552957.084808972] [pose_estimator]: RPE: trans 0.0278 | rot 0.00079 (0.032 deg)
Matched 422 keypoints
[INFO] [1790552957.240004972] [pose_estimator]: RANSAC: 344 inliers / 422, 27 iterations
[INFO] [1790552957.241510472] [pose_estimator]: RPE: trans 0.2485 | rot 0.00598 (0.242 deg)
Matched 409 keypoints
[INFO] [1790552957.371532930] [pose_estimator]: RANSAC: 338 inliers / 409, 24 iterations
[INFO] [1790552957.371694597] [pose_estimator]: RPE: trans 0.0462 | rot 0.00133 (0.054 deg)
Matched 435 keypoints
[INFO] [1790552957.526040639] [pose_estimator]: RANSAC: 372 inliers / 435, 17 iterations
[INFO] [1790552957.526213347] [pose_estimator]: RPE: trans 0.1433 | rot 0.00339 (0.137 deg)
Matched 404 keypoints
[INFO] [1790552957.714791430] [pose_estimator]: RANSAC: 335 inliers / 404, 30 iterations
[INFO] [1790552957.727996639] [pose_estimator]: RPE: trans 0.1425 | rot 0.00497 (0.201 deg)
Matched 401 keypoints
[INFO] [1790552957.959863347] [pose_estimator]: RANSAC: 322 inliers / 401, 33 iterations
[INFO] [1790552957.977119347] [pose_estimator]: RPE: trans 0.0273 | rot 0.00222 (0.090 deg)
Matched 418 keypoints
[INFO] [1790552958.160855000] [pose_estimator]: RANSAC: 333 inliers / 418, 34 iterations
[INFO] [1790552958.161447958] [pose_estimator]: RPE: trans 0.2009 | rot 0.00606 (0.245 deg)
Matched 399 keypoints
[INFO] [1790552958.304452041] [pose_estimator]: RANSAC: 344 inliers / 399, 16 iterations
[INFO] [1790552958.304656458] [pose_estimator]: RPE: trans 0.0355 | rot 0.00097 (0.039 deg)
Matched 387 keypoints
[INFO] [1790552958.424113791] [pose_estimator]: RANSAC: 340 inliers / 387, 13 iterations
[INFO] [1790552958.424299500] [pose_estimator]: RPE: trans 0.0182 | rot 0.00123 (0.050 deg)
Matched 404 keypoints
[INFO] [1790552958.630007250] [pose_estimator]: RANSAC: 338 inliers / 404, 21 iterations
[INFO] [1790552958.635062166] [pose_estimator]: RPE: trans 0.1954 | rot 0.00478 (0.194 deg)
Matched 365 keypoints
[INFO] [1790552958.775370208] [pose_estimator]: RANSAC: 309 inliers / 365, 19 iterations
[INFO] [1790552958.775563375] [pose_estimator]: RPE: trans 0.0411 | rot 0.00222 (0.090 deg)
Matched 357 keypoints
[INFO] [1790552958.921226458] [pose_estimator]: RANSAC: 280 inliers / 357, 39 iterations
[INFO] [1790552958.925393917] [pose_estimator]: RPE: trans 0.1789 | rot 0.00710 (0.288 deg)
Matched 390 keypoints
[INFO] [1790552959.054466792] [pose_estimator]: RANSAC: 338 inliers / 390, 15 iterations
[INFO] [1790552959.063574417] [pose_estimator]: RPE: trans 0.0575 | rot 0.00224 (0.091 deg)
Matched 415 keypoints
[INFO] [1790552959.220810500] [pose_estimator]: RANSAC: 364 inliers / 415, 13 iterations
[INFO] [1790552959.220982542] [pose_estimator]: RPE: trans 0.0286 | rot 0.00116 (0.047 deg)
Matched 356 keypoints
[INFO] [1790552959.372605875] [pose_estimator]: RANSAC: 303 inliers / 356, 18 iterations
[INFO] [1790552959.376466542] [pose_estimator]: RPE: trans 0.0183 | rot 0.00118 (0.048 deg)
Matched 407 keypoints
[INFO] [1790552959.534341625] [pose_estimator]: RANSAC: 347 inliers / 407, 18 iterations
[INFO] [1790552959.534506709] [pose_estimator]: RPE: trans 0.6559 | rot 0.01026 (0.416 deg)
Matched 360 keypoints
[INFO] [1790552959.688219084] [pose_estimator]: RANSAC: 312 inliers / 360, 15 iterations
[INFO] [1790552959.688400834] [pose_estimator]: RPE: trans 0.1808 | rot 0.00646 (0.262 deg)
Matched 405 keypoints
[INFO] [1790552959.835557959] [pose_estimator]: RANSAC: 334 inliers / 405, 24 iterations
[INFO] [1790552959.844047584] [pose_estimator]: RPE: trans 0.0576 | rot 0.00268 (0.108 deg)
Matched 403 keypoints
[INFO] [1790552960.005744667] [pose_estimator]: RANSAC: 337 inliers / 403, 21 iterations
[INFO] [1790552960.005950750] [pose_estimator]: RPE: trans 0.1164 | rot 0.00623 (0.252 deg)
Matched 423 keypoints
[INFO] [1790552960.133331209] [pose_estimator]: RANSAC: 359 inliers / 423, 18 iterations
[INFO] [1790552960.133508084] [pose_estimator]: RPE: trans 0.0896 | rot 0.00288 (0.117 deg)
Matched 424 keypoints
[INFO] [1790552960.271858959] [pose_estimator]: RANSAC: 357 inliers / 424, 20 iterations
[INFO] [1790552960.274158042] [pose_estimator]: RPE: trans 0.0313 | rot 0.00257 (0.104 deg)
Matched 434 keypoints
[INFO] [1790552960.427819167] [pose_estimator]: RANSAC: 353 inliers / 434, 29 iterations
[INFO] [1790552960.428007584] [pose_estimator]: RPE: trans 0.3487 | rot 0.00887 (0.359 deg)
Matched 395 keypoints
[INFO] [1790552960.599065001] [pose_estimator]: RANSAC: 333 inliers / 395, 20 iterations
[INFO] [1790552960.599242334] [pose_estimator]: RPE: trans 0.0581 | rot 0.00157 (0.063 deg)
Matched 388 keypoints
[INFO] [1790552960.744993167] [pose_estimator]: RANSAC: 306 inliers / 388, 39 iterations
[INFO] [1790552960.763747084] [pose_estimator]: RPE: trans 0.0494 | rot 0.00135 (0.055 deg)
Matched 422 keypoints
[INFO] [1790552960.947876584] [pose_estimator]: RANSAC: 343 inliers / 422, 28 iterations
[INFO] [1790552960.951729251] [pose_estimator]: RPE: trans 0.0563 | rot 0.00133 (0.054 deg)
Matched 368 keypoints
[INFO] [1790552961.145701709] [pose_estimator]: RANSAC: 281 inliers / 368, 50 iterations
[INFO] [1790552961.160185418] [pose_estimator]: RPE: trans 0.1580 | rot 0.00739 (0.299 deg)
Matched 310 keypoints
[INFO] [1790552961.305880959] [pose_estimator]: RANSAC: 242 inliers / 310, 41 iterations
[INFO] [1790552961.319511709] [pose_estimator]: RPE: trans 0.0152 | rot 0.00146 (0.059 deg)
Matched 330 keypoints
[INFO] [1790552961.444462709] [pose_estimator]: RANSAC: 267 inliers / 330, 35 iterations
[INFO] [1790552961.446015126] [pose_estimator]: RPE: trans 0.1746 | rot 0.00943 (0.382 deg)
Matched 397 keypoints
[INFO] [1790552961.602385585] [pose_estimator]: RANSAC: 341 inliers / 397, 18 iterations
[INFO] [1790552961.602581960] [pose_estimator]: RPE: trans 0.0755 | rot 0.00191 (0.077 deg)
Matched 410 keypoints
[INFO] [1790552961.781062335] [pose_estimator]: RANSAC: 342 inliers / 410, 22 iterations
[INFO] [1790552961.781493460] [pose_estimator]: RPE: trans 0.2256 | rot 0.00522 (0.211 deg)
Matched 390 keypoints
[INFO] [1790552961.908857168] [pose_estimator]: RANSAC: 330 inliers / 390, 24 iterations
[INFO] [1790552961.909039876] [pose_estimator]: RPE: trans 0.1703 | rot 0.00461 (0.187 deg)
Matched 376 keypoints
[INFO] [1790552962.028375001] [pose_estimator]: RANSAC: 329 inliers / 376, 28 iterations
[INFO] [1790552962.028585251] [pose_estimator]: RPE: trans 0.1074 | rot 0.00325 (0.132 deg)
Matched 403 keypoints
[INFO] [1790552962.453398168] [pose_estimator]: RANSAC: 346 inliers / 403, 16 iterations
[INFO] [1790552962.453573127] [pose_estimator]: RPE: trans 0.0344 | rot 0.00143 (0.058 deg)
Matched 345 keypoints
[INFO] [1790552962.577657710] [pose_estimator]: RANSAC: 247 inliers / 345, 99 iterations
[INFO] [1790552962.578116168] [pose_estimator]: RPE: trans 0.1305 | rot 0.01378 (0.558 deg)
Matched 385 keypoints
[INFO] [1790552962.728956710] [pose_estimator]: RANSAC: 330 inliers / 385, 21 iterations
[INFO] [1790552962.729125960] [pose_estimator]: RPE: trans 0.5306 | rot 0.01680 (0.681 deg)
Matched 364 keypoints
[INFO] [1790552962.876104793] [pose_estimator]: RANSAC: 305 inliers / 364, 21 iterations
[INFO] [1790552962.876289710] [pose_estimator]: RPE: trans 0.1252 | rot 0.00302 (0.122 deg)
Matched 333 keypoints
[INFO] [1790552963.020970669] [pose_estimator]: RANSAC: 295 inliers / 333, 16 iterations
[INFO] [1790552963.022744794] [pose_estimator]: RPE: trans 0.1331 | rot 0.00372 (0.151 deg)
Matched 342 keypoints
[INFO] [1790552963.195405669] [pose_estimator]: RANSAC: 309 inliers / 342, 14 iterations
[INFO] [1790552963.195888627] [pose_estimator]: RPE: trans 0.1554 | rot 0.00458 (0.186 deg)
Matched 332 keypoints
[INFO] [1790552963.319051835] [pose_estimator]: RANSAC: 275 inliers / 332, 23 iterations
[INFO] [1790552963.319227960] [pose_estimator]: RPE: trans 0.3187 | rot 0.00972 (0.394 deg)
Matched 365 keypoints
[INFO] [1790552964.063464169] [pose_estimator]: RANSAC: 318 inliers / 365, 14 iterations
[INFO] [1790552964.063658294] [pose_estimator]: RPE: trans 0.2896 | rot 0.00336 (0.136 deg)
Matched 195 keypoints
[INFO] [1790552964.178842002] [pose_estimator]: RANSAC: 143 inliers / 195, 73 iterations
[INFO] [1790552964.179034294] [pose_estimator]: RPE: trans 0.0821 | rot 0.00929 (0.376 deg)
Matched 363 keypoints
[INFO] [1790552964.318722919] [pose_estimator]: RANSAC: 298 inliers / 363, 25 iterations
[INFO] [1790552964.318896378] [pose_estimator]: RPE: trans 0.3146 | rot 0.00594 (0.241 deg)
Matched 365 keypoints
[INFO] [1790552964.444700169] [pose_estimator]: RANSAC: 295 inliers / 365, 50 iterations
[INFO] [1790552964.444902753] [pose_estimator]: RPE: trans 0.1027 | rot 0.00272 (0.110 deg)
Matched 326 keypoints
[INFO] [1790552964.574610919] [pose_estimator]: RANSAC: 298 inliers / 326, 8 iterations
[INFO] [1790552964.574805753] [pose_estimator]: RPE: trans 0.2589 | rot 0.00924 (0.374 deg)
Matched 360 keypoints
[INFO] [1790552964.709943669] [pose_estimator]: RANSAC: 329 inliers / 360, 11 iterations
[INFO] [1790552964.710128836] [pose_estimator]: RPE: trans 0.5116 | rot 0.01223 (0.496 deg)
Matched 372 keypoints
[INFO] [1790552964.853368003] [pose_estimator]: RANSAC: 325 inliers / 372, 14 iterations
[INFO] [1790552964.853564544] [pose_estimator]: RPE: trans 0.4347 | rot 0.00652 (0.264 deg)
Matched 355 keypoints
[INFO] [1790552964.966892044] [pose_estimator]: RANSAC: 306 inliers / 355, 18 iterations
[INFO] [1790552964.967107128] [pose_estimator]: RPE: trans 0.4635 | rot 0.01174 (0.476 deg)
Matched 368 keypoints
[INFO] [1790552965.086882378] [pose_estimator]: RANSAC: 330 inliers / 368, 10 iterations
[INFO] [1790552965.087053420] [pose_estimator]: RPE: trans 1.0974 | rot 0.00614 (0.249 deg)
Matched 358 keypoints
[INFO] [1790552965.226015961] [pose_estimator]: RANSAC: 316 inliers / 358, 12 iterations
[INFO] [1790552965.228165586] [pose_estimator]: RPE: trans 0.6545 | rot 0.01077 (0.436 deg)
Matched 353 keypoints
[INFO] [1790552965.386748670] [pose_estimator]: RANSAC: 286 inliers / 353, 29 iterations
[INFO] [1790552965.386914211] [pose_estimator]: RPE: trans 0.4370 | rot 0.00468 (0.190 deg)
Matched 336 keypoints
[INFO] [1790552965.535651045] [pose_estimator]: RANSAC: 297 inliers / 336, 23 iterations
[INFO] [1790552965.535835211] [pose_estimator]: RPE: trans 0.7933 | rot 0.01254 (0.508 deg)
Matched 322 keypoints
[INFO] [1790552965.681731545] [pose_estimator]: RANSAC: 284 inliers / 322, 12 iterations
[INFO] [1790552965.681922795] [pose_estimator]: RPE: trans 0.2172 | rot 0.00477 (0.193 deg)
Matched 346 keypoints
[INFO] [1790552965.804343962] [pose_estimator]: RANSAC: 314 inliers / 346, 9 iterations
[INFO] [1790552965.804522253] [pose_estimator]: RPE: trans 0.1308 | rot 0.00160 (0.065 deg)
Matched 359 keypoints
[INFO] [1790552965.929335420] [pose_estimator]: RANSAC: 317 inliers / 359, 12 iterations
[INFO] [1790552965.929518170] [pose_estimator]: RPE: trans 0.0532 | rot 0.00050 (0.020 deg)
Matched 326 keypoints
[INFO] [1790552966.061280753] [pose_estimator]: RANSAC: 289 inliers / 326, 12 iterations
[INFO] [1790552966.066067753] [pose_estimator]: RPE: trans 0.1980 | rot 0.00288 (0.117 deg)
Matched 303 keypoints
[INFO] [1790552966.207083462] [pose_estimator]: RANSAC: 265 inliers / 303, 13 iterations
[INFO] [1790552966.207262378] [pose_estimator]: RPE: trans 0.2921 | rot 0.00417 (0.169 deg)
Matched 289 keypoints
[INFO] [1790552966.352779253] [pose_estimator]: RANSAC: 258 inliers / 289, 11 iterations
[INFO] [1790552966.352936712] [pose_estimator]: RPE: trans 0.1129 | rot 0.00414 (0.168 deg)
Matched 312 keypoints
[INFO] [1790552966.468558004] [pose_estimator]: RANSAC: 271 inliers / 312, 16 iterations
[INFO] [1790552966.468755420] [pose_estimator]: RPE: trans 0.5011 | rot 0.01017 (0.412 deg)
Matched 302 keypoints
[INFO] [1790552966.597673587] [pose_estimator]: RANSAC: 270 inliers / 302, 12 iterations
[INFO] [1790552966.597868212] [pose_estimator]: RPE: trans 0.2597 | rot 0.00374 (0.151 deg)
Matched 266 keypoints
[INFO] [1790552966.728031420] [pose_estimator]: RANSAC: 225 inliers / 266, 19 iterations
[INFO] [1790552966.728201087] [pose_estimator]: RPE: trans 0.4602 | rot 0.01740 (0.705 deg)
Matched 271 keypoints
[INFO] [1790552966.838954837] [pose_estimator]: RANSAC: 242 inliers / 271, 11 iterations
[INFO] [1790552966.839200879] [pose_estimator]: RPE: trans 0.0801 | rot 0.00106 (0.043 deg)
Matched 263 keypoints
[INFO] [1790552966.970023545] [pose_estimator]: RANSAC: 227 inliers / 263, 15 iterations
[INFO] [1790552966.970207670] [pose_estimator]: RPE: trans 0.1836 | rot 0.00480 (0.194 deg)
Matched 265 keypoints
[INFO] [1790552967.107211504] [pose_estimator]: RANSAC: 244 inliers / 265, 8 iterations
[INFO] [1790552967.107389587] [pose_estimator]: RPE: trans 0.1353 | rot 0.00303 (0.123 deg)
Matched 264 keypoints
[INFO] [1790552967.245724421] [pose_estimator]: RANSAC: 228 inliers / 264, 15 iterations
[INFO] [1790552967.245905879] [pose_estimator]: RPE: trans 0.0748 | rot 0.00380 (0.154 deg)
Matched 280 keypoints
[INFO] [1790552967.381058546] [pose_estimator]: RANSAC: 244 inliers / 280, 14 iterations
[INFO] [1790552967.386752212] [pose_estimator]: RPE: trans 0.2745 | rot 0.00524 (0.212 deg)
Matched 297 keypoints
[INFO] [1790552967.559871171] [pose_estimator]: RANSAC: 272 inliers / 297, 17 iterations
[INFO] [1790552967.565964296] [pose_estimator]: RPE: trans 0.1374 | rot 0.00294 (0.119 deg)
Matched 265 keypoints
[INFO] [1790552967.682324921] [pose_estimator]: RANSAC: 229 inliers / 265, 15 iterations
[INFO] [1790552967.682499504] [pose_estimator]: RPE: trans 0.1179 | rot 0.00531 (0.215 deg)
Matched 296 keypoints
[INFO] [1790552967.887897629] [pose_estimator]: RANSAC: 261 inliers / 296, 12 iterations
[INFO] [1790552967.889460671] [pose_estimator]: RPE: trans 0.0878 | rot 0.00201 (0.082 deg)
Matched 272 keypoints
[INFO] [1790552968.003442713] [pose_estimator]: RANSAC: 250 inliers / 272, 10 iterations
[INFO] [1790552968.003618754] [pose_estimator]: RPE: trans 0.3866 | rot 0.00767 (0.311 deg)
Matched 260 keypoints
[INFO] [1790552968.113087171] [pose_estimator]: RANSAC: 233 inliers / 260, 10 iterations
[INFO] [1790552968.113260379] [pose_estimator]: RPE: trans 0.0691 | rot 0.00267 (0.108 deg)
Matched 267 keypoints
[INFO] [1790552968.279163379] [pose_estimator]: RANSAC: 227 inliers / 267, 18 iterations
[INFO] [1790552968.280779588] [pose_estimator]: RPE: trans 0.1829 | rot 0.00333 (0.135 deg)
Matched 258 keypoints
[INFO] [1790552968.453842463] [pose_estimator]: RANSAC: 218 inliers / 258, 19 iterations
[INFO] [1790552968.454036296] [pose_estimator]: RPE: trans 0.1837 | rot 0.00678 (0.275 deg)
Matched 241 keypoints
[INFO] [1790552968.560492921] [pose_estimator]: RANSAC: 209 inliers / 241, 17 iterations
[INFO] [1790552968.560656880] [pose_estimator]: RPE: trans 0.0675 | rot 0.00447 (0.181 deg)
Matched 276 keypoints
[INFO] [1790552968.707586046] [pose_estimator]: RANSAC: 242 inliers / 276, 13 iterations
[INFO] [1790552968.711923380] [pose_estimator]: RPE: trans 0.4698 | rot 0.01175 (0.476 deg)
Matched 260 keypoints
[INFO] [1790552968.857969588] [pose_estimator]: RANSAC: 216 inliers / 260, 23 iterations
[INFO] [1790552968.858143088] [pose_estimator]: RPE: trans 0.1940 | rot 0.00579 (0.234 deg)
Matched 257 keypoints
[INFO] [1790552968.964822463] [pose_estimator]: RANSAC: 224 inliers / 257, 14 iterations
[INFO] [1790552968.965005963] [pose_estimator]: RPE: trans 0.4183 | rot 0.00990 (0.401 deg)
Matched 268 keypoints
[INFO] [1790552969.117020963] [pose_estimator]: RANSAC: 236 inliers / 268, 13 iterations
[INFO] [1790552969.117634338] [pose_estimator]: RPE: trans 0.5677 | rot 0.01383 (0.560 deg)
Matched 278 keypoints
[INFO] [1790552969.241337213] [pose_estimator]: RANSAC: 240 inliers / 278, 15 iterations
[INFO] [1790552969.241517505] [pose_estimator]: RPE: trans 0.3792 | rot 0.01054 (0.427 deg)
Matched 247 keypoints
[INFO] [1790552969.716779047] [pose_estimator]: RANSAC: 215 inliers / 247, 14 iterations
[INFO] [1790552969.720754172] [pose_estimator]: RPE: trans 0.2551 | rot 0.00513 (0.208 deg)
Matched 187 keypoints
[INFO] [1790552969.877979713] [pose_estimator]: RANSAC: 152 inliers / 187, 28 iterations
[INFO] [1790552969.878856672] [pose_estimator]: RPE: trans 0.0088 | rot 0.00251 (0.102 deg)
Matched 226 keypoints
[INFO] [1790552970.032788672] [pose_estimator]: RANSAC: 176 inliers / 226, 42 iterations
[INFO] [1790552970.041744130] [pose_estimator]: RPE: trans 0.4562 | rot 0.03488 (1.413 deg)
Matched 191 keypoints
[INFO] [1790552970.151028505] [pose_estimator]: RANSAC: 136 inliers / 191, 100 iterations
[INFO] [1790552970.151203214] [pose_estimator]: RPE: trans 0.0999 | rot 0.00738 (0.299 deg)
Matched 194 keypoints
[INFO] [1790552970.499458672] [pose_estimator]: RANSAC: 161 inliers / 194, 23 iterations
[INFO] [1790552970.502338130] [pose_estimator]: RPE: trans 0.0344 | rot 0.00368 (0.149 deg)
Matched 178 keypoints
[INFO] [1790552970.608939339] [pose_estimator]: RANSAC: 141 inliers / 178, 64 iterations
[INFO] [1790552970.609123714] [pose_estimator]: RPE: trans 0.0710 | rot 0.00462 (0.187 deg)
Matched 190 keypoints
[INFO] [1790552970.737932797] [pose_estimator]: RANSAC: 165 inliers / 190, 18 iterations
[INFO] [1790552970.758944964] [pose_estimator]: RPE: trans 0.0676 | rot 0.00323 (0.131 deg)
Matched 177 keypoints
[INFO] [1790552970.910235506] [pose_estimator]: RANSAC: 142 inliers / 177, 32 iterations
[INFO] [1790552970.912147214] [pose_estimator]: RPE: trans 0.1335 | rot 0.00492 (0.199 deg)
Matched 179 keypoints
[INFO] [1790552971.045504297] [pose_estimator]: RANSAC: 128 inliers / 179, 92 iterations
[INFO] [1790552971.045715756] [pose_estimator]: RPE: trans 0.0914 | rot 0.00373 (0.151 deg)
Matched 200 keypoints
[INFO] [1790552971.174722547] [pose_estimator]: RANSAC: 162 inliers / 200, 29 iterations
[INFO] [1790552971.175989172] [pose_estimator]: RPE: trans 1.0350 | rot 0.01958 (0.793 deg)
Matched 166 keypoints
[INFO] [1790552971.283478297] [pose_estimator]: RANSAC: 136 inliers / 166, 33 iterations
[INFO] [1790552971.284725006] [pose_estimator]: RPE: trans 0.0175 | rot 0.00158 (0.064 deg)
Matched 170 keypoints
[INFO] [1790552971.429366548] [pose_estimator]: RANSAC: 147 inliers / 170, 36 iterations
[INFO] [1790552971.429522423] [pose_estimator]: RPE: trans 0.4321 | rot 0.01570 (0.636 deg)
Matched 157 keypoints
[INFO] [1790552971.576028006] [pose_estimator]: RANSAC: 117 inliers / 157, 63 iterations
[INFO] [1790552971.576217006] [pose_estimator]: RPE: trans 0.0914 | rot 0.00377 (0.153 deg)
Matched 133 keypoints
[INFO] [1790552971.707533006] [pose_estimator]: RANSAC: 104 inliers / 133, 100 iterations
[INFO] [1790552971.710887631] [pose_estimator]: RPE: trans 0.0827 | rot 0.00983 (0.398 deg)
Matched 152 keypoints
[INFO] [1790552971.862036339] [pose_estimator]: RANSAC: 121 inliers / 152, 84 iterations
[INFO] [1790552971.862243506] [pose_estimator]: RPE: trans 0.0844 | rot 0.00432 (0.175 deg)
Matched 162 keypoints
[INFO] [1790552971.991756839] [pose_estimator]: RANSAC: 117 inliers / 162, 86 iterations
[INFO] [1790552971.992016464] [pose_estimator]: RPE: trans 0.0791 | rot 0.00563 (0.228 deg)
Matched 166 keypoints
[INFO] [1790552972.142356423] [pose_estimator]: RANSAC: 134 inliers / 166, 30 iterations
[INFO] [1790552972.143800173] [pose_estimator]: RPE: trans 0.0701 | rot 0.00681 (0.276 deg)
Matched 161 keypoints
[INFO] [1790552972.275833673] [pose_estimator]: RANSAC: 138 inliers / 161, 17 iterations
[INFO] [1790552972.276023215] [pose_estimator]: RPE: trans 0.1103 | rot 0.00572 (0.232 deg)
Matched 165 keypoints
[INFO] [1790552972.385371548] [pose_estimator]: RANSAC: 120 inliers / 165, 149 iterations
[INFO] [1790552972.385558256] [pose_estimator]: RPE: trans 0.1360 | rot 0.00417 (0.169 deg)
Matched 152 keypoints
[INFO] [1790552972.513122631] [pose_estimator]: RANSAC: 124 inliers / 152, 38 iterations
[INFO] [1790552972.513774090] [pose_estimator]: RPE: trans 0.1384 | rot 0.00538 (0.218 deg)
Matched 152 keypoints
[INFO] [1790552972.635687881] [pose_estimator]: RANSAC: 124 inliers / 152, 51 iterations
[INFO] [1790552972.635862590] [pose_estimator]: RPE: trans 0.0420 | rot 0.00220 (0.089 deg)
Matched 148 keypoints
[INFO] [1790552972.740159257] [pose_estimator]: RANSAC: 109 inliers / 148, 70 iterations
[INFO] [1790552972.740339757] [pose_estimator]: RPE: trans 0.3112 | rot 0.00548 (0.222 deg)
Matched 161 keypoints
[INFO] [1790552973.037753715] [pose_estimator]: RANSAC: 121 inliers / 161, 58 iterations
[INFO] [1790552973.039807382] [pose_estimator]: RPE: trans 0.1751 | rot 0.00361 (0.146 deg)
Matched 127 keypoints
[INFO] [1790552973.180384173] [pose_estimator]: RANSAC: 97 inliers / 127, 50 iterations
[INFO] [1790552973.180570340] [pose_estimator]: RPE: trans 0.1987 | rot 0.00820 (0.332 deg)
Matched 180 keypoints
[INFO] [1790552973.296702215] [pose_estimator]: RANSAC: 138 inliers / 180, 48 iterations
[INFO] [1790552973.309119882] [pose_estimator]: RPE: trans 0.1988 | rot 0.00347 (0.141 deg)
Matched 171 keypoints
[INFO] [1790552973.461775757] [pose_estimator]: RANSAC: 125 inliers / 171, 75 iterations
[INFO] [1790552973.463209049] [pose_estimator]: RPE: trans 0.1041 | rot 0.00305 (0.124 deg)
Matched 175 keypoints
[INFO] [1790552973.575016549] [pose_estimator]: RANSAC: 129 inliers / 175, 70 iterations
[INFO] [1790552973.575308215] [pose_estimator]: RPE: trans 0.0612 | rot 0.00630 (0.255 deg)
Matched 198 keypoints
[INFO] [1790552973.771482549] [pose_estimator]: RANSAC: 159 inliers / 198, 38 iterations
[INFO] [1790552973.772288590] [pose_estimator]: RPE: trans 0.8609 | rot 0.02181 (0.884 deg)
Matched 180 keypoints
[INFO] [1790552973.923472132] [pose_estimator]: RANSAC: 139 inliers / 180, 45 iterations
[INFO] [1790552973.923810590] [pose_estimator]: RPE: trans 0.2274 | rot 0.00608 (0.246 deg)
Matched 184 keypoints
[INFO] [1790552974.044214882] [pose_estimator]: RANSAC: 150 inliers / 184, 27 iterations
[INFO] [1790552974.044514257] [pose_estimator]: RPE: trans 0.2207 | rot 0.00762 (0.309 deg)
Matched 218 keypoints
[INFO] [1790552974.185337174] [pose_estimator]: RANSAC: 166 inliers / 218, 52 iterations
[INFO] [1790552974.186326132] [pose_estimator]: RPE: trans 0.2124 | rot 0.00407 (0.165 deg)
Matched 195 keypoints
[INFO] [1790552974.309962466] [pose_estimator]: RANSAC: 145 inliers / 195, 64 iterations
[INFO] [1790552974.310151257] [pose_estimator]: RPE: trans 0.0963 | rot 0.00128 (0.052 deg)
Matched 201 keypoints
[INFO] [1790552974.424449716] [pose_estimator]: RANSAC: 147 inliers / 201, 75 iterations
[INFO] [1790552974.424616591] [pose_estimator]: RPE: trans 0.1893 | rot 0.00553 (0.224 deg)
Matched 251 keypoints
[INFO] [1790552974.563704382] [pose_estimator]: RANSAC: 182 inliers / 251, 83 iterations
[INFO] [1790552974.566061924] [pose_estimator]: RPE: trans 0.3418 | rot 0.00466 (0.189 deg)
Matched 225 keypoints
[INFO] [1790552974.689916007] [pose_estimator]: RANSAC: 184 inliers / 225, 26 iterations
[INFO] [1790552974.693402924] [pose_estimator]: RPE: trans 0.5295 | rot 0.01493 (0.605 deg)
Matched 263 keypoints
[INFO] [1790552974.818962674] [pose_estimator]: RANSAC: 229 inliers / 263, 14 iterations
[INFO] [1790552974.819141966] [pose_estimator]: RPE: trans 0.0581 | rot 0.00216 (0.088 deg)
Matched 290 keypoints
[INFO] [1790552974.955010758] [pose_estimator]: RANSAC: 237 inliers / 290, 26 iterations
[INFO] [1790552974.955199091] [pose_estimator]: RPE: trans 0.1374 | rot 0.00210 (0.085 deg)
Matched 271 keypoints
[INFO] [1790552975.095860466] [pose_estimator]: RANSAC: 232 inliers / 271, 42 iterations
[INFO] [1790552975.098495674] [pose_estimator]: RPE: trans 0.0596 | rot 0.00238 (0.096 deg)
Matched 322 keypoints
[INFO] [1790552975.227023091] [pose_estimator]: RANSAC: 280 inliers / 322, 16 iterations
[INFO] [1790552975.227206549] [pose_estimator]: RPE: trans 0.1299 | rot 0.00279 (0.113 deg)
Matched 314 keypoints
[INFO] [1790552975.372199466] [pose_estimator]: RANSAC: 271 inliers / 314, 17 iterations
[INFO] [1790552975.372388966] [pose_estimator]: RPE: trans 0.5381 | rot 0.01121 (0.454 deg)
Matched 296 keypoints
[INFO] [1790552975.491753550] [pose_estimator]: RANSAC: 258 inliers / 296, 14 iterations
[INFO] [1790552975.494518216] [pose_estimator]: RPE: trans 0.1314 | rot 0.00302 (0.122 deg)
Matched 300 keypoints
[INFO] [1790552975.652473633] [pose_estimator]: RANSAC: 253 inliers / 300, 19 iterations
[INFO] [1790552975.652682050] [pose_estimator]: RPE: trans 0.0883 | rot 0.00131 (0.053 deg)
Matched 312 keypoints
[INFO] [1790552975.796465883] [pose_estimator]: RANSAC: 250 inliers / 312, 32 iterations
[INFO] [1790552975.796664341] [pose_estimator]: RPE: trans 0.0801 | rot 0.00177 (0.072 deg)
Matched 297 keypoints
[INFO] [1790552975.933745675] [pose_estimator]: RANSAC: 246 inliers / 297, 23 iterations
[INFO] [1790552975.934903175] [pose_estimator]: RPE: trans 0.1423 | rot 0.00306 (0.124 deg)
Matched 279 keypoints
[INFO] [1790552976.062238091] [pose_estimator]: RANSAC: 218 inliers / 279, 42 iterations
[INFO] [1790552976.062446091] [pose_estimator]: RPE: trans 0.2602 | rot 0.00990 (0.401 deg)
Matched 309 keypoints
[INFO] [1790552976.188027966] [pose_estimator]: RANSAC: 245 inliers / 309, 49 iterations
[INFO] [1790552976.188234341] [pose_estimator]: RPE: trans 0.1436 | rot 0.00456 (0.185 deg)
Matched 339 keypoints
[INFO] [1790552976.311898550] [pose_estimator]: RANSAC: 284 inliers / 339, 21 iterations
[INFO] [1790552976.315618467] [pose_estimator]: RPE: trans 0.8189 | rot 0.01368 (0.554 deg)
Matched 290 keypoints
[INFO] [1790552976.498983883] [pose_estimator]: RANSAC: 218 inliers / 290, 95 iterations
[INFO] [1790552976.499183050] [pose_estimator]: RPE: trans 0.3102 | rot 0.01434 (0.581 deg)
Matched 303 keypoints
[INFO] [1790552976.612648133] [pose_estimator]: RANSAC: 230 inliers / 303, 53 iterations
[INFO] [1790552976.612843133] [pose_estimator]: RPE: trans 0.4305 | rot 0.01580 (0.640 deg)
Matched 316 keypoints
[INFO] [1790552976.762638258] [pose_estimator]: RANSAC: 260 inliers / 316, 25 iterations
[INFO] [1790552976.764885592] [pose_estimator]: RPE: trans 0.3485 | rot 0.00487 (0.197 deg)
Matched 266 keypoints
[INFO] [1790552976.881120175] [pose_estimator]: RANSAC: 223 inliers / 266, 21 iterations
[INFO] [1790552976.884779883] [pose_estimator]: RPE: trans 0.3701 | rot 0.01858 (0.753 deg)
Matched 256 keypoints
[INFO] [1790552977.039989425] [pose_estimator]: RANSAC: 182 inliers / 256, 97 iterations
[INFO] [1790552977.040162550] [pose_estimator]: RPE: trans 0.0763 | rot 0.00511 (0.207 deg)
Matched 322 keypoints
[INFO] [1790552977.190025425] [pose_estimator]: RANSAC: 270 inliers / 322, 43 iterations
[INFO] [1790552977.195410134] [pose_estimator]: RPE: trans 0.4034 | rot 0.01904 (0.771 deg)
Matched 262 keypoints
[INFO] [1790552977.328959800] [pose_estimator]: RANSAC: 215 inliers / 262, 25 iterations
[INFO] [1790552977.338973759] [pose_estimator]: RPE: trans 0.0150 | rot 0.00287 (0.116 deg)
Matched 304 keypoints
[INFO] [1790552977.458166134] [pose_estimator]: RANSAC: 232 inliers / 304, 51 iterations
[INFO] [1790552977.458332550] [pose_estimator]: RPE: trans 0.0431 | rot 0.00144 (0.058 deg)
Matched 313 keypoints
[INFO] [1790552977.595173259] [pose_estimator]: RANSAC: 284 inliers / 313, 80 iterations
[INFO] [1790552977.596612092] [pose_estimator]: RPE: trans 0.1155 | rot 0.00327 (0.133 deg)
Matched 333 keypoints
[INFO] [1790552978.967755093] [pose_estimator]: RANSAC: 292 inliers / 333, 53 iterations
[INFO] [1790552978.987374010] [pose_estimator]: RPE: trans 0.2968 | rot 0.01009 (0.409 deg)
Matched 125 keypoints
[INFO] [1790552979.211759385] [pose_estimator]: RANSAC: 55 inliers / 125, 2001 iterations
[INFO] [1790552979.221744093] [pose_estimator]: RPE: trans 0.1703 | rot 0.04504 (1.825 deg)
Matched 370 keypoints
[INFO] [1790552979.478531593] [pose_estimator]: RANSAC: 289 inliers / 370, 41 iterations
[INFO] [1790552979.480268468] [pose_estimator]: RPE: trans 0.1742 | rot 0.00385 (0.156 deg)
Matched 328 keypoints
[INFO] [1790552979.638083260] [pose_estimator]: RANSAC: 277 inliers / 328, 118 iterations
[INFO] [1790552979.639991510] [pose_estimator]: RPE: trans 0.0166 | rot 0.00313 (0.127 deg)
Matched 318 keypoints
[INFO] [1790552979.767834718] [pose_estimator]: RANSAC: 278 inliers / 318, 67 iterations
[INFO] [1790552979.769489052] [pose_estimator]: RPE: trans 0.0477 | rot 0.00140 (0.057 deg)
Matched 347 keypoints
[INFO] [1790552979.941264927] [pose_estimator]: RANSAC: 294 inliers / 347, 23 iterations
[INFO] [1790552979.945616885] [pose_estimator]: RPE: trans 0.2344 | rot 0.01523 (0.617 deg)
Matched 313 keypoints
[INFO] [1790552980.081559802] [pose_estimator]: RANSAC: 286 inliers / 313, 28 iterations
[INFO] [1790552980.096270510] [pose_estimator]: RPE: trans 0.1129 | rot 0.00027 (0.011 deg)
Matched 315 keypoints
[INFO] [1790552980.230992343] [pose_estimator]: RANSAC: 271 inliers / 315, 74 iterations
[INFO] [1790552980.233952927] [pose_estimator]: RPE: trans 0.0651 | rot 0.00233 (0.094 deg)
Matched 328 keypoints
[INFO] [1790552980.399652927] [pose_estimator]: RANSAC: 286 inliers / 328, 40 iterations
[INFO] [1790552980.416305594] [pose_estimator]: RPE: trans 0.2995 | rot 0.00671 (0.272 deg)
Matched 306 keypoints
[INFO] [1790552980.549494677] [pose_estimator]: RANSAC: 260 inliers / 306, 31 iterations
[INFO] [1790552980.550693094] [pose_estimator]: RPE: trans 0.1029 | rot 0.01881 (0.762 deg)
Matched 324 keypoints
[INFO] [1790552980.674202677] [pose_estimator]: RANSAC: 285 inliers / 324, 99 iterations
[INFO] [1790552980.684949677] [pose_estimator]: RPE: trans 0.0416 | rot 0.00908 (0.368 deg)
Matched 293 keypoints
[INFO] [1790552980.840273552] [pose_estimator]: RANSAC: 244 inliers / 293, 103 iterations
[INFO] [1790552980.842388260] [pose_estimator]: RPE: trans 0.1552 | rot 0.00662 (0.268 deg)
Matched 316 keypoints
[INFO] [1790552981.031884719] [pose_estimator]: RANSAC: 275 inliers / 316, 42 iterations
[INFO] [1790552981.037395510] [pose_estimator]: RPE: trans 0.3433 | rot 0.01686 (0.683 deg)
Matched 310 keypoints
[INFO] [1790552981.207827386] [pose_estimator]: RANSAC: 239 inliers / 310, 46 iterations
[INFO] [1790552981.208019011] [pose_estimator]: RPE: trans 1.9854 | rot 0.04182 (1.694 deg)
Matched 293 keypoints
[INFO] [1790552981.347032261] [pose_estimator]: RANSAC: 231 inliers / 293, 37 iterations
[INFO] [1790552981.347216969] [pose_estimator]: RPE: trans 0.2345 | rot 0.01184 (0.480 deg)
Matched 287 keypoints
[INFO] [1790552981.459312719] [pose_estimator]: RANSAC: 229 inliers / 287, 95 iterations
[INFO] [1790552981.460064469] [pose_estimator]: RPE: trans 0.0669 | rot 0.00368 (0.149 deg)
Matched 291 keypoints
[INFO] [1790552981.579754011] [pose_estimator]: RANSAC: 224 inliers / 291, 47 iterations
[INFO] [1790552981.580985552] [pose_estimator]: RPE: trans 0.6401 | rot 0.03011 (1.220 deg)
Matched 304 keypoints
[INFO] [1790552981.734062969] [pose_estimator]: RANSAC: 258 inliers / 304, 18 iterations
[INFO] [1790552981.734256219] [pose_estimator]: RPE: trans 0.5013 | rot 0.01007 (0.408 deg)
Matched 284 keypoints
[INFO] [1790552981.900692844] [pose_estimator]: RANSAC: 222 inliers / 284, 70 iterations
[INFO] [1790552981.903161303] [pose_estimator]: RPE: trans 0.0908 | rot 0.00242 (0.098 deg)
Matched 265 keypoints
[INFO] [1790552982.051783428] [pose_estimator]: RANSAC: 186 inliers / 265, 110 iterations
[INFO] [1790552982.051965969] [pose_estimator]: RPE: trans 0.9630 | rot 0.01501 (0.608 deg)
Matched 271 keypoints
[INFO] [1790552982.163851886] [pose_estimator]: RANSAC: 227 inliers / 271, 27 iterations
[INFO] [1790552982.164033636] [pose_estimator]: RPE: trans 0.0588 | rot 0.00146 (0.059 deg)
Matched 263 keypoints
[INFO] [1790552982.299170178] [pose_estimator]: RANSAC: 219 inliers / 263, 27 iterations
[INFO] [1790552982.301934511] [pose_estimator]: RPE: trans 0.9161 | rot 0.00951 (0.385 deg)
Matched 257 keypoints
[INFO] [1790552982.419718594] [pose_estimator]: RANSAC: 211 inliers / 257, 25 iterations
[INFO] [1790552982.419889303] [pose_estimator]: RPE: trans 0.0309 | rot 0.00140 (0.057 deg)
Matched 282 keypoints
[INFO] [1790552982.575411053] [pose_estimator]: RANSAC: 214 inliers / 282, 53 iterations
[INFO] [1790552982.575594678] [pose_estimator]: RPE: trans 0.1428 | rot 0.00110 (0.045 deg)
Matched 277 keypoints
[INFO] [1790552982.735908511] [pose_estimator]: RANSAC: 222 inliers / 277, 32 iterations
[INFO] [1790552982.736415886] [pose_estimator]: RPE: trans 0.4406 | rot 0.00809 (0.328 deg)
Matched 258 keypoints
[INFO] [1790552982.927074386] [pose_estimator]: RANSAC: 209 inliers / 258, 29 iterations
[INFO] [1790552982.943477553] [pose_estimator]: RPE: trans 0.2733 | rot 0.00533 (0.216 deg)
Matched 221 keypoints
[INFO] [1790552983.118663678] [pose_estimator]: RANSAC: 176 inliers / 221, 34 iterations
[INFO] [1790552983.148146095] [pose_estimator]: RPE: trans 0.0523 | rot 0.00148 (0.060 deg)
Matched 223 keypoints
[INFO] [1790552983.309960095] [pose_estimator]: RANSAC: 171 inliers / 223, 48 iterations
[INFO] [1790552983.313612720] [pose_estimator]: RPE: trans 0.0797 | rot 0.00176 (0.072 deg)
Matched 260 keypoints
[INFO] [1790552983.432605053] [pose_estimator]: RANSAC: 204 inliers / 260, 39 iterations
[INFO] [1790552983.432798345] [pose_estimator]: RPE: trans 0.4451 | rot 0.01478 (0.599 deg)
Matched 239 keypoints
[INFO] [1790552983.586808262] [pose_estimator]: RANSAC: 192 inliers / 239, 31 iterations
[INFO] [1790552983.587695845] [pose_estimator]: RPE: trans 0.0934 | rot 0.00130 (0.053 deg)
Matched 210 keypoints
[INFO] [1790552983.698918970] [pose_estimator]: RANSAC: 164 inliers / 210, 65 iterations
[INFO] [1790552983.699102637] [pose_estimator]: RPE: trans 0.2204 | rot 0.00566 (0.229 deg)
Matched 229 keypoints
[INFO] [1790552983.835049762] [pose_estimator]: RANSAC: 187 inliers / 229, 37 iterations
[INFO] [1790552983.835201845] [pose_estimator]: RPE: trans 0.1544 | rot 0.00343 (0.139 deg)
Matched 250 keypoints
[INFO] [1790552983.971909054] [pose_estimator]: RANSAC: 204 inliers / 250, 29 iterations
[INFO] [1790552983.972845137] [pose_estimator]: RPE: trans 0.4471 | rot 0.00772 (0.313 deg)
Matched 227 keypoints
[INFO] [1790552984.098927012] [pose_estimator]: RANSAC: 189 inliers / 227, 22 iterations
[INFO] [1790552984.100524429] [pose_estimator]: RPE: trans 0.1338 | rot 0.00188 (0.076 deg)
Matched 212 keypoints
[INFO] [1790552984.225141845] [pose_estimator]: RANSAC: 188 inliers / 212, 12 iterations
[INFO] [1790552984.225347595] [pose_estimator]: RPE: trans 0.2206 | rot 0.00689 (0.279 deg)
Matched 243 keypoints
[INFO] [1790552984.509542054] [pose_estimator]: RANSAC: 194 inliers / 243, 33 iterations
[INFO] [1790552984.509717429] [pose_estimator]: RPE: trans 0.2303 | rot 0.00253 (0.103 deg)
Matched 217 keypoints
[INFO] [1790552984.623093179] [pose_estimator]: RANSAC: 183 inliers / 217, 19 iterations
[INFO] [1790552984.623271179] [pose_estimator]: RPE: trans 0.0525 | rot 0.00254 (0.103 deg)
Matched 215 keypoints
[INFO] [1790552984.784524762] [pose_estimator]: RANSAC: 194 inliers / 215, 10 iterations
[INFO] [1790552984.794249554] [pose_estimator]: RPE: trans 1.2334 | rot 0.03221 (1.305 deg)
Matched 200 keypoints
[INFO] [1790552984.941909554] [pose_estimator]: RANSAC: 169 inliers / 200, 19 iterations
[INFO] [1790552984.945563221] [pose_estimator]: RPE: trans 0.0410 | rot 0.00120 (0.049 deg)
Matched 208 keypoints
[INFO] [1790552985.087512554] [pose_estimator]: RANSAC: 162 inliers / 208, 47 iterations
[INFO] [1790552985.087684179] [pose_estimator]: RPE: trans 0.1235 | rot 0.00339 (0.137 deg)
Matched 204 keypoints
[INFO] [1790552985.190449846] [pose_estimator]: RANSAC: 175 inliers / 204, 16 iterations
[INFO] [1790552985.190619512] [pose_estimator]: RPE: trans 0.3715 | rot 0.00394 (0.159 deg)
Matched 191 keypoints
[INFO] [1790552985.638291638] [pose_estimator]: RANSAC: 172 inliers / 191, 10 iterations
[INFO] [1790552985.640474304] [pose_estimator]: RPE: trans 0.2407 | rot 0.00429 (0.174 deg)
Matched 199 keypoints
[INFO] [1790552985.760277638] [pose_estimator]: RANSAC: 167 inliers / 199, 31 iterations
[INFO] [1790552985.763934596] [pose_estimator]: RPE: trans 0.0678 | rot 0.00272 (0.110 deg)
Matched 233 keypoints
[INFO] [1790552985.876534388] [pose_estimator]: RANSAC: 203 inliers / 233, 14 iterations
[INFO] [1790552985.876696638] [pose_estimator]: RPE: trans 0.5786 | rot 0.01054 (0.427 deg)
Matched 224 keypoints
[INFO] [1790552986.027278263] [pose_estimator]: RANSAC: 192 inliers / 224, 17 iterations
[INFO] [1790552986.027466221] [pose_estimator]: RPE: trans 0.6458 | rot 0.01408 (0.570 deg)
Matched 206 keypoints
[INFO] [1790552986.136558430] [pose_estimator]: RANSAC: 178 inliers / 206, 15 iterations
[INFO] [1790552986.136951680] [pose_estimator]: RPE: trans 0.3944 | rot 0.00628 (0.254 deg)
Matched 214 keypoints
[INFO] [1790552986.273930721] [pose_estimator]: RANSAC: 189 inliers / 214, 13 iterations
[INFO] [1790552986.274118596] [pose_estimator]: RPE: trans 0.3948 | rot 0.00596 (0.242 deg)
Matched 188 keypoints
[INFO] [1790552986.397721971] [pose_estimator]: RANSAC: 160 inliers / 188, 21 iterations
[INFO] [1790552986.397963138] [pose_estimator]: RPE: trans 0.1968 | rot 0.00369 (0.149 deg)
Matched 229 keypoints
[INFO] [1790552986.502892513] [pose_estimator]: RANSAC: 190 inliers / 229, 23 iterations
[INFO] [1790552986.504494263] [pose_estimator]: RPE: trans 0.3729 | rot 0.00789 (0.320 deg)
Matched 213 keypoints
[INFO] [1790552986.618662055] [pose_estimator]: RANSAC: 183 inliers / 213, 16 iterations
[INFO] [1790552986.618842471] [pose_estimator]: RPE: trans 0.6099 | rot 0.00600 (0.243 deg)
Matched 203 keypoints
[INFO] [1790552986.747364097] [pose_estimator]: RANSAC: 168 inliers / 203, 23 iterations
[INFO] [1790552986.747567305] [pose_estimator]: RPE: trans 0.2590 | rot 0.00694 (0.281 deg)
Matched 200 keypoints
[INFO] [1790552986.869565388] [pose_estimator]: RANSAC: 170 inliers / 200, 18 iterations
[INFO] [1790552986.869723263] [pose_estimator]: RPE: trans 0.0919 | rot 0.00146 (0.059 deg)
Matched 230 keypoints
[INFO] [1790552986.997282180] [pose_estimator]: RANSAC: 200 inliers / 230, 14 iterations
[INFO] [1790552986.997466097] [pose_estimator]: RPE: trans 1.0838 | rot 0.01265 (0.513 deg)
Matched 210 keypoints
[INFO] [1790552987.131444722] [pose_estimator]: RANSAC: 188 inliers / 210, 11 iterations
[INFO] [1790552987.131627888] [pose_estimator]: RPE: trans 0.2502 | rot 0.00792 (0.321 deg)
Matched 233 keypoints
[INFO] [1790552987.253537430] [pose_estimator]: RANSAC: 216 inliers / 233, 30 iterations
[INFO] [1790552987.253702763] [pose_estimator]: RPE: trans 0.9300 | rot 0.01064 (0.431 deg)
Matched 225 keypoints
[INFO] [1790552987.360033930] [pose_estimator]: RANSAC: 195 inliers / 225, 15 iterations
[INFO] [1790552987.360739972] [pose_estimator]: RPE: trans 0.3585 | rot 0.00568 (0.230 deg)
Matched 244 keypoints
[INFO] [1790552987.470368055] [pose_estimator]: RANSAC: 197 inliers / 244, 30 iterations
[INFO] [1790552987.470546097] [pose_estimator]: RPE: trans 0.9380 | rot 0.00986 (0.400 deg)
Matched 230 keypoints
[INFO] [1790552987.595167014] [pose_estimator]: RANSAC: 191 inliers / 230, 25 iterations
[INFO] [1790552987.595349097] [pose_estimator]: RPE: trans 0.1208 | rot 0.00164 (0.067 deg)
Matched 208 keypoints
[INFO] [1790552987.702130097] [pose_estimator]: RANSAC: 197 inliers / 208, 5 iterations
[INFO] [1790552987.702317805] [pose_estimator]: RPE: trans 0.7879 | rot 0.01962 (0.795 deg)
Matched 222 keypoints
[INFO] [1790552987.844049305] [pose_estimator]: RANSAC: 192 inliers / 222, 15 iterations
[INFO] [1790552987.874675055] [pose_estimator]: RPE: trans 0.1546 | rot 0.00293 (0.119 deg)
Matched 213 keypoints
[INFO] [1790552988.127092083] [pose_estimator]: RANSAC: 186 inliers / 213, 14 iterations
[INFO] [1790552988.130449250] [pose_estimator]: RPE: trans 0.1014 | rot 0.00424 (0.172 deg)
Matched 261 keypoints
[INFO] [1790552988.283780125] [pose_estimator]: RANSAC: 231 inliers / 261, 13 iterations
[INFO] [1790552988.293990708] [pose_estimator]: RPE: trans 0.1771 | rot 0.00597 (0.242 deg)
Matched 248 keypoints
[INFO] [1790552988.414705708] [pose_estimator]: RANSAC: 216 inliers / 248, 14 iterations
[INFO] [1790552988.429206333] [pose_estimator]: RPE: trans 0.3230 | rot 0.00613 (0.248 deg)
Matched 280 keypoints
[INFO] [1790552988.572936458] [pose_estimator]: RANSAC: 237 inliers / 280, 19 iterations
[INFO] [1790552988.574107166] [pose_estimator]: RPE: trans 0.1637 | rot 0.00218 (0.088 deg)
Matched 270 keypoints
[INFO] [1790552988.693001375] [pose_estimator]: RANSAC: 235 inliers / 270, 21 iterations
[INFO] [1790552988.697222166] [pose_estimator]: RPE: trans 0.2956 | rot 0.00814 (0.330 deg)
Matched 268 keypoints
[INFO] [1790552988.811475375] [pose_estimator]: RANSAC: 236 inliers / 268, 13 iterations
[INFO] [1790552988.811650250] [pose_estimator]: RPE: trans 0.1126 | rot 0.00247 (0.100 deg)
Matched 274 keypoints
[INFO] [1790552989.366352375] [pose_estimator]: RANSAC: 236 inliers / 274, 16 iterations
[INFO] [1790552989.366583542] [pose_estimator]: RPE: trans 0.3338 | rot 0.00482 (0.195 deg)
Matched 260 keypoints
[INFO] [1790552989.494892750] [pose_estimator]: RANSAC: 217 inliers / 260, 22 iterations
[INFO] [1790552989.503129042] [pose_estimator]: RPE: trans 0.0436 | rot 0.00332 (0.134 deg)
Matched 279 keypoints
[INFO] [1790552989.636532417] [pose_estimator]: RANSAC: 250 inliers / 279, 10 iterations
[INFO] [1790552989.636706250] [pose_estimator]: RPE: trans 0.2753 | rot 0.00540 (0.219 deg)
Matched 324 keypoints
[INFO] [1790552989.773537584] [pose_estimator]: RANSAC: 292 inliers / 324, 12 iterations
[INFO] [1790552989.776209584] [pose_estimator]: RPE: trans 0.5380 | rot 0.00538 (0.218 deg)
Matched 304 keypoints
[INFO] [1790552989.962584667] [pose_estimator]: RANSAC: 274 inliers / 304, 13 iterations
[INFO] [1790552989.966773459] [pose_estimator]: RPE: trans 0.6186 | rot 0.01121 (0.454 deg)
Matched 294 keypoints
[INFO] [1790552990.119164292] [pose_estimator]: RANSAC: 256 inliers / 294, 14 iterations
[INFO] [1790552990.119356875] [pose_estimator]: RPE: trans 0.0529 | rot 0.00060 (0.024 deg)
Matched 315 keypoints
[INFO] [1790552990.274696126] [pose_estimator]: RANSAC: 262 inliers / 315, 22 iterations
[INFO] [1790552990.275133292] [pose_estimator]: RPE: trans 0.0266 | rot 0.00170 (0.069 deg)
Matched 310 keypoints
[INFO] [1790552990.408716001] [pose_estimator]: RANSAC: 261 inliers / 310, 20 iterations
[INFO] [1790552990.408884126] [pose_estimator]: RPE: trans 0.3679 | rot 0.01262 (0.511 deg)
Matched 305 keypoints
[INFO] [1790552990.535573376] [pose_estimator]: RANSAC: 262 inliers / 305, 16 iterations
[INFO] [1790552990.535761917] [pose_estimator]: RPE: trans 0.0178 | rot 0.00244 (0.099 deg)
Matched 307 keypoints
[INFO] [1790552990.669672542] [pose_estimator]: RANSAC: 265 inliers / 307, 15 iterations
[INFO] [1790552990.670181042] [pose_estimator]: RPE: trans 0.4223 | rot 0.00804 (0.326 deg)
Matched 344 keypoints
[INFO] [1790552990.807559501] [pose_estimator]: RANSAC: 295 inliers / 344, 16 iterations
[INFO] [1790552990.807737709] [pose_estimator]: RPE: trans 0.0780 | rot 0.00166 (0.067 deg)
Matched 354 keypoints
[INFO] [1790552990.943032959] [pose_estimator]: RANSAC: 296 inliers / 354, 25 iterations
[INFO] [1790552990.943193834] [pose_estimator]: RPE: trans 0.2246 | rot 0.00471 (0.191 deg)
Matched 387 keypoints
[INFO] [1790552991.061366709] [pose_estimator]: RANSAC: 330 inliers / 387, 17 iterations
[INFO] [1790552991.061548209] [pose_estimator]: RPE: trans 0.2804 | rot 0.00565 (0.229 deg)
Matched 390 keypoints
[INFO] [1790552991.212863126] [pose_estimator]: RANSAC: 319 inliers / 390, 27 iterations
[INFO] [1790552991.218361418] [pose_estimator]: RPE: trans 0.3466 | rot 0.00674 (0.273 deg)
Matched 384 keypoints
[INFO] [1790552991.349488418] [pose_estimator]: RANSAC: 338 inliers / 384, 17 iterations
[INFO] [1790552991.355456126] [pose_estimator]: RPE: trans 0.4623 | rot 0.00979 (0.397 deg)
Matched 415 keypoints
[INFO] [1790552991.475773793] [pose_estimator]: RANSAC: 336 inliers / 415, 29 iterations
[INFO] [1790552991.475948001] [pose_estimator]: RPE: trans 0.0371 | rot 0.00105 (0.043 deg)
Matched 434 keypoints
[INFO] [1790552991.773648668] [pose_estimator]: RANSAC: 351 inliers / 434, 29 iterations
[INFO] [1790552991.777853501] [pose_estimator]: RPE: trans 0.3542 | rot 0.00662 (0.268 deg)
Matched 406 keypoints
[INFO] [1790552991.931155668] [pose_estimator]: RANSAC: 336 inliers / 406, 31 iterations
[INFO] [1790552991.931324001] [pose_estimator]: RPE: trans 0.0290 | rot 0.00203 (0.082 deg)
Matched 421 keypoints
[INFO] [1790552992.164683085] [pose_estimator]: RANSAC: 336 inliers / 421, 33 iterations
[INFO] [1790552992.172112210] [pose_estimator]: RPE: trans 0.2847 | rot 0.00749 (0.303 deg)
Matched 419 keypoints
[INFO] [1790552992.356661335] [pose_estimator]: RANSAC: 369 inliers / 419, 13 iterations
[INFO] [1790552992.379628293] [pose_estimator]: RPE: trans 0.0909 | rot 0.00390 (0.158 deg)
Matched 429 keypoints
[INFO] [1790552992.558721210] [pose_estimator]: RANSAC: 340 inliers / 429, 35 iterations
[INFO] [1790552992.565395002] [pose_estimator]: RPE: trans 0.0906 | rot 0.00331 (0.134 deg)
Matched 437 keypoints
[INFO] [1790552992.694805127] [pose_estimator]: RANSAC: 381 inliers / 437, 16 iterations
[INFO] [1790552992.702435377] [pose_estimator]: RPE: trans 0.8702 | rot 0.02047 (0.829 deg)
Matched 408 keypoints
[INFO] [1790552992.835633585] [pose_estimator]: RANSAC: 356 inliers / 408, 14 iterations
[INFO] [1790552992.835816002] [pose_estimator]: RPE: trans 0.4989 | rot 0.01290 (0.523 deg)
Matched 416 keypoints
[INFO] [1790552992.955117669] [pose_estimator]: RANSAC: 351 inliers / 416, 19 iterations
[INFO] [1790552992.956449752] [pose_estimator]: RPE: trans 0.3226 | rot 0.00547 (0.222 deg)
Matched 427 keypoints
[INFO] [1790552993.083934335] [pose_estimator]: RANSAC: 360 inliers / 427, 20 iterations
[INFO] [1790552993.084209002] [pose_estimator]: RPE: trans 0.8348 | rot 0.00985 (0.399 deg)
Matched 425 keypoints
[INFO] [1790552993.238878460] [pose_estimator]: RANSAC: 354 inliers / 425, 26 iterations
[INFO] [1790552993.239052085] [pose_estimator]: RPE: trans 0.2465 | rot 0.00442 (0.179 deg)
Matched 421 keypoints
[INFO] [1790552993.383518335] [pose_estimator]: RANSAC: 356 inliers / 421, 20 iterations
[INFO] [1790552993.385189419] [pose_estimator]: RPE: trans 0.0820 | rot 0.00161 (0.065 deg)
Matched 398 keypoints
[INFO] [1790552993.553968044] [pose_estimator]: RANSAC: 344 inliers / 398, 26 iterations
[INFO] [1790552993.554150002] [pose_estimator]: RPE: trans 0.0751 | rot 0.00210 (0.085 deg)
Matched 403 keypoints
[INFO] [1790552993.675722669] [pose_estimator]: RANSAC: 354 inliers / 403, 16 iterations
[INFO] [1790552993.675884794] [pose_estimator]: RPE: trans 0.0888 | rot 0.00301 (0.122 deg)
Matched 491 keypoints
[INFO] [1790552993.800439711] [pose_estimator]: RANSAC: 423 inliers / 491, 16 iterations
[INFO] [1790552993.801633711] [pose_estimator]: RPE: trans 0.2642 | rot 0.00381 (0.154 deg)
Matched 466 keypoints
[INFO] [1790552993.947008086] [pose_estimator]: RANSAC: 408 inliers / 466, 13 iterations
[INFO] [1790552993.947205461] [pose_estimator]: RPE: trans 0.4644 | rot 0.00876 (0.355 deg)
Matched 470 keypoints
[INFO] [1790552994.083096586] [pose_estimator]: RANSAC: 393 inliers / 470, 21 iterations
[INFO] [1790552994.083273794] [pose_estimator]: RPE: trans 0.4866 | rot 0.00873 (0.354 deg)
Matched 442 keypoints
[INFO] [1790552994.237662419] [pose_estimator]: RANSAC: 385 inliers / 442, 14 iterations
[INFO] [1790552994.242845669] [pose_estimator]: RPE: trans 0.1901 | rot 0.00318 (0.129 deg)
Matched 433 keypoints
[INFO] [1790552994.389532044] [pose_estimator]: RANSAC: 375 inliers / 433, 15 iterations
[INFO] [1790552994.389703419] [pose_estimator]: RPE: trans 0.1037 | rot 0.00324 (0.131 deg)
Matched 460 keypoints
[INFO] [1790552994.543013794] [pose_estimator]: RANSAC: 402 inliers / 460, 14 iterations
[INFO] [1790552994.543194294] [pose_estimator]: RPE: trans 0.4111 | rot 0.00384 (0.156 deg)
Matched 400 keypoints
[INFO] [1790552994.688022586] [pose_estimator]: RANSAC: 349 inliers / 400, 14 iterations
[INFO] [1790552994.688182753] [pose_estimator]: RPE: trans 0.0572 | rot 0.00239 (0.097 deg)
Matched 456 keypoints
[INFO] [1790552994.810289919] [pose_estimator]: RANSAC: 385 inliers / 456, 19 iterations
[INFO] [1790552994.810471211] [pose_estimator]: RPE: trans 0.2500 | rot 0.00453 (0.183 deg)
Matched 488 keypoints
[INFO] [1790552994.943917211] [pose_estimator]: RANSAC: 434 inliers / 488, 12 iterations
[INFO] [1790552994.944104169] [pose_estimator]: RPE: trans 1.1882 | rot 0.01987 (0.805 deg)
Matched 439 keypoints
[INFO] [1790552995.073831211] [pose_estimator]: RANSAC: 369 inliers / 439, 22 iterations
[INFO] [1790552995.076102253] [pose_estimator]: RPE: trans 0.0916 | rot 0.00305 (0.124 deg)
Matched 427 keypoints
[INFO] [1790552995.286780628] [pose_estimator]: RANSAC: 370 inliers / 427, 15 iterations
[INFO] [1790552995.286977628] [pose_estimator]: RPE: trans 0.2641 | rot 0.00569 (0.230 deg)
Matched 427 keypoints
[INFO] [1790552995.455165836] [pose_estimator]: RANSAC: 358 inliers / 427, 21 iterations
[INFO] [1790552995.455510378] [pose_estimator]: RPE: trans 0.0317 | rot 0.00124 (0.050 deg)
Matched 458 keypoints
[INFO] [1790552995.612364170] [pose_estimator]: RANSAC: 384 inliers / 458, 21 iterations
[INFO] [1790552995.616312170] [pose_estimator]: RPE: trans 0.0591 | rot 0.00076 (0.031 deg)
Matched 446 keypoints
[INFO] [1790552995.976537420] [pose_estimator]: RANSAC: 379 inliers / 446, 20 iterations
[INFO] [1790552995.977662837] [pose_estimator]: RPE: trans 0.1655 | rot 0.00291 (0.118 deg)
Matched 462 keypoints
[INFO] [1790552996.131114920] [pose_estimator]: RANSAC: 388 inliers / 462, 20 iterations
[INFO] [1790552996.131274545] [pose_estimator]: RPE: trans 0.1431 | rot 0.00386 (0.157 deg)
Matched 456 keypoints
[INFO] [1790552996.255945420] [pose_estimator]: RANSAC: 407 inliers / 456, 11 iterations
[INFO] [1790552996.256149337] [pose_estimator]: RPE: trans 0.3057 | rot 0.00593 (0.240 deg)
Matched 476 keypoints
[INFO] [1790552996.379410712] [pose_estimator]: RANSAC: 406 inliers / 476, 17 iterations
[INFO] [1790552996.380617337] [pose_estimator]: RPE: trans 0.2526 | rot 0.00432 (0.175 deg)
Matched 465 keypoints
[INFO] [1790552996.559794504] [pose_estimator]: RANSAC: 393 inliers / 465, 19 iterations
[INFO] [1790552996.561053920] [pose_estimator]: RPE: trans 0.0343 | rot 0.00080 (0.032 deg)
Matched 474 keypoints
[INFO] [1790552996.719619587] [pose_estimator]: RANSAC: 401 inliers / 474, 19 iterations
[INFO] [1790552996.719790045] [pose_estimator]: RPE: trans 0.3445 | rot 0.00716 (0.290 deg)
Matched 490 keypoints
[INFO] [1790552996.855357837] [pose_estimator]: RANSAC: 422 inliers / 490, 16 iterations
[INFO] [1790552996.855637587] [pose_estimator]: RPE: trans 0.2125 | rot 0.00322 (0.131 deg)
Matched 509 keypoints
[INFO] [1790552996.997345545] [pose_estimator]: RANSAC: 425 inliers / 509, 21 iterations
[INFO] [1790552996.997542379] [pose_estimator]: RPE: trans 0.2707 | rot 0.00443 (0.180 deg)
Matched 484 keypoints
[INFO] [1790552997.157060712] [pose_estimator]: RANSAC: 410 inliers / 484, 19 iterations
[INFO] [1790552997.157236629] [pose_estimator]: RPE: trans 0.3312 | rot 0.00747 (0.303 deg)
Matched 481 keypoints
[INFO] [1790552997.311447796] [pose_estimator]: RANSAC: 416 inliers / 481, 15 iterations
[INFO] [1790552997.312583712] [pose_estimator]: RPE: trans 0.2728 | rot 0.00517 (0.210 deg)
Matched 494 keypoints
[INFO] [1790552997.455968629] [pose_estimator]: RANSAC: 430 inliers / 494, 14 iterations
[INFO] [1790552997.456132379] [pose_estimator]: RPE: trans 0.2482 | rot 0.00416 (0.169 deg)
Matched 507 keypoints
[INFO] [1790552997.585967462] [pose_estimator]: RANSAC: 428 inliers / 507, 19 iterations
[INFO] [1790552997.586127587] [pose_estimator]: RPE: trans 0.0507 | rot 0.00060 (0.024 deg)
Matched 575 keypoints
[INFO] [1790552997.762254212] [pose_estimator]: RANSAC: 464 inliers / 575, 30 iterations
[INFO] [1790552997.764168546] [pose_estimator]: RPE: trans 0.1368 | rot 0.00098 (0.040 deg)
Matched 513 keypoints
[INFO] [1790552997.905593338] [pose_estimator]: RANSAC: 458 inliers / 513, 11 iterations
[INFO] [1790552997.905766713] [pose_estimator]: RPE: trans 0.4341 | rot 0.00955 (0.387 deg)
Matched 526 keypoints
[INFO] [1790552998.087166171] [pose_estimator]: RANSAC: 450 inliers / 526, 17 iterations
[INFO] [1790552998.087381963] [pose_estimator]: RPE: trans 0.1477 | rot 0.00341 (0.138 deg)
Matched 557 keypoints
[INFO] [1790552998.282806963] [pose_estimator]: RANSAC: 485 inliers / 557, 14 iterations
[INFO] [1790552998.283949129] [pose_estimator]: RPE: trans 0.2117 | rot 0.00422 (0.171 deg)
Matched 536 keypoints
[INFO] [1790552998.442834838] [pose_estimator]: RANSAC: 450 inliers / 536, 20 iterations
[INFO] [1790552998.443030629] [pose_estimator]: RPE: trans 0.1734 | rot 0.00522 (0.211 deg)
Matched 554 keypoints
[INFO] [1790552998.574986588] [pose_estimator]: RANSAC: 486 inliers / 554, 13 iterations
[INFO] [1790552998.575146796] [pose_estimator]: RPE: trans 0.3604 | rot 0.00975 (0.395 deg)
Matched 622 keypoints
[INFO] [1790552998.712543588] [pose_estimator]: RANSAC: 555 inliers / 622, 11 iterations
[INFO] [1790552998.713546213] [pose_estimator]: RPE: trans 0.7415 | rot 0.00784 (0.318 deg)
Matched 569 keypoints
[INFO] [1790552998.857047880] [pose_estimator]: RANSAC: 500 inliers / 569, 13 iterations
[INFO] [1790552998.857212171] [pose_estimator]: RPE: trans 0.2738 | rot 0.00801 (0.325 deg)
Matched 608 keypoints
[INFO] [1790552998.989360296] [pose_estimator]: RANSAC: 505 inliers / 608, 23 iterations
[INFO] [1790552998.989574713] [pose_estimator]: RPE: trans 0.2679 | rot 0.00615 (0.249 deg)
Matched 621 keypoints
[INFO] [1790552999.135349505] [pose_estimator]: RANSAC: 528 inliers / 621, 18 iterations
[INFO] [1790552999.136182713] [pose_estimator]: RPE: trans 0.2689 | rot 0.00278 (0.113 deg)
Matched 622 keypoints
[INFO] [1790552999.325790338] [pose_estimator]: RANSAC: 560 inliers / 622, 10 iterations
[INFO] [1790552999.325967213] [pose_estimator]: RPE: trans 0.5079 | rot 0.00952 (0.386 deg)
Matched 600 keypoints
[INFO] [1790552999.481613963] [pose_estimator]: RANSAC: 518 inliers / 600, 15 iterations
[INFO] [1790552999.484566463] [pose_estimator]: RPE: trans 0.2295 | rot 0.00771 (0.313 deg)
Matched 586 keypoints
[INFO] [1790552999.643437172] [pose_estimator]: RANSAC: 514 inliers / 586, 13 iterations
[INFO] [1790552999.643645630] [pose_estimator]: RPE: trans 0.0386 | rot 0.00166 (0.067 deg)
Matched 599 keypoints
[INFO] [1790552999.799517088] [pose_estimator]: RANSAC: 508 inliers / 599, 18 iterations
[INFO] [1790552999.799716172] [pose_estimator]: RPE: trans 0.0328 | rot 0.00108 (0.044 deg)
Matched 639 keypoints
[INFO] [1790552999.942235547] [pose_estimator]: RANSAC: 560 inliers / 639, 13 iterations
[INFO] [1790552999.942556880] [pose_estimator]: RPE: trans 0.2951 | rot 0.00844 (0.342 deg)
Matched 638 keypoints
[INFO] [1790553000.089690755] [pose_estimator]: RANSAC: 542 inliers / 638, 18 iterations
[INFO] [1790553000.089909380] [pose_estimator]: RPE: trans 0.4277 | rot 0.01261 (0.511 deg)
Matched 724 keypoints
[INFO] [1790553000.551308505] [pose_estimator]: RANSAC: 630 inliers / 724, 14 iterations
[INFO] [1790553000.551519922] [pose_estimator]: RPE: trans 0.5089 | rot 0.00566 (0.229 deg)
Matched 579 keypoints
[INFO] [1790553000.709452672] [pose_estimator]: RANSAC: 463 inliers / 579, 33 iterations
[INFO] [1790553000.709649006] [pose_estimator]: RPE: trans 0.0544 | rot 0.00364 (0.148 deg)
Matched 602 keypoints
[INFO] [1790553000.896739839] [pose_estimator]: RANSAC: 504 inliers / 602, 21 iterations
[INFO] [1790553000.898603339] [pose_estimator]: RPE: trans 0.0184 | rot 0.00052 (0.021 deg)
Matched 605 keypoints
[INFO] [1790553001.045423589] [pose_estimator]: RANSAC: 478 inliers / 605, 37 iterations
[INFO] [1790553001.045624922] [pose_estimator]: RPE: trans 0.0186 | rot 0.00276 (0.112 deg)
Matched 688 keypoints
[INFO] [1790553001.263709797] [pose_estimator]: RANSAC: 593 inliers / 688, 16 iterations
[INFO] [1790553001.266156964] [pose_estimator]: RPE: trans 0.3842 | rot 0.00825 (0.334 deg)
Matched 665 keypoints
[INFO] [1790553001.425988631] [pose_estimator]: RANSAC: 536 inliers / 665, 30 iterations
[INFO] [1790553001.427257798] [pose_estimator]: RPE: trans 0.0274 | rot 0.00130 (0.053 deg)
Matched 649 keypoints
[INFO] [1790553001.617773131] [pose_estimator]: RANSAC: 540 inliers / 649, 22 iterations
[INFO] [1790553001.617967881] [pose_estimator]: RPE: trans 0.1976 | rot 0.00186 (0.076 deg)
Matched 606 keypoints
[INFO] [1790553001.782789589] [pose_estimator]: RANSAC: 518 inliers / 606, 17 iterations
[INFO] [1790553001.784508423] [pose_estimator]: RPE: trans 0.0317 | rot 0.00113 (0.046 deg)
Matched 664 keypoints
[INFO] [1790553001.948984548] [pose_estimator]: RANSAC: 563 inliers / 664, 18 iterations
[INFO] [1790553001.949187714] [pose_estimator]: RPE: trans 0.1916 | rot 0.00352 (0.143 deg)
Matched 657 keypoints
[INFO] [1790553002.126889923] [pose_estimator]: RANSAC: 546 inliers / 657, 22 iterations
[INFO] [1790553002.134265423] [pose_estimator]: RPE: trans 0.0990 | rot 0.00292 (0.118 deg)
Matched 646 keypoints
[INFO] [1790553002.325627590] [pose_estimator]: RANSAC: 540 inliers / 646, 21 iterations
[INFO] [1790553002.334399298] [pose_estimator]: RPE: trans 0.1050 | rot 0.00392 (0.159 deg)
Matched 642 keypoints
[INFO] [1790553002.491888715] [pose_estimator]: RANSAC: 547 inliers / 642, 18 iterations
[INFO] [1790553002.492094590] [pose_estimator]: RPE: trans 0.4682 | rot 0.01098 (0.445 deg)
Matched 601 keypoints
[INFO] [1790553002.634182506] [pose_estimator]: RANSAC: 489 inliers / 601, 28 iterations
[INFO] [1790553002.638279548] [pose_estimator]: RPE: trans 0.0861 | rot 0.00305 (0.124 deg)
Matched 683 keypoints
[INFO] [1790553002.785337590] [pose_estimator]: RANSAC: 563 inliers / 683, 24 iterations
[INFO] [1790553002.785521840] [pose_estimator]: RPE: trans 0.0675 | rot 0.00172 (0.070 deg)
Matched 680 keypoints
[INFO] [1790553002.959888757] [pose_estimator]: RANSAC: 570 inliers / 680, 23 iterations
[INFO] [1790553002.962340257] [pose_estimator]: RPE: trans 0.1755 | rot 0.00393 (0.159 deg)
Matched 638 keypoints
[INFO] [1790553003.117024382] [pose_estimator]: RANSAC: 520 inliers / 638, 27 iterations
[INFO] [1790553003.119855590] [pose_estimator]: RPE: trans 0.0705 | rot 0.00187 (0.076 deg)
Matched 746 keypoints
[INFO] [1790553003.276291673] [pose_estimator]: RANSAC: 622 inliers / 746, 22 iterations
[INFO] [1790553003.276475673] [pose_estimator]: RPE: trans 0.3148 | rot 0.00253 (0.103 deg)
Matched 668 keypoints
[INFO] [1790553003.435699049] [pose_estimator]: RANSAC: 555 inliers / 668, 23 iterations
[INFO] [1790553003.438046382] [pose_estimator]: RPE: trans 0.1886 | rot 0.00230 (0.093 deg)
Matched 653 keypoints
[INFO] [1790553003.630061965] [pose_estimator]: RANSAC: 523 inliers / 653, 32 iterations
[INFO] [1790553003.630263090] [pose_estimator]: RPE: trans 0.1567 | rot 0.00291 (0.118 deg)
Matched 658 keypoints
[INFO] [1790553003.768523007] [pose_estimator]: RANSAC: 550 inliers / 658, 21 iterations
[INFO] [1790553003.768688465] [pose_estimator]: RPE: trans 0.1633 | rot 0.00250 (0.101 deg)
Matched 619 keypoints
[INFO] [1790553003.908517632] [pose_estimator]: RANSAC: 500 inliers / 619, 32 iterations
[INFO] [1790553003.915519174] [pose_estimator]: RPE: trans 0.0801 | rot 0.00227 (0.092 deg)
Matched 629 keypoints
[INFO] [1790553004.066945590] [pose_estimator]: RANSAC: 517 inliers / 629, 25 iterations
[INFO] [1790553004.067141924] [pose_estimator]: RPE: trans 0.0298 | rot 0.00106 (0.043 deg)
Matched 665 keypoints
[INFO] [1790553004.225922716] [pose_estimator]: RANSAC: 542 inliers / 665, 27 iterations
[INFO] [1790553004.226088174] [pose_estimator]: RPE: trans 0.0243 | rot 0.00143 (0.058 deg)
Matched 660 keypoints
[INFO] [1790553004.391198466] [pose_estimator]: RANSAC: 575 inliers / 660, 14 iterations
[INFO] [1790553004.402045007] [pose_estimator]: RPE: trans 0.0327 | rot 0.00111 (0.045 deg)
Matched 684 keypoints
[INFO] [1790553004.564458341] [pose_estimator]: RANSAC: 584 inliers / 684, 18 iterations
[INFO] [1790553004.564642424] [pose_estimator]: RPE: trans 0.0284 | rot 0.00083 (0.034 deg)
Matched 711 keypoints
[INFO] [1790553004.724366591] [pose_estimator]: RANSAC: 631 inliers / 711, 12 iterations
[INFO] [1790553004.726451257] [pose_estimator]: RPE: trans 0.1911 | rot 0.00269 (0.109 deg)
Matched 665 keypoints
[INFO] [1790553004.872661924] [pose_estimator]: RANSAC: 564 inliers / 665, 18 iterations
[INFO] [1790553004.875006883] [pose_estimator]: RPE: trans 0.0478 | rot 0.00066 (0.027 deg)
Matched 703 keypoints
[INFO] [1790553005.039451341] [pose_estimator]: RANSAC: 587 inliers / 703, 22 iterations
[INFO] [1790553005.039625799] [pose_estimator]: RPE: trans 0.1574 | rot 0.00337 (0.136 deg)
Matched 677 keypoints
[INFO] [1790553005.180176383] [pose_estimator]: RANSAC: 582 inliers / 677, 16 iterations
[INFO] [1790553005.180488258] [pose_estimator]: RPE: trans 0.1827 | rot 0.00373 (0.151 deg)
Matched 694 keypoints
[INFO] [1790553005.343790716] [pose_estimator]: RANSAC: 589 inliers / 694, 18 iterations
[INFO] [1790553005.343986174] [pose_estimator]: RPE: trans 0.0190 | rot 0.00069 (0.028 deg)
Matched 696 keypoints
[INFO] [1790553005.484601841] [pose_estimator]: RANSAC: 595 inliers / 696, 17 iterations
[INFO] [1790553005.484775341] [pose_estimator]: RPE: trans 0.0331 | rot 0.00128 (0.052 deg)
Matched 744 keypoints
[INFO] [1790553005.695025675] [pose_estimator]: RANSAC: 637 inliers / 744, 17 iterations
[INFO] [1790553005.695180883] [pose_estimator]: RPE: trans 0.1130 | rot 0.00190 (0.077 deg)
Matched 666 keypoints
[INFO] [1790553005.876920800] [pose_estimator]: RANSAC: 552 inliers / 666, 23 iterations
[INFO] [1790553005.877163925] [pose_estimator]: RPE: trans 0.0369 | rot 0.00143 (0.058 deg)
Matched 761 keypoints
[INFO] [1790553006.024974800] [pose_estimator]: RANSAC: 649 inliers / 761, 17 iterations
[INFO] [1790553006.027100050] [pose_estimator]: RPE: trans 0.0477 | rot 0.00059 (0.024 deg)
Matched 749 keypoints
[INFO] [1790553006.207620883] [pose_estimator]: RANSAC: 627 inliers / 749, 21 iterations
[INFO] [1790553006.207797758] [pose_estimator]: RPE: trans 0.1941 | rot 0.00387 (0.157 deg)
Matched 673 keypoints
[INFO] [1790553006.355498508] [pose_estimator]: RANSAC: 556 inliers / 673, 25 iterations
[INFO] [1790553006.355683675] [pose_estimator]: RPE: trans 0.0354 | rot 0.00172 (0.070 deg)
Matched 630 keypoints
[INFO] [1790553006.500135717] [pose_estimator]: RANSAC: 545 inliers / 630, 15 iterations
[INFO] [1790553006.500307967] [pose_estimator]: RPE: trans 0.0316 | rot 0.00124 (0.050 deg)
Matched 742 keypoints
[INFO] [1790553006.771949300] [pose_estimator]: RANSAC: 603 inliers / 742, 28 iterations
[INFO] [1790553006.772141217] [pose_estimator]: RPE: trans 0.1758 | rot 0.00469 (0.190 deg)
Matched 639 keypoints
[INFO] [1790553006.924729842] [pose_estimator]: RANSAC: 547 inliers / 639, 17 iterations
[INFO] [1790553006.924917342] [pose_estimator]: RPE: trans 0.0285 | rot 0.00043 (0.017 deg)
Matched 667 keypoints
[INFO] [1790553007.102706717] [pose_estimator]: RANSAC: 576 inliers / 667, 15 iterations
[INFO] [1790553007.102894884] [pose_estimator]: RPE: trans 0.0433 | rot 0.00082 (0.033 deg)
Matched 636 keypoints
[INFO] [1790553007.240895967] [pose_estimator]: RANSAC: 538 inliers / 636, 19 iterations
[INFO] [1790553007.241094884] [pose_estimator]: RPE: trans 0.0528 | rot 0.00267 (0.108 deg)
Matched 663 keypoints
[INFO] [1790553007.387454092] [pose_estimator]: RANSAC: 566 inliers / 663, 17 iterations
[INFO] [1790553007.387617800] [pose_estimator]: RPE: trans 0.0292 | rot 0.00135 (0.055 deg)
Matched 671 keypoints
[INFO] [1790553007.534275717] [pose_estimator]: RANSAC: 568 inliers / 671, 19 iterations
[INFO] [1790553007.534459092] [pose_estimator]: RPE: trans 0.4781 | rot 0.00651 (0.264 deg)
Matched 627 keypoints
[INFO] [1790553007.709143842] [pose_estimator]: RANSAC: 525 inliers / 627, 21 iterations
[INFO] [1790553007.709338217] [pose_estimator]: RPE: trans 0.3269 | rot 0.00685 (0.278 deg)
Matched 598 keypoints
[INFO] [1790553007.865763426] [pose_estimator]: RANSAC: 500 inliers / 598, 21 iterations
[INFO] [1790553007.865956717] [pose_estimator]: RPE: trans 0.2646 | rot 0.00884 (0.358 deg)
Matched 555 keypoints
[INFO] [1790553008.000278426] [pose_estimator]: RANSAC: 490 inliers / 555, 15 iterations
[INFO] [1790553008.000464676] [pose_estimator]: RPE: trans 0.2742 | rot 0.00568 (0.230 deg)
Matched 572 keypoints
[INFO] [1790553008.150830301] [pose_estimator]: RANSAC: 471 inliers / 572, 25 iterations
[INFO] [1790553008.151078717] [pose_estimator]: RPE: trans 0.2179 | rot 0.00724 (0.293 deg)
Matched 545 keypoints
[INFO] [1790553008.305532593] [pose_estimator]: RANSAC: 470 inliers / 545, 16 iterations
[INFO] [1790553008.305730759] [pose_estimator]: RPE: trans 0.2046 | rot 0.00497 (0.202 deg)
Matched 529 keypoints
[INFO] [1790553008.447265759] [pose_estimator]: RANSAC: 440 inliers / 529, 22 iterations
[INFO] [1790553008.447443551] [pose_estimator]: RPE: trans 0.0291 | rot 0.00109 (0.044 deg)
Matched 521 keypoints
[INFO] [1790553008.577433468] [pose_estimator]: RANSAC: 417 inliers / 521, 32 iterations
[INFO] [1790553008.577634968] [pose_estimator]: RPE: trans 0.0253 | rot 0.00093 (0.038 deg)
Matched 532 keypoints
[INFO] [1790553008.744816759] [pose_estimator]: RANSAC: 441 inliers / 532, 23 iterations
[INFO] [1790553008.745029634] [pose_estimator]: RPE: trans 0.1231 | rot 0.00342 (0.139 deg)
Matched 533 keypoints
[INFO] [1790553008.905688884] [pose_estimator]: RANSAC: 444 inliers / 533, 22 iterations
[INFO] [1790553008.905911051] [pose_estimator]: RPE: trans 0.0417 | rot 0.00108 (0.044 deg)
Matched 556 keypoints
[INFO] [1790553009.113327301] [pose_estimator]: RANSAC: 471 inliers / 556, 19 iterations
[INFO] [1790553009.114874218] [pose_estimator]: RPE: trans 0.4098 | rot 0.00719 (0.291 deg)
Matched 569 keypoints
[INFO] [1790553009.285668593] [pose_estimator]: RANSAC: 454 inliers / 569, 33 iterations
[INFO] [1790553009.286009343] [pose_estimator]: RPE: trans 0.1727 | rot 0.00438 (0.178 deg)
Matched 544 keypoints
[INFO] [1790553009.444161135] [pose_estimator]: RANSAC: 442 inliers / 544, 28 iterations
[INFO] [1790553009.444472135] [pose_estimator]: RPE: trans 0.4358 | rot 0.00977 (0.396 deg)
Matched 549 keypoints
[INFO] [1790553009.593361843] [pose_estimator]: RANSAC: 469 inliers / 549, 17 iterations
[INFO] [1790553009.593602885] [pose_estimator]: RPE: trans 0.2784 | rot 0.00460 (0.186 deg)
Matched 607 keypoints
[INFO] [1790553009.743131968] [pose_estimator]: RANSAC: 476 inliers / 607, 44 iterations
[INFO] [1790553009.743329427] [pose_estimator]: RPE: trans 0.0995 | rot 0.00182 (0.074 deg)
Matched 570 keypoints
[INFO] [1790553009.884557802] [pose_estimator]: RANSAC: 460 inliers / 570, 30 iterations
[INFO] [1790553009.884770885] [pose_estimator]: RPE: trans 0.8935 | rot 0.01301 (0.527 deg)
Matched 569 keypoints
[INFO] [1790553010.021884927] [pose_estimator]: RANSAC: 499 inliers / 569, 20 iterations
[INFO] [1790553010.022087385] [pose_estimator]: RPE: trans 0.3296 | rot 0.00408 (0.165 deg)
Matched 556 keypoints
[INFO] [1790553010.182279635] [pose_estimator]: RANSAC: 463 inliers / 556, 22 iterations
[INFO] [1790553010.182448510] [pose_estimator]: RPE: trans 1.6177 | rot 0.00816 (0.331 deg)
Matched 547 keypoints
[INFO] [1790553010.321857552] [pose_estimator]: RANSAC: 457 inliers / 547, 22 iterations
[INFO] [1790553010.322021968] [pose_estimator]: RPE: trans 0.1946 | rot 0.00543 (0.220 deg)
Matched 520 keypoints
[INFO] [1790553010.460483427] [pose_estimator]: RANSAC: 454 inliers / 520, 14 iterations
[INFO] [1790553010.460686844] [pose_estimator]: RPE: trans 0.0838 | rot 0.00343 (0.139 deg)
Matched 495 keypoints
[INFO] [1790553010.607413010] [pose_estimator]: RANSAC: 408 inliers / 495, 24 iterations
[INFO] [1790553010.607616010] [pose_estimator]: RPE: trans 0.5372 | rot 0.01999 (0.810 deg)
Matched 499 keypoints
[INFO] [1790553010.762667885] [pose_estimator]: RANSAC: 415 inliers / 499, 27 iterations
[INFO] [1790553010.762832177] [pose_estimator]: RPE: trans 0.8018 | rot 0.00528 (0.214 deg)
Matched 481 keypoints
[INFO] [1790553010.902499594] [pose_estimator]: RANSAC: 405 inliers / 481, 21 iterations
[INFO] [1790553010.902707969] [pose_estimator]: RPE: trans 0.6567 | rot 0.00695 (0.282 deg)
Matched 496 keypoints
[INFO] [1790553011.046251344] [pose_estimator]: RANSAC: 417 inliers / 496, 30 iterations
[INFO] [1790553011.046427969] [pose_estimator]: RPE: trans 0.7225 | rot 0.00901 (0.365 deg)
Matched 417 keypoints
[INFO] [1790553011.184555802] [pose_estimator]: RANSAC: 348 inliers / 417, 27 iterations
[INFO] [1790553011.184740386] [pose_estimator]: RPE: trans 0.9509 | rot 0.01237 (0.501 deg)
Matched 433 keypoints
[INFO] [1790553011.339906469] [pose_estimator]: RANSAC: 340 inliers / 433, 39 iterations
[INFO] [1790553011.340071261] [pose_estimator]: RPE: trans 0.4761 | rot 0.00731 (0.296 deg)
Matched 407 keypoints
[INFO] [1790553011.469182261] [pose_estimator]: RANSAC: 317 inliers / 407, 43 iterations
[INFO] [1790553011.469338511] [pose_estimator]: RPE: trans 0.4535 | rot 0.01086 (0.440 deg)
Matched 410 keypoints
[INFO] [1790553011.608321052] [pose_estimator]: RANSAC: 331 inliers / 410, 36 iterations
[INFO] [1790553011.608477844] [pose_estimator]: RPE: trans 0.2443 | rot 0.00273 (0.111 deg)
Matched 387 keypoints
[INFO] [1790553011.749983594] [pose_estimator]: RANSAC: 297 inliers / 387, 48 iterations
[INFO] [1790553011.750191927] [pose_estimator]: RPE: trans 0.5833 | rot 0.01402 (0.568 deg)
Matched 340 keypoints
[INFO] [1790553011.874461303] [pose_estimator]: RANSAC: 268 inliers / 340, 37 iterations
[INFO] [1790553011.874602886] [pose_estimator]: RPE: trans 0.4455 | rot 0.00724 (0.293 deg)
Matched 331 keypoints
[INFO] [1790553012.009515261] [pose_estimator]: RANSAC: 255 inliers / 331, 46 iterations
[INFO] [1790553012.009698511] [pose_estimator]: RPE: trans 0.5068 | rot 0.00563 (0.228 deg)
Matched 281 keypoints
[INFO] [1790553012.131778136] [pose_estimator]: RANSAC: 212 inliers / 281, 56 iterations
[INFO] [1790553012.131971053] [pose_estimator]: RPE: trans 1.0467 | rot 0.01253 (0.508 deg)
Matched 313 keypoints
[INFO] [1790553012.250540844] [pose_estimator]: RANSAC: 255 inliers / 313, 27 iterations
[INFO] [1790553012.250723844] [pose_estimator]: RPE: trans 1.1691 | rot 0.00546 (0.221 deg)
Matched 295 keypoints
[INFO] [1790553012.372305136] [pose_estimator]: RANSAC: 246 inliers / 295, 22 iterations
[INFO] [1790553012.372496219] [pose_estimator]: RPE: trans 1.2080 | rot 0.01256 (0.509 deg)
Matched 316 keypoints
[INFO] [1790553012.520440303] [pose_estimator]: RANSAC: 274 inliers / 316, 15 iterations
[INFO] [1790553012.520633220] [pose_estimator]: RPE: trans 1.3235 | rot 0.01010 (0.409 deg)
Matched 288 keypoints
[INFO] [1790553012.665148761] [pose_estimator]: RANSAC: 230 inliers / 288, 47 iterations
[INFO] [1790553012.665339220] [pose_estimator]: RPE: trans 1.2657 | rot 0.01327 (0.538 deg)
Matched 290 keypoints
[INFO] [1790553012.780646761] [pose_estimator]: RANSAC: 219 inliers / 290, 56 iterations
[INFO] [1790553012.780830303] [pose_estimator]: RPE: trans 0.9009 | rot 0.01005 (0.407 deg)
Matched 307 keypoints
[INFO] [1790553012.909490095] [pose_estimator]: RANSAC: 254 inliers / 307, 23 iterations
[INFO] [1790553012.909670803] [pose_estimator]: RPE: trans 1.1276 | rot 0.00968 (0.392 deg)
Matched 343 keypoints
[INFO] [1790553013.048958261] [pose_estimator]: RANSAC: 291 inliers / 343, 19 iterations
[INFO] [1790553013.049589470] [pose_estimator]: RPE: trans 1.0055 | rot 0.00992 (0.402 deg)
Matched 278 keypoints
[INFO] [1790553013.169396720] [pose_estimator]: RANSAC: 219 inliers / 278, 38 iterations
[INFO] [1790553013.169550928] [pose_estimator]: RPE: trans 0.4495 | rot 0.00743 (0.301 deg)
Matched 294 keypoints
[INFO] [1790553013.289438345] [pose_estimator]: RANSAC: 223 inliers / 294, 54 iterations
[INFO] [1790553013.289616095] [pose_estimator]: RPE: trans 0.4201 | rot 0.00593 (0.240 deg)
Matched 317 keypoints
[INFO] [1790553013.412256220] [pose_estimator]: RANSAC: 260 inliers / 317, 26 iterations
[INFO] [1790553013.412434887] [pose_estimator]: RPE: trans 0.6827 | rot 0.01271 (0.515 deg)
Matched 299 keypoints
[INFO] [1790553013.531080887] [pose_estimator]: RANSAC: 225 inliers / 299, 58 iterations
[INFO] [1790553013.535529053] [pose_estimator]: RPE: trans 1.1877 | rot 0.01588 (0.643 deg)
Matched 247 keypoints
[INFO] [1790553013.666947512] [pose_estimator]: RANSAC: 204 inliers / 247, 24 iterations
[INFO] [1790553013.667115012] [pose_estimator]: RPE: trans 0.4114 | rot 0.01785 (0.723 deg)
Matched 261 keypoints
[INFO] [1790553013.780059637] [pose_estimator]: RANSAC: 208 inliers / 261, 34 iterations
[INFO] [1790553013.780203012] [pose_estimator]: RPE: trans 0.3990 | rot 0.00667 (0.270 deg)
Matched 253 keypoints
[INFO] [1790553013.909438054] [pose_estimator]: RANSAC: 202 inliers / 253, 35 iterations
[INFO] [1790553013.909611345] [pose_estimator]: RPE: trans 0.4377 | rot 0.01962 (0.795 deg)
Matched 214 keypoints
[INFO] [1790553014.040215720] [pose_estimator]: RANSAC: 164 inliers / 214, 121 iterations
[INFO] [1790553014.040386595] [pose_estimator]: RPE: trans 0.1620 | rot 0.00577 (0.234 deg)
Matched 258 keypoints
[INFO] [1790553014.150496595] [pose_estimator]: RANSAC: 211 inliers / 258, 26 iterations
[INFO] [1790553014.150658054] [pose_estimator]: RPE: trans 0.6243 | rot 0.01216 (0.492 deg)
Matched 206 keypoints
[INFO] [1790553014.260158345] [pose_estimator]: RANSAC: 152 inliers / 206, 69 iterations
[INFO] [1790553014.260326679] [pose_estimator]: RPE: trans 0.1193 | rot 0.00494 (0.200 deg)
Matched 239 keypoints
[INFO] [1790553014.389032220] [pose_estimator]: RANSAC: 203 inliers / 239, 18 iterations
[INFO] [1790553014.389189429] [pose_estimator]: RPE: trans 0.2478 | rot 0.00844 (0.342 deg)
Matched 227 keypoints
[INFO] [1790553014.505273804] [pose_estimator]: RANSAC: 191 inliers / 227, 68 iterations
[INFO] [1790553014.505469179] [pose_estimator]: RPE: trans 0.2178 | rot 0.00242 (0.098 deg)
Matched 199 keypoints
[INFO] [1790553014.613862262] [pose_estimator]: RANSAC: 160 inliers / 199, 41 iterations
[INFO] [1790553014.614036554] [pose_estimator]: RPE: trans 0.2232 | rot 0.00718 (0.291 deg)
Matched 204 keypoints
[INFO] [1790553014.740165762] [pose_estimator]: RANSAC: 160 inliers / 204, 46 iterations
[INFO] [1790553014.740687387] [pose_estimator]: RPE: trans 1.5473 | rot 0.03589 (1.454 deg)
Matched 212 keypoints
[INFO] [1790553014.876292846] [pose_estimator]: RANSAC: 164 inliers / 212, 45 iterations
[INFO] [1790553014.876478804] [pose_estimator]: RPE: trans 0.1067 | rot 0.00172 (0.070 deg)
Matched 202 keypoints
[INFO] [1790553015.031876887] [pose_estimator]: RANSAC: 158 inliers / 202, 40 iterations
[INFO] [1790553015.032023137] [pose_estimator]: RPE: trans 0.2046 | rot 0.00550 (0.223 deg)
Matched 209 keypoints
[INFO] [1790553015.140439846] [pose_estimator]: RANSAC: 172 inliers / 209, 58 iterations
[INFO] [1790553015.140608512] [pose_estimator]: RPE: trans 0.1068 | rot 0.00401 (0.162 deg)
Matched 235 keypoints
[INFO] [1790553015.252746096] [pose_estimator]: RANSAC: 193 inliers / 235, 25 iterations
[INFO] [1790553015.252906887] [pose_estimator]: RPE: trans 0.2925 | rot 0.00812 (0.329 deg)
Matched 222 keypoints
[INFO] [1790553015.371417138] [pose_estimator]: RANSAC: 173 inliers / 222, 146 iterations
[INFO] [1790553015.371587888] [pose_estimator]: RPE: trans 0.0539 | rot 0.00247 (0.100 deg)
Matched 225 keypoints
[INFO] [1790553015.568381763] [pose_estimator]: RANSAC: 178 inliers / 225, 36 iterations
[INFO] [1790553015.568542054] [pose_estimator]: RPE: trans 0.1560 | rot 0.00608 (0.246 deg)
Matched 168 keypoints
[INFO] [1790553015.689543179] [pose_estimator]: RANSAC: 123 inliers / 168, 74 iterations
[INFO] [1790553015.689728721] [pose_estimator]: RPE: trans 0.0674 | rot 0.00647 (0.262 deg)
Matched 283 keypoints
[INFO] [1790553015.830609929] [pose_estimator]: RANSAC: 224 inliers / 283, 36 iterations
[INFO] [1790553015.830771596] [pose_estimator]: RPE: trans 0.2540 | rot 0.00880 (0.357 deg)
Matched 276 keypoints
[INFO] [1790553015.958753804] [pose_estimator]: RANSAC: 232 inliers / 276, 60 iterations
[INFO] [1790553015.958923513] [pose_estimator]: RPE: trans 0.1821 | rot 0.00432 (0.175 deg)
Matched 271 keypoints
[INFO] [1790553016.085673138] [pose_estimator]: RANSAC: 187 inliers / 271, 152 iterations
[INFO] [1790553016.085839430] [pose_estimator]: RPE: trans 0.1320 | rot 0.00343 (0.139 deg)
Matched 322 keypoints
[INFO] [1790553016.232171596] [pose_estimator]: RANSAC: 252 inliers / 322, 40 iterations
[INFO] [1790553016.232309846] [pose_estimator]: RPE: trans 0.4319 | rot 0.00889 (0.360 deg)
Matched 287 keypoints
[INFO] [1790553016.368509846] [pose_estimator]: RANSAC: 224 inliers / 287, 42 iterations
[INFO] [1790553016.368640013] [pose_estimator]: RPE: trans 0.0979 | rot 0.00575 (0.233 deg)
Matched 273 keypoints
[INFO] [1790553016.495379721] [pose_estimator]: RANSAC: 186 inliers / 273, 222 iterations
[INFO] [1790553016.498775013] [pose_estimator]: RPE: trans 0.3131 | rot 0.01007 (0.408 deg)
Matched 293 keypoints
[INFO] [1790553016.641699263] [pose_estimator]: RANSAC: 223 inliers / 293, 132 iterations
[INFO] [1790553016.641898180] [pose_estimator]: RPE: trans 0.2113 | rot 0.00850 (0.344 deg)
Matched 260 keypoints
[INFO] [1790553016.775459263] [pose_estimator]: RANSAC: 175 inliers / 260, 161 iterations
[INFO] [1790553016.775612722] [pose_estimator]: RPE: trans 0.0514 | rot 0.00237 (0.096 deg)
Matched 210 keypoints
[INFO] [1790553016.891601847] [pose_estimator]: RANSAC: 166 inliers / 210, 36 iterations
[INFO] [1790553016.892303138] [pose_estimator]: RPE: trans 0.2621 | rot 0.01023 (0.415 deg)
Matched 188 keypoints
[INFO] [1790553017.013699347] [pose_estimator]: RANSAC: 120 inliers / 188, 364 iterations
[INFO] [1790553017.013875305] [pose_estimator]: RPE: trans 0.0263 | rot 0.00134 (0.054 deg)
Matched 193 keypoints
[INFO] [1790553017.147957138] [pose_estimator]: RANSAC: 123 inliers / 193, 264 iterations
[INFO] [1790553017.148144722] [pose_estimator]: RPE: trans 0.1474 | rot 0.00400 (0.162 deg)
Matched 150 keypoints
[INFO] [1790553017.279374097] [pose_estimator]: RANSAC: 113 inliers / 150, 57 iterations
[INFO] [1790553017.279560097] [pose_estimator]: RPE: trans 0.0844 | rot 0.00188 (0.076 deg)
Matched 153 keypoints
[INFO] [1790553017.386543514] [pose_estimator]: RANSAC: 122 inliers / 153, 33 iterations
[INFO] [1790553017.386725222] [pose_estimator]: RPE: trans 0.0585 | rot 0.00175 (0.071 deg)
Matched 141 keypoints
[INFO] [1790553017.505979764] [pose_estimator]: RANSAC: 113 inliers / 141, 41 iterations
[INFO] [1790553017.506163972] [pose_estimator]: RPE: trans 0.2572 | rot 0.00489 (0.198 deg)
Matched 168 keypoints
[INFO] [1790553017.609389472] [pose_estimator]: RANSAC: 137 inliers / 168, 37 iterations
[INFO] [1790553017.609553972] [pose_estimator]: RPE: trans 0.2696 | rot 0.00400 (0.162 deg)
Matched 144 keypoints
[INFO] [1790553017.729222389] [pose_estimator]: RANSAC: 109 inliers / 144, 62 iterations
[INFO] [1790553017.729720139] [pose_estimator]: RPE: trans 0.6301 | rot 0.01657 (0.671 deg)
Matched 160 keypoints
[INFO] [1790553017.836250180] [pose_estimator]: RANSAC: 119 inliers / 160, 64 iterations
[INFO] [1790553017.836436639] [pose_estimator]: RPE: trans 0.2272 | rot 0.00637 (0.258 deg)
Matched 148 keypoints
[INFO] [1790553017.964242222] [pose_estimator]: RANSAC: 102 inliers / 148, 129 iterations
[INFO] [1790553017.964426014] [pose_estimator]: RPE: trans 0.4556 | rot 0.02281 (0.924 deg)
Matched 158 keypoints
[INFO] [1790553018.084003625] [pose_estimator]: RANSAC: 120 inliers / 158, 65 iterations
[INFO] [1790553018.084172958] [pose_estimator]: RPE: trans 0.4393 | rot 0.00653 (0.264 deg)
Matched 166 keypoints
[INFO] [1790553018.205810000] [pose_estimator]: RANSAC: 133 inliers / 166, 32 iterations
[INFO] [1790553018.211550875] [pose_estimator]: RPE: trans 1.2860 | rot 0.05183 (2.100 deg)
Matched 137 keypoints
[INFO] [1790553018.341672708] [pose_estimator]: RANSAC: 97 inliers / 137, 101 iterations
[INFO] [1790553018.341855541] [pose_estimator]: RPE: trans 0.9920 | rot 0.05129 (2.078 deg)
Matched 165 keypoints
[INFO] [1790553018.463367000] [pose_estimator]: RANSAC: 129 inliers / 165, 49 iterations
[INFO] [1790553018.463559458] [pose_estimator]: RPE: trans 0.5135 | rot 0.00691 (0.280 deg)
Matched 145 keypoints
[INFO] [1790553018.567871291] [pose_estimator]: RANSAC: 118 inliers / 145, 28 iterations
[INFO] [1790553018.568035333] [pose_estimator]: RPE: trans 0.4076 | rot 0.00612 (0.248 deg)
Matched 149 keypoints
[INFO] [1790553018.692732541] [pose_estimator]: RANSAC: 113 inliers / 149, 54 iterations
[INFO] [1790553018.692892833] [pose_estimator]: RPE: trans 0.2446 | rot 0.00730 (0.296 deg)
Matched 186 keypoints
[INFO] [1790553018.803260000] [pose_estimator]: RANSAC: 154 inliers / 186, 23 iterations
[INFO] [1790553018.803443042] [pose_estimator]: RPE: trans 0.2079 | rot 0.00404 (0.164 deg)
Matched 231 keypoints
[INFO] [1790553018.912576000] [pose_estimator]: RANSAC: 180 inliers / 231, 45 iterations
[INFO] [1790553018.912768750] [pose_estimator]: RPE: trans 0.3271 | rot 0.00337 (0.136 deg)
Matched 229 keypoints
[INFO] [1790553019.038201125] [pose_estimator]: RANSAC: 180 inliers / 229, 38 iterations
[INFO] [1790553019.038373667] [pose_estimator]: RPE: trans 0.2394 | rot 0.00545 (0.221 deg)
Matched 287 keypoints
[INFO] [1790553019.153057625] [pose_estimator]: RANSAC: 236 inliers / 287, 25 iterations
[INFO] [1790553019.153221958] [pose_estimator]: RPE: trans 0.6439 | rot 0.01102 (0.446 deg)
Matched 254 keypoints
[INFO] [1790553019.279168875] [pose_estimator]: RANSAC: 206 inliers / 254, 33 iterations
[INFO] [1790553019.279361042] [pose_estimator]: RPE: trans 0.1981 | rot 0.00484 (0.196 deg)
Matched 293 keypoints
[INFO] [1790553019.399961083] [pose_estimator]: RANSAC: 254 inliers / 293, 23 iterations
[INFO] [1790553019.400113958] [pose_estimator]: RPE: trans 1.1281 | rot 0.02208 (0.894 deg)
Matched 299 keypoints
[INFO] [1790553019.520820709] [pose_estimator]: RANSAC: 246 inliers / 299, 25 iterations
[INFO] [1790553019.523820000] [pose_estimator]: RPE: trans 0.1312 | rot 0.00503 (0.204 deg)
Matched 388 keypoints
[INFO] [1790553019.663985459] [pose_estimator]: RANSAC: 331 inliers / 388, 23 iterations
[INFO] [1790553019.664247959] [pose_estimator]: RPE: trans 0.1466 | rot 0.00237 (0.096 deg)
Matched 368 keypoints
[INFO] [1790553019.805721417] [pose_estimator]: RANSAC: 309 inliers / 368, 20 iterations
[INFO] [1790553019.805901209] [pose_estimator]: RPE: trans 0.2735 | rot 0.00899 (0.364 deg)
Matched 357 keypoints
[INFO] [1790553019.929835417] [pose_estimator]: RANSAC: 308 inliers / 357, 16 iterations
[INFO] [1790553019.933325084] [pose_estimator]: RPE: trans 0.2993 | rot 0.00924 (0.374 deg)
Matched 386 keypoints
[INFO] [1790553020.096091709] [pose_estimator]: RANSAC: 329 inliers / 386, 17 iterations
[INFO] [1790553020.096287542] [pose_estimator]: RPE: trans 0.1214 | rot 0.00197 (0.080 deg)
Matched 354 keypoints
[INFO] [1790553020.229820251] [pose_estimator]: RANSAC: 320 inliers / 354, 11 iterations
[INFO] [1790553020.229999084] [pose_estimator]: RPE: trans 0.3340 | rot 0.00662 (0.268 deg)
Matched 363 keypoints
[INFO] [1790553020.349666042] [pose_estimator]: RANSAC: 276 inliers / 363, 52 iterations
[INFO] [1790553020.351019667] [pose_estimator]: RPE: trans 0.2861 | rot 0.00641 (0.260 deg)
Matched 338 keypoints
[INFO] [1790553020.493181542] [pose_estimator]: RANSAC: 286 inliers / 338, 19 iterations
[INFO] [1790553020.493390959] [pose_estimator]: RPE: trans 0.6601 | rot 0.01270 (0.515 deg)
Matched 314 keypoints
[INFO] [1790553020.612168126] [pose_estimator]: RANSAC: 245 inliers / 314, 41 iterations
[INFO] [1790553020.612332917] [pose_estimator]: RPE: trans 1.2460 | rot 0.02789 (1.130 deg)
Matched 319 keypoints
[INFO] [1790553020.727331584] [pose_estimator]: RANSAC: 293 inliers / 319, 13 iterations
[INFO] [1790553020.727506334] [pose_estimator]: RPE: trans 0.7601 | rot 0.00696 (0.282 deg)
Matched 315 keypoints
[INFO] [1790553020.858743501] [pose_estimator]: RANSAC: 254 inliers / 315, 30 iterations
[INFO] [1790553020.859545084] [pose_estimator]: RPE: trans 0.3506 | rot 0.00612 (0.248 deg)
Matched 351 keypoints
[INFO] [1790553020.976272209] [pose_estimator]: RANSAC: 315 inliers / 351, 11 iterations
[INFO] [1790553020.980066959] [pose_estimator]: RPE: trans 0.0550 | rot 0.00202 (0.082 deg)
Matched 368 keypoints
[INFO] [1790553021.124091376] [pose_estimator]: RANSAC: 316 inliers / 368, 16 iterations
[INFO] [1790553021.124254709] [pose_estimator]: RPE: trans 0.0620 | rot 0.00274 (0.111 deg)
Matched 392 keypoints
[INFO] [1790553021.291172751] [pose_estimator]: RANSAC: 322 inliers / 392, 25 iterations
[INFO] [1790553021.291312418] [pose_estimator]: RPE: trans 0.5482 | rot 0.00222 (0.090 deg)
Matched 351 keypoints
[INFO] [1790553021.425415459] [pose_estimator]: RANSAC: 279 inliers / 351, 35 iterations
[INFO] [1790553021.425555084] [pose_estimator]: RPE: trans 0.1893 | rot 0.00086 (0.035 deg)
Matched 364 keypoints
[INFO] [1790553021.561977543] [pose_estimator]: RANSAC: 298 inliers / 364, 26 iterations
[INFO] [1790553021.562121668] [pose_estimator]: RPE: trans 1.8195 | rot 0.02555 (1.035 deg)
Matched 357 keypoints
[INFO] [1790553021.702801251] [pose_estimator]: RANSAC: 309 inliers / 357, 15 iterations
[INFO] [1790553021.702953376] [pose_estimator]: RPE: trans 0.2632 | rot 0.00722 (0.293 deg)
Matched 370 keypoints
[INFO] [1790553021.823588001] [pose_estimator]: RANSAC: 311 inliers / 370, 20 iterations
[INFO] [1790553021.823727626] [pose_estimator]: RPE: trans 1.7566 | rot 0.01817 (0.736 deg)
Matched 370 keypoints
[INFO] [1790553021.946732001] [pose_estimator]: RANSAC: 330 inliers / 370, 11 iterations
[INFO] [1790553021.946894668] [pose_estimator]: RPE: trans 1.9338 | rot 0.01998 (0.810 deg)
Matched 373 keypoints
[INFO] [1790553022.065174585] [pose_estimator]: RANSAC: 304 inliers / 373, 28 iterations
[INFO] [1790553022.065319335] [pose_estimator]: RPE: trans 0.1175 | rot 0.00267 (0.108 deg)
Matched 396 keypoints
[INFO] [1790553022.188609001] [pose_estimator]: RANSAC: 345 inliers / 396, 22 iterations
[INFO] [1790553022.188755793] [pose_estimator]: RPE: trans 0.2928 | rot 0.00530 (0.215 deg)
Matched 356 keypoints
[INFO] [1790553022.304926877] [pose_estimator]: RANSAC: 315 inliers / 356, 12 iterations
[INFO] [1790553022.305139377] [pose_estimator]: RPE: trans 1.8221 | rot 0.00985 (0.399 deg)
Matched 359 keypoints
[INFO] [1790553022.423059585] [pose_estimator]: RANSAC: 310 inliers / 359, 15 iterations
[INFO] [1790553022.423197877] [pose_estimator]: RPE: trans 0.1756 | rot 0.00583 (0.236 deg)
Matched 363 keypoints
[INFO] [1790553022.543522960] [pose_estimator]: RANSAC: 331 inliers / 363, 9 iterations
[INFO] [1790553022.543672377] [pose_estimator]: RPE: trans 0.2380 | rot 0.00676 (0.274 deg)
Matched 386 keypoints
[INFO] [1790553022.659628335] [pose_estimator]: RANSAC: 334 inliers / 386, 15 iterations
[INFO] [1790553022.659782043] [pose_estimator]: RPE: trans 0.2426 | rot 0.00824 (0.334 deg)
Matched 395 keypoints
[INFO] [1790553022.777239418] [pose_estimator]: RANSAC: 336 inliers / 395, 18 iterations
[INFO] [1790553022.777410085] [pose_estimator]: RPE: trans 0.1834 | rot 0.00541 (0.219 deg)
Matched 396 keypoints
[INFO] [1790553022.898300293] [pose_estimator]: RANSAC: 357 inliers / 396, 10 iterations
[INFO] [1790553022.898471960] [pose_estimator]: RPE: trans 0.1881 | rot 0.00781 (0.316 deg)
Matched 364 keypoints
[INFO] [1790553023.052294877] [pose_estimator]: RANSAC: 331 inliers / 364, 9 iterations
[INFO] [1790553023.052461377] [pose_estimator]: RPE: trans 0.1492 | rot 0.00289 (0.117 deg)
Matched 340 keypoints
[INFO] [1790553023.172564335] [pose_estimator]: RANSAC: 291 inliers / 340, 17 iterations
[INFO] [1790553023.172705960] [pose_estimator]: RPE: trans 0.1137 | rot 0.00487 (0.197 deg)
Matched 364 keypoints
[INFO] [1790553023.293024377] [pose_estimator]: RANSAC: 328 inliers / 364, 10 iterations
[INFO] [1790553023.293175752] [pose_estimator]: RPE: trans 0.3216 | rot 0.01099 (0.445 deg)
Matched 367 keypoints
[INFO] [1790553023.411374335] [pose_estimator]: RANSAC: 326 inliers / 367, 21 iterations
[INFO] [1790553023.411496960] [pose_estimator]: RPE: trans 0.1755 | rot 0.00345 (0.140 deg)
Matched 376 keypoints
[INFO] [1790553023.615052419] [pose_estimator]: RANSAC: 324 inliers / 376, 16 iterations
[INFO] [1790553023.615224919] [pose_estimator]: RPE: trans 1.1480 | rot 0.00903 (0.366 deg)
Matched 299 keypoints
[INFO] [1790553023.742930961] [pose_estimator]: RANSAC: 264 inliers / 299, 29 iterations
[INFO] [1790553023.743112461] [pose_estimator]: RPE: trans 0.2889 | rot 0.00841 (0.341 deg)
Matched 347 keypoints
[INFO] [1790553023.888052669] [pose_estimator]: RANSAC: 286 inliers / 347, 24 iterations
[INFO] [1790553023.888310919] [pose_estimator]: RPE: trans 0.2807 | rot 0.00581 (0.235 deg)
Matched 356 keypoints
[INFO] [1790553024.014957044] [pose_estimator]: RANSAC: 292 inliers / 356, 32 iterations
[INFO] [1790553024.015253294] [pose_estimator]: RPE: trans 0.4368 | rot 0.00577 (0.234 deg)
Matched 334 keypoints
[INFO] [1790553024.152353002] [pose_estimator]: RANSAC: 279 inliers / 334, 21 iterations
[INFO] [1790553024.152555502] [pose_estimator]: RPE: trans 0.1168 | rot 0.00261 (0.106 deg)
Matched 320 keypoints
[INFO] [1790553024.276819586] [pose_estimator]: RANSAC: 274 inliers / 320, 20 iterations
[INFO] [1790553024.277097794] [pose_estimator]: RPE: trans 0.3485 | rot 0.00771 (0.312 deg)
Matched 346 keypoints
[INFO] [1790553024.403118169] [pose_estimator]: RANSAC: 287 inliers / 346, 23 iterations
[INFO] [1790553024.403376086] [pose_estimator]: RPE: trans 0.4241 | rot 0.00583 (0.236 deg)
Matched 343 keypoints
[INFO] [1790553024.540151336] [pose_estimator]: RANSAC: 299 inliers / 343, 28 iterations
[INFO] [1790553024.540423669] [pose_estimator]: RPE: trans 0.1436 | rot 0.00354 (0.144 deg)
Matched 360 keypoints
[INFO] [1790553024.682320669] [pose_estimator]: RANSAC: 317 inliers / 360, 13 iterations
[INFO] [1790553024.682504836] [pose_estimator]: RPE: trans 0.2084 | rot 0.00338 (0.137 deg)
Matched 339 keypoints
[INFO] [1790553024.813665961] [pose_estimator]: RANSAC: 271 inliers / 339, 33 iterations
[INFO] [1790553024.813816211] [pose_estimator]: RPE: trans 0.3008 | rot 0.00540 (0.219 deg)
Matched 347 keypoints
[INFO] [1790553024.936889253] [pose_estimator]: RANSAC: 313 inliers / 347, 11 iterations
[INFO] [1790553024.937098878] [pose_estimator]: RPE: trans 0.6239 | rot 0.00860 (0.349 deg)
Matched 383 keypoints
[INFO] [1790553025.095655128] [pose_estimator]: RANSAC: 323 inliers / 383, 19 iterations
[INFO] [1790553025.095798628] [pose_estimator]: RPE: trans 0.6175 | rot 0.00805 (0.326 deg)
Matched 358 keypoints
[INFO] [1790553025.217987378] [pose_estimator]: RANSAC: 297 inliers / 358, 23 iterations
[INFO] [1790553025.218129378] [pose_estimator]: RPE: trans 0.1246 | rot 0.00273 (0.111 deg)
Matched 366 keypoints
[INFO] [1790553025.369041586] [pose_estimator]: RANSAC: 326 inliers / 366, 18 iterations
[INFO] [1790553025.369199795] [pose_estimator]: RPE: trans 0.8929 | rot 0.01064 (0.431 deg)
Matched 364 keypoints
[INFO] [1790553025.490476336] [pose_estimator]: RANSAC: 301 inliers / 364, 24 iterations
[INFO] [1790553025.490655920] [pose_estimator]: RPE: trans 0.0783 | rot 0.00202 (0.082 deg)
Matched 337 keypoints
[INFO] [1790553025.627899045] [pose_estimator]: RANSAC: 289 inliers / 337, 16 iterations
[INFO] [1790553025.628058045] [pose_estimator]: RPE: trans 1.6523 | rot 0.01042 (0.422 deg)
Matched 356 keypoints
[INFO] [1790553025.755878128] [pose_estimator]: RANSAC: 296 inliers / 356, 22 iterations
[INFO] [1790553025.756047920] [pose_estimator]: RPE: trans 0.5157 | rot 0.00800 (0.324 deg)
Matched 379 keypoints
[INFO] [1790553025.874783837] [pose_estimator]: RANSAC: 314 inliers / 379, 23 iterations
[INFO] [1790553025.874968295] [pose_estimator]: RPE: trans 0.2957 | rot 0.00421 (0.170 deg)
Matched 375 keypoints
[INFO] [1790553026.009274503] [pose_estimator]: RANSAC: 325 inliers / 375, 16 iterations
[INFO] [1790553026.009428545] [pose_estimator]: RPE: trans 0.4489 | rot 0.00420 (0.170 deg)
Matched 368 keypoints
[INFO] [1790553026.126296420] [pose_estimator]: RANSAC: 304 inliers / 368, 37 iterations
[INFO] [1790553026.126455545] [pose_estimator]: RPE: trans 0.3305 | rot 0.00130 (0.053 deg)
