[INFO] [1790552519.982248047] [pose_estimator]: Logging RPE to /workspace/VNAV-labs/lab6/results/rpe_5pt.csv
Matched 288 keypoints
[INFO] [1790552531.323540136] [pose_estimator]: RANSAC: 195 inliers / 288, 102 iterations
[INFO] [1790552531.329666177] [pose_estimator]: RPE: trans 0.0059 | rot 0.00279 (0.113 deg)
Matched 260 keypoints
[INFO] [1790552531.511180427] [pose_estimator]: RANSAC: 190 inliers / 260, 55 iterations
[INFO] [1790552531.515985427] [pose_estimator]: RPE: trans 0.0087 | rot 0.00290 (0.117 deg)
Matched 536 keypoints
[INFO] [1790552532.059471761] [pose_estimator]: RANSAC: 483 inliers / 536, 11 iterations
[INFO] [1790552532.068115678] [pose_estimator]: RPE: trans 0.0447 | rot 0.00141 (0.057 deg)
Matched 402 keypoints
[INFO] [1790552532.219119428] [pose_estimator]: RANSAC: 322 inliers / 402, 25 iterations
[INFO] [1790552532.221554178] [pose_estimator]: RPE: trans 0.0257 | rot 0.00355 (0.144 deg)
Matched 511 keypoints
[INFO] [1790552532.358724803] [pose_estimator]: RANSAC: 441 inliers / 511, 13 iterations
[INFO] [1790552532.358993386] [pose_estimator]: RPE: trans 0.1120 | rot 0.00304 (0.123 deg)
Matched 480 keypoints
[INFO] [1790552532.525606136] [pose_estimator]: RANSAC: 424 inliers / 480, 10 iterations
[INFO] [1790552532.525901261] [pose_estimator]: RPE: trans 0.2000 | rot 0.00388 (0.157 deg)
Matched 468 keypoints
[INFO] [1790552532.668626636] [pose_estimator]: RANSAC: 397 inliers / 468, 15 iterations
[INFO] [1790552532.668802011] [pose_estimator]: RPE: trans 0.7762 | rot 0.03458 (1.401 deg)
Matched 471 keypoints
[INFO] [1790552532.806326220] [pose_estimator]: RANSAC: 392 inliers / 471, 18 iterations
[INFO] [1790552532.806516303] [pose_estimator]: RPE: trans 0.3753 | rot 0.01053 (0.427 deg)
Matched 469 keypoints
[INFO] [1790552532.936422636] [pose_estimator]: RANSAC: 392 inliers / 469, 17 iterations
[INFO] [1790552532.936595178] [pose_estimator]: RPE: trans 0.9079 | rot 0.04372 (1.771 deg)
Matched 424 keypoints
[INFO] [1790552533.062913845] [pose_estimator]: RANSAC: 366 inliers / 424, 13 iterations
[INFO] [1790552535.231986221] [pose_estimator]: RPE: trans 0.1460 | rot 0.00372 (0.151 deg)
Matched 208 keypoints
[INFO] [1790552535.444439638] [pose_estimator]: RANSAC: 103 inliers / 208, 501 iterations
[INFO] [1790552535.444713971] [pose_estimator]: RPE: trans 0.0198 | rot 0.00528 (0.214 deg)
Matched 289 keypoints
[INFO] [1790552535.570313471] [pose_estimator]: RANSAC: 242 inliers / 289, 17 iterations
[INFO] [1790552535.570793221] [pose_estimator]: RPE: trans 0.0144 | rot 0.00127 (0.051 deg)
Matched 292 keypoints
[INFO] [1790552535.689868346] [pose_estimator]: RANSAC: 255 inliers / 292, 12 iterations
[INFO] [1790552535.690197138] [pose_estimator]: RPE: trans 0.3394 | rot 0.00651 (0.264 deg)
Matched 293 keypoints
[INFO] [1790552535.807680304] [pose_estimator]: RANSAC: 240 inliers / 293, 21 iterations
[INFO] [1790552535.807876429] [pose_estimator]: RPE: trans 0.0286 | rot 0.00098 (0.040 deg)
Matched 291 keypoints
[INFO] [1790552535.930434096] [pose_estimator]: RANSAC: 245 inliers / 291, 16 iterations
[INFO] [1790552535.930858763] [pose_estimator]: RPE: trans 0.2273 | rot 0.00319 (0.129 deg)
Matched 305 keypoints
[INFO] [1790552536.062342138] [pose_estimator]: RANSAC: 267 inliers / 305, 11 iterations
[INFO] [1790552536.062647513] [pose_estimator]: RPE: trans 0.7836 | rot 0.02144 (0.869 deg)
Matched 317 keypoints
[INFO] [1790552536.194178971] [pose_estimator]: RANSAC: 273 inliers / 317, 13 iterations
[INFO] [1790552536.194665346] [pose_estimator]: RPE: trans 0.3758 | rot 0.01203 (0.487 deg)
Matched 326 keypoints
[INFO] [1790552536.313417513] [pose_estimator]: RANSAC: 248 inliers / 326, 39 iterations
[INFO] [1790552536.313659971] [pose_estimator]: RPE: trans 0.2407 | rot 0.00646 (0.262 deg)
Matched 316 keypoints
[INFO] [1790552536.435205430] [pose_estimator]: RANSAC: 273 inliers / 316, 13 iterations
[INFO] [1790552536.435435805] [pose_estimator]: RPE: trans 0.2400 | rot 0.00350 (0.142 deg)
Matched 311 keypoints
[INFO] [1790552536.556598638] [pose_estimator]: RANSAC: 246 inliers / 311, 28 iterations
[INFO] [1790552536.556846096] [pose_estimator]: RPE: trans 0.8246 | rot 0.02165 (0.877 deg)
Matched 341 keypoints
[INFO] [1790552536.677106555] [pose_estimator]: RANSAC: 277 inliers / 341, 22 iterations
[INFO] [1790552536.677340805] [pose_estimator]: RPE: trans 0.5364 | rot 0.01216 (0.492 deg)
Matched 342 keypoints
[INFO] [1790552536.798092472] [pose_estimator]: RANSAC: 287 inliers / 342, 17 iterations
[INFO] [1790552536.798311972] [pose_estimator]: RPE: trans 0.3930 | rot 0.00406 (0.165 deg)
Matched 306 keypoints
[INFO] [1790552536.913371472] [pose_estimator]: RANSAC: 242 inliers / 306, 28 iterations
[INFO] [1790552536.913555138] [pose_estimator]: RPE: trans 0.6917 | rot 0.02148 (0.870 deg)
Matched 306 keypoints
[INFO] [1790552537.028809638] [pose_estimator]: RANSAC: 255 inliers / 306, 18 iterations
[INFO] [1790552537.029013597] [pose_estimator]: RPE: trans 0.7796 | rot 0.02623 (1.063 deg)
Matched 302 keypoints
[INFO] [1790552537.154480263] [pose_estimator]: RANSAC: 258 inliers / 302, 14 iterations
[INFO] [1790552537.154670930] [pose_estimator]: RPE: trans 0.4644 | rot 0.01197 (0.485 deg)
Matched 294 keypoints
[INFO] [1790552537.266487097] [pose_estimator]: RANSAC: 243 inliers / 294, 19 iterations
[INFO] [1790552537.266668722] [pose_estimator]: RPE: trans 0.0365 | rot 0.00101 (0.041 deg)
Matched 334 keypoints
[INFO] [1790552537.394523722] [pose_estimator]: RANSAC: 279 inliers / 334, 18 iterations
[INFO] [1790552537.394741055] [pose_estimator]: RPE: trans 0.1752 | rot 0.00271 (0.110 deg)
Matched 310 keypoints
[INFO] [1790552537.515606222] [pose_estimator]: RANSAC: 279 inliers / 310, 9 iterations
[INFO] [1790552537.515799430] [pose_estimator]: RPE: trans 1.2293 | rot 0.02535 (1.027 deg)
Matched 343 keypoints
[INFO] [1790552537.638043139] [pose_estimator]: RANSAC: 288 inliers / 343, 17 iterations
[INFO] [1790552537.638275055] [pose_estimator]: RPE: trans 0.1873 | rot 0.00346 (0.140 deg)
Matched 326 keypoints
[INFO] [1790552537.755294930] [pose_estimator]: RANSAC: 277 inliers / 326, 16 iterations
[INFO] [1790552537.755494055] [pose_estimator]: RPE: trans 0.4679 | rot 0.00989 (0.401 deg)
Matched 336 keypoints
[INFO] [1790552537.889991472] [pose_estimator]: RANSAC: 281 inliers / 336, 17 iterations
[INFO] [1790552537.890224639] [pose_estimator]: RPE: trans 1.2223 | rot 0.02530 (1.025 deg)
Matched 358 keypoints
[INFO] [1790552538.015131375] [pose_estimator]: RANSAC: 296 inliers / 358, 19 iterations
[INFO] [1790552538.015365625] [pose_estimator]: RPE: trans 0.3629 | rot 0.00668 (0.271 deg)
Matched 323 keypoints
[INFO] [1790552538.134336375] [pose_estimator]: RANSAC: 246 inliers / 323, 39 iterations
[INFO] [1790552538.134578666] [pose_estimator]: RPE: trans 0.1280 | rot 0.00209 (0.084 deg)
Matched 286 keypoints
[INFO] [1790552538.251795541] [pose_estimator]: RANSAC: 235 inliers / 286, 21 iterations
[INFO] [1790552538.252054666] [pose_estimator]: RPE: trans 0.0437 | rot 0.00144 (0.058 deg)
Matched 362 keypoints
[INFO] [1790552538.374038083] [pose_estimator]: RANSAC: 321 inliers / 362, 10 iterations
[INFO] [1790552538.374858708] [pose_estimator]: RPE: trans 1.2806 | rot 0.01819 (0.737 deg)
Matched 351 keypoints
[INFO] [1790552538.494695000] [pose_estimator]: RANSAC: 305 inliers / 351, 12 iterations
[INFO] [1790552538.494909458] [pose_estimator]: RPE: trans 0.6438 | rot 0.00621 (0.252 deg)
Matched 269 keypoints
[INFO] [1790552538.618815500] [pose_estimator]: RANSAC: 229 inliers / 269, 24 iterations
[INFO] [1790552538.619055083] [pose_estimator]: RPE: trans 0.0622 | rot 0.00278 (0.113 deg)
Matched 337 keypoints
[INFO] [1790552538.734236750] [pose_estimator]: RANSAC: 303 inliers / 337, 9 iterations
[INFO] [1790552538.734463500] [pose_estimator]: RPE: trans 0.6294 | rot 0.00840 (0.341 deg)
Matched 316 keypoints
[INFO] [1790552538.852618083] [pose_estimator]: RANSAC: 259 inliers / 316, 21 iterations
[INFO] [1790552538.852802708] [pose_estimator]: RPE: trans 0.1504 | rot 0.00401 (0.163 deg)
Matched 311 keypoints
[INFO] [1790552538.971260750] [pose_estimator]: RANSAC: 274 inliers / 311, 11 iterations
[INFO] [1790552538.971470542] [pose_estimator]: RPE: trans 1.1480 | rot 0.01559 (0.632 deg)
Matched 277 keypoints
[INFO] [1790552539.090671917] [pose_estimator]: RANSAC: 215 inliers / 277, 33 iterations
[INFO] [1790552539.090881000] [pose_estimator]: RPE: trans 0.0792 | rot 0.00228 (0.092 deg)
Matched 295 keypoints
[INFO] [1790552539.207544375] [pose_estimator]: RANSAC: 235 inliers / 295, 27 iterations
[INFO] [1790552539.207725208] [pose_estimator]: RPE: trans 0.3143 | rot 0.00530 (0.215 deg)
Matched 298 keypoints
[INFO] [1790552539.334810834] [pose_estimator]: RANSAC: 240 inliers / 298, 25 iterations
[INFO] [1790552539.390077667] [pose_estimator]: RPE: trans 0.2818 | rot 0.00772 (0.313 deg)
Matched 235 keypoints
[INFO] [1790552539.505930542] [pose_estimator]: RANSAC: 189 inliers / 235, 24 iterations
[INFO] [1790552539.506111709] [pose_estimator]: RPE: trans 0.1015 | rot 0.00566 (0.229 deg)
Matched 294 keypoints
[INFO] [1790552539.627470500] [pose_estimator]: RANSAC: 245 inliers / 294, 20 iterations
[INFO] [1790552539.627663084] [pose_estimator]: RPE: trans 0.1286 | rot 0.00214 (0.087 deg)
Matched 278 keypoints
[INFO] [1790552539.745116625] [pose_estimator]: RANSAC: 217 inliers / 278, 32 iterations
[INFO] [1790552539.745315584] [pose_estimator]: RPE: trans 0.0842 | rot 0.00286 (0.116 deg)
Matched 276 keypoints
[INFO] [1790552539.860348334] [pose_estimator]: RANSAC: 226 inliers / 276, 21 iterations
[INFO] [1790552539.860534167] [pose_estimator]: RPE: trans 0.1556 | rot 0.00314 (0.127 deg)
Matched 316 keypoints
[INFO] [1790552539.975991917] [pose_estimator]: RANSAC: 278 inliers / 316, 11 iterations
[INFO] [1790552539.976178959] [pose_estimator]: RPE: trans 0.5169 | rot 0.00715 (0.290 deg)
Matched 297 keypoints
[INFO] [1790552540.105130459] [pose_estimator]: RANSAC: 246 inliers / 297, 19 iterations
[INFO] [1790552540.106400501] [pose_estimator]: RPE: trans 0.2065 | rot 0.00445 (0.180 deg)
Matched 243 keypoints
[INFO] [1790552540.224389334] [pose_estimator]: RANSAC: 210 inliers / 243, 13 iterations
[INFO] [1790552540.224568792] [pose_estimator]: RPE: trans 0.1013 | rot 0.00333 (0.135 deg)
Matched 309 keypoints
[INFO] [1790552540.343030542] [pose_estimator]: RANSAC: 261 inliers / 309, 29 iterations
[INFO] [1790552540.343575126] [pose_estimator]: RPE: trans 0.2878 | rot 0.00638 (0.259 deg)
Matched 258 keypoints
[INFO] [1790552540.460439542] [pose_estimator]: RANSAC: 215 inliers / 258, 18 iterations
[INFO] [1790552540.460629126] [pose_estimator]: RPE: trans 0.1144 | rot 0.00635 (0.257 deg)
Matched 350 keypoints
[INFO] [1790552540.577528501] [pose_estimator]: RANSAC: 304 inliers / 350, 12 iterations
[INFO] [1790552540.577725959] [pose_estimator]: RPE: trans 0.3126 | rot 0.00721 (0.292 deg)
Matched 337 keypoints
[INFO] [1790552540.693380459] [pose_estimator]: RANSAC: 289 inliers / 337, 18 iterations
[INFO] [1790552540.693566459] [pose_estimator]: RPE: trans 0.4371 | rot 0.01012 (0.410 deg)
Matched 316 keypoints
[INFO] [1790552540.817561001] [pose_estimator]: RANSAC: 263 inliers / 316, 18 iterations
[INFO] [1790552540.817776043] [pose_estimator]: RPE: trans 0.1331 | rot 0.00417 (0.169 deg)
Matched 366 keypoints
[INFO] [1790552540.939627376] [pose_estimator]: RANSAC: 285 inliers / 366, 32 iterations
[INFO] [1790552540.944591959] [pose_estimator]: RPE: trans 1.3563 | rot 0.02749 (1.114 deg)
Matched 371 keypoints
[INFO] [1790552541.066556168] [pose_estimator]: RANSAC: 312 inliers / 371, 21 iterations
[INFO] [1790552541.066763668] [pose_estimator]: RPE: trans 0.1898 | rot 0.00648 (0.263 deg)
Matched 403 keypoints
[INFO] [1790552541.187111001] [pose_estimator]: RANSAC: 366 inliers / 403, 8 iterations
[INFO] [1790552541.187292126] [pose_estimator]: RPE: trans 0.3931 | rot 0.00584 (0.237 deg)
Matched 386 keypoints
[INFO] [1790552541.306854918] [pose_estimator]: RANSAC: 340 inliers / 386, 11 iterations
[INFO] [1790552541.307046584] [pose_estimator]: RPE: trans 0.2035 | rot 0.00461 (0.187 deg)
Matched 354 keypoints
[INFO] [1790552541.425374959] [pose_estimator]: RANSAC: 318 inliers / 354, 9 iterations
[INFO] [1790552541.425590334] [pose_estimator]: RPE: trans 0.1048 | rot 0.00218 (0.088 deg)
Matched 412 keypoints
[INFO] [1790552541.542420043] [pose_estimator]: RANSAC: 363 inliers / 412, 11 iterations
[INFO] [1790552541.542584293] [pose_estimator]: RPE: trans 0.5080 | rot 0.00830 (0.336 deg)
Matched 297 keypoints
[INFO] [1790552541.668028543] [pose_estimator]: RANSAC: 248 inliers / 297, 18 iterations
[INFO] [1790552541.668226001] [pose_estimator]: RPE: trans 0.3299 | rot 0.00865 (0.351 deg)
Matched 291 keypoints
[INFO] [1790552541.827119418] [pose_estimator]: RANSAC: 244 inliers / 291, 17 iterations
[INFO] [1790552541.827286168] [pose_estimator]: RPE: trans 0.2726 | rot 0.00760 (0.308 deg)
Matched 251 keypoints
[INFO] [1790552541.938952626] [pose_estimator]: RANSAC: 212 inliers / 251, 23 iterations
[INFO] [1790552541.939131126] [pose_estimator]: RPE: trans 0.2773 | rot 0.01032 (0.418 deg)
Matched 239 keypoints
[INFO] [1790552542.047285460] [pose_estimator]: RANSAC: 191 inliers / 239, 26 iterations
[INFO] [1790552542.047491418] [pose_estimator]: RPE: trans 0.0811 | rot 0.00223 (0.090 deg)
Matched 302 keypoints
[INFO] [1790552542.158238627] [pose_estimator]: RANSAC: 265 inliers / 302, 11 iterations
[INFO] [1790552542.158424377] [pose_estimator]: RPE: trans 0.1431 | rot 0.00225 (0.091 deg)
Matched 258 keypoints
[INFO] [1790552542.275385377] [pose_estimator]: RANSAC: 212 inliers / 258, 20 iterations
[INFO] [1790552542.278237168] [pose_estimator]: RPE: trans 0.1299 | rot 0.00425 (0.172 deg)
Matched 264 keypoints
[INFO] [1790552542.394412043] [pose_estimator]: RANSAC: 222 inliers / 264, 17 iterations
[INFO] [1790552542.394608293] [pose_estimator]: RPE: trans 0.2722 | rot 0.00603 (0.244 deg)
Matched 240 keypoints
[INFO] [1790552542.512292460] [pose_estimator]: RANSAC: 193 inliers / 240, 24 iterations
[INFO] [1790552542.512470877] [pose_estimator]: RPE: trans 0.1226 | rot 0.00257 (0.104 deg)
Matched 261 keypoints
[INFO] [1790552542.622400210] [pose_estimator]: RANSAC: 215 inliers / 261, 20 iterations
[INFO] [1790552542.622563627] [pose_estimator]: RPE: trans 0.6285 | rot 0.01928 (0.781 deg)
Matched 238 keypoints
[INFO] [1790552542.735111085] [pose_estimator]: RANSAC: 195 inliers / 238, 21 iterations
[INFO] [1790552542.737498002] [pose_estimator]: RPE: trans 0.1148 | rot 0.00165 (0.067 deg)
Matched 242 keypoints
[INFO] [1790552542.855668377] [pose_estimator]: RANSAC: 188 inliers / 242, 35 iterations
[INFO] [1790552542.855854127] [pose_estimator]: RPE: trans 0.1399 | rot 0.00484 (0.196 deg)
Matched 225 keypoints
[INFO] [1790552542.964628044] [pose_estimator]: RANSAC: 178 inliers / 225, 28 iterations
[INFO] [1790552542.964796960] [pose_estimator]: RPE: trans 0.2961 | rot 0.00491 (0.199 deg)
Matched 261 keypoints
[INFO] [1790552543.074374585] [pose_estimator]: RANSAC: 216 inliers / 261, 19 iterations
[INFO] [1790552543.074548710] [pose_estimator]: RPE: trans 0.4973 | rot 0.01644 (0.666 deg)
Matched 275 keypoints
[INFO] [1790552543.187266627] [pose_estimator]: RANSAC: 245 inliers / 275, 11 iterations
[INFO] [1790552543.187461585] [pose_estimator]: RPE: trans 0.8267 | rot 0.01607 (0.651 deg)
Matched 249 keypoints
[INFO] [1790552543.296993752] [pose_estimator]: RANSAC: 202 inliers / 249, 23 iterations
[INFO] [1790552543.297174085] [pose_estimator]: RPE: trans 0.4137 | rot 0.00914 (0.370 deg)
Matched 233 keypoints
[INFO] [1790552543.406642419] [pose_estimator]: RANSAC: 183 inliers / 233, 30 iterations
[INFO] [1790552543.406809960] [pose_estimator]: RPE: trans 0.7463 | rot 0.02380 (0.964 deg)
Matched 300 keypoints
[INFO] [1790552543.521121919] [pose_estimator]: RANSAC: 241 inliers / 300, 25 iterations
[INFO] [1790552543.521292752] [pose_estimator]: RPE: trans 0.7788 | rot 0.02492 (1.010 deg)
Matched 286 keypoints
[INFO] [1790552543.638969252] [pose_estimator]: RANSAC: 228 inliers / 286, 26 iterations
[INFO] [1790552543.639126669] [pose_estimator]: RPE: trans 1.4481 | rot 0.05077 (2.057 deg)
Matched 239 keypoints
[INFO] [1790552543.757876877] [pose_estimator]: RANSAC: 194 inliers / 239, 23 iterations
[INFO] [1790552543.758059502] [pose_estimator]: RPE: trans 0.1868 | rot 0.00520 (0.211 deg)
Matched 258 keypoints
[INFO] [1790552543.944116461] [pose_estimator]: RANSAC: 221 inliers / 258, 14 iterations
[INFO] [1790552543.946086419] [pose_estimator]: RPE: trans 0.7231 | rot 0.02466 (0.999 deg)
Matched 235 keypoints
[INFO] [1790552544.090802086] [pose_estimator]: RANSAC: 182 inliers / 235, 34 iterations
[INFO] [1790552544.091051461] [pose_estimator]: RPE: trans 0.4486 | rot 0.01270 (0.515 deg)
Matched 205 keypoints
[INFO] [1790552544.202373544] [pose_estimator]: RANSAC: 169 inliers / 205, 20 iterations
[INFO] [1790552544.202579669] [pose_estimator]: RPE: trans 0.2391 | rot 0.00878 (0.356 deg)
Matched 260 keypoints
[INFO] [1790552544.312249003] [pose_estimator]: RANSAC: 217 inliers / 260, 18 iterations
[INFO] [1790552544.312463044] [pose_estimator]: RPE: trans 0.5124 | rot 0.00949 (0.385 deg)
Matched 267 keypoints
[INFO] [1790552544.424457711] [pose_estimator]: RANSAC: 221 inliers / 267, 19 iterations
[INFO] [1790552544.424636711] [pose_estimator]: RPE: trans 1.3584 | rot 0.03754 (1.521 deg)
Matched 286 keypoints
[INFO] [1790552544.535973961] [pose_estimator]: RANSAC: 235 inliers / 286, 20 iterations
[INFO] [1790552544.536156044] [pose_estimator]: RPE: trans 0.4179 | rot 0.00764 (0.310 deg)
Matched 277 keypoints
[INFO] [1790552544.647461628] [pose_estimator]: RANSAC: 228 inliers / 277, 20 iterations
[INFO] [1790552544.647657961] [pose_estimator]: RPE: trans 0.1412 | rot 0.00404 (0.163 deg)
Matched 335 keypoints
[INFO] [1790552544.759098628] [pose_estimator]: RANSAC: 306 inliers / 335, 7 iterations
[INFO] [1790552544.759264711] [pose_estimator]: RPE: trans 1.1932 | rot 0.01691 (0.685 deg)
Matched 355 keypoints
[INFO] [1790552544.875844878] [pose_estimator]: RANSAC: 301 inliers / 355, 15 iterations
[INFO] [1790552544.875987919] [pose_estimator]: RPE: trans 0.9182 | rot 0.01438 (0.583 deg)
Matched 360 keypoints
[INFO] [1790552544.990916628] [pose_estimator]: RANSAC: 306 inliers / 360, 15 iterations
[INFO] [1790552544.991093711] [pose_estimator]: RPE: trans 1.0642 | rot 0.01464 (0.593 deg)
Matched 321 keypoints
[INFO] [1790552545.127278211] [pose_estimator]: RANSAC: 281 inliers / 321, 11 iterations
[INFO] [1790552545.127489253] [pose_estimator]: RPE: trans 0.1138 | rot 0.00237 (0.096 deg)
Matched 367 keypoints
[INFO] [1790552545.244314920] [pose_estimator]: RANSAC: 316 inliers / 367, 13 iterations
[INFO] [1790552545.244483253] [pose_estimator]: RPE: trans 0.3455 | rot 0.00677 (0.274 deg)
Matched 361 keypoints
[INFO] [1790552545.363105670] [pose_estimator]: RANSAC: 299 inliers / 361, 19 iterations
[INFO] [1790552545.363308795] [pose_estimator]: RPE: trans 0.3168 | rot 0.01056 (0.428 deg)
Matched 376 keypoints
[INFO] [1790552545.511161836] [pose_estimator]: RANSAC: 330 inliers / 376, 11 iterations
[INFO] [1790552545.511444545] [pose_estimator]: RPE: trans 0.9348 | rot 0.02117 (0.858 deg)
Matched 371 keypoints
[INFO] [1790552545.634089962] [pose_estimator]: RANSAC: 305 inliers / 371, 20 iterations
[INFO] [1790552547.797851004] [pose_estimator]: RPE: trans 0.3508 | rot 0.01283 (0.520 deg)
Matched 181 keypoints
[INFO] [1790552548.044796671] [pose_estimator]: RANSAC: 111 inliers / 181, 228 iterations
[INFO] [1790552548.047504463] [pose_estimator]: RPE: trans 0.0307 | rot 0.01178 (0.477 deg)
Matched 355 keypoints
[INFO] [1790552548.170892963] [pose_estimator]: RANSAC: 312 inliers / 355, 11 iterations
[INFO] [1790552548.172549754] [pose_estimator]: RPE: trans 0.5578 | rot 0.01317 (0.534 deg)
Matched 374 keypoints
[INFO] [1790552548.293887546] [pose_estimator]: RANSAC: 340 inliers / 374, 11 iterations
[INFO] [1790552548.294433171] [pose_estimator]: RPE: trans 0.9460 | rot 0.00825 (0.334 deg)
Matched 350 keypoints
[INFO] [1790552548.408777171] [pose_estimator]: RANSAC: 308 inliers / 350, 13 iterations
[INFO] [1790552548.408975463] [pose_estimator]: RPE: trans 0.4809 | rot 0.00778 (0.315 deg)
Matched 373 keypoints
[INFO] [1790552548.523212130] [pose_estimator]: RANSAC: 338 inliers / 373, 8 iterations
[INFO] [1790552548.523419838] [pose_estimator]: RPE: trans 0.9995 | rot 0.01031 (0.418 deg)
Matched 338 keypoints
[INFO] [1790552548.640379005] [pose_estimator]: RANSAC: 293 inliers / 338, 12 iterations
[INFO] [1790552548.640658171] [pose_estimator]: RPE: trans 0.6611 | rot 0.02458 (0.996 deg)
Matched 357 keypoints
[INFO] [1790552548.756664588] [pose_estimator]: RANSAC: 320 inliers / 357, 9 iterations
[INFO] [1790552548.756881755] [pose_estimator]: RPE: trans 0.8801 | rot 0.02057 (0.833 deg)
Matched 351 keypoints
[INFO] [1790552548.869653880] [pose_estimator]: RANSAC: 302 inliers / 351, 13 iterations
[INFO] [1790552548.869848880] [pose_estimator]: RPE: trans 0.7032 | rot 0.01743 (0.706 deg)
Matched 312 keypoints
[INFO] [1790552548.983504505] [pose_estimator]: RANSAC: 262 inliers / 312, 17 iterations
[INFO] [1790552548.983704046] [pose_estimator]: RPE: trans 0.0521 | rot 0.00141 (0.057 deg)
Matched 361 keypoints
[INFO] [1790552549.101067171] [pose_estimator]: RANSAC: 320 inliers / 361, 10 iterations
[INFO] [1790552549.101264546] [pose_estimator]: RPE: trans 0.6087 | rot 0.01165 (0.472 deg)
Matched 336 keypoints
[INFO] [1790552549.214782380] [pose_estimator]: RANSAC: 296 inliers / 336, 11 iterations
[INFO] [1790552549.214940505] [pose_estimator]: RPE: trans 0.4519 | rot 0.01227 (0.497 deg)
Matched 358 keypoints
[INFO] [1790552549.331050297] [pose_estimator]: RANSAC: 308 inliers / 358, 13 iterations
[INFO] [1790552549.331221880] [pose_estimator]: RPE: trans 1.2076 | rot 0.01362 (0.552 deg)
Matched 354 keypoints
[INFO] [1790552549.446610130] [pose_estimator]: RANSAC: 307 inliers / 354, 12 iterations
[INFO] [1790552549.446787213] [pose_estimator]: RPE: trans 0.5129 | rot 0.00816 (0.331 deg)
Matched 353 keypoints
[INFO] [1790552549.561842297] [pose_estimator]: RANSAC: 289 inliers / 353, 21 iterations
[INFO] [1790552549.562019130] [pose_estimator]: RPE: trans 0.2633 | rot 0.00472 (0.191 deg)
Matched 352 keypoints
[INFO] [1790552549.675345713] [pose_estimator]: RANSAC: 297 inliers / 352, 16 iterations
[INFO] [1790552549.675523797] [pose_estimator]: RPE: trans 0.4707 | rot 0.00915 (0.371 deg)
Matched 337 keypoints
[INFO] [1790552549.792330588] [pose_estimator]: RANSAC: 301 inliers / 337, 9 iterations
[INFO] [1790552549.792534088] [pose_estimator]: RPE: trans 0.4462 | rot 0.01383 (0.560 deg)
Matched 337 keypoints
[INFO] [1790552549.907942964] [pose_estimator]: RANSAC: 283 inliers / 337, 17 iterations
[INFO] [1790552549.908120172] [pose_estimator]: RPE: trans 0.1328 | rot 0.00460 (0.186 deg)
Matched 379 keypoints
[INFO] [1790552550.021095130] [pose_estimator]: RANSAC: 339 inliers / 379, 9 iterations
[INFO] [1790552550.021303089] [pose_estimator]: RPE: trans 0.5016 | rot 0.00792 (0.321 deg)
Matched 373 keypoints
[INFO] [1790552550.136765130] [pose_estimator]: RANSAC: 334 inliers / 373, 9 iterations
[INFO] [1790552550.136977505] [pose_estimator]: RPE: trans 0.4415 | rot 0.00973 (0.394 deg)
Matched 324 keypoints
[INFO] [1790552550.252981797] [pose_estimator]: RANSAC: 295 inliers / 324, 9 iterations
[INFO] [1790552550.253183464] [pose_estimator]: RPE: trans 0.2930 | rot 0.01031 (0.418 deg)
Matched 359 keypoints
[INFO] [1790552550.371177797] [pose_estimator]: RANSAC: 327 inliers / 359, 8 iterations
[INFO] [1790552550.371373797] [pose_estimator]: RPE: trans 1.5993 | rot 0.01443 (0.584 deg)
Matched 357 keypoints
[INFO] [1790552550.497546755] [pose_estimator]: RANSAC: 310 inliers / 357, 12 iterations
[INFO] [1790552550.497763839] [pose_estimator]: RPE: trans 0.0988 | rot 0.00155 (0.063 deg)
Matched 346 keypoints
[INFO] [1790552550.612861672] [pose_estimator]: RANSAC: 303 inliers / 346, 11 iterations
[INFO] [1790552550.613055881] [pose_estimator]: RPE: trans 0.1778 | rot 0.00634 (0.257 deg)
Matched 350 keypoints
[INFO] [1790552550.751587797] [pose_estimator]: RANSAC: 305 inliers / 350, 12 iterations
[INFO] [1790552550.751794631] [pose_estimator]: RPE: trans 0.1328 | rot 0.00231 (0.094 deg)
Matched 367 keypoints
[INFO] [1790552550.869941756] [pose_estimator]: RANSAC: 337 inliers / 367, 7 iterations
[INFO] [1790552550.870119131] [pose_estimator]: RPE: trans 0.4693 | rot 0.01069 (0.433 deg)
Matched 311 keypoints
[INFO] [1790552550.985570297] [pose_estimator]: RANSAC: 269 inliers / 311, 14 iterations
[INFO] [1790552551.113285256] [pose_estimator]: RPE: trans 0.1179 | rot 0.00679 (0.275 deg)
Matched 290 keypoints
[INFO] [1790552551.226993131] [pose_estimator]: RANSAC: 257 inliers / 290, 13 iterations
[INFO] [1790552551.227186381] [pose_estimator]: RPE: trans 0.0714 | rot 0.00266 (0.108 deg)
Matched 306 keypoints
[INFO] [1790552551.344391089] [pose_estimator]: RANSAC: 265 inliers / 306, 13 iterations
[INFO] [1790552551.344598589] [pose_estimator]: RPE: trans 0.0449 | rot 0.00264 (0.107 deg)
Matched 259 keypoints
[INFO] [1790552551.455545339] [pose_estimator]: RANSAC: 222 inliers / 259, 14 iterations
[INFO] [1790552551.455721548] [pose_estimator]: RPE: trans 0.1852 | rot 0.01035 (0.419 deg)
Matched 347 keypoints
[INFO] [1790552551.573047131] [pose_estimator]: RANSAC: 298 inliers / 347, 14 iterations
[INFO] [1790552551.573230548] [pose_estimator]: RPE: trans 0.5074 | rot 0.00675 (0.273 deg)
Matched 332 keypoints
[INFO] [1790552551.688651131] [pose_estimator]: RANSAC: 295 inliers / 332, 10 iterations
[INFO] [1790552551.688829798] [pose_estimator]: RPE: trans 0.1410 | rot 0.00300 (0.122 deg)
Matched 259 keypoints
[INFO] [1790552552.031840215] [pose_estimator]: RANSAC: 208 inliers / 259, 25 iterations
[INFO] [1790552552.032294590] [pose_estimator]: RPE: trans 0.1213 | rot 0.00425 (0.172 deg)
Matched 235 keypoints
[INFO] [1790552552.151062298] [pose_estimator]: RANSAC: 181 inliers / 235, 35 iterations
[INFO] [1790552552.151237673] [pose_estimator]: RPE: trans 0.0468 | rot 0.00584 (0.237 deg)
Matched 312 keypoints
[INFO] [1790552552.271334673] [pose_estimator]: RANSAC: 253 inliers / 312, 23 iterations
[INFO] [1790552552.271592048] [pose_estimator]: RPE: trans 0.1777 | rot 0.01111 (0.450 deg)
Matched 337 keypoints
[INFO] [1790552552.385182340] [pose_estimator]: RANSAC: 288 inliers / 337, 14 iterations
[INFO] [1790552552.385811465] [pose_estimator]: RPE: trans 0.1436 | rot 0.00960 (0.389 deg)
Matched 322 keypoints
[INFO] [1790552552.502424256] [pose_estimator]: RANSAC: 267 inliers / 322, 19 iterations
[INFO] [1790552552.502618215] [pose_estimator]: RPE: trans 0.0752 | rot 0.00336 (0.136 deg)
Matched 359 keypoints
[INFO] [1790552552.619145423] [pose_estimator]: RANSAC: 313 inliers / 359, 12 iterations
[INFO] [1790552552.619314465] [pose_estimator]: RPE: trans 1.9926 | rot 0.01841 (0.746 deg)
Matched 384 keypoints
[INFO] [1790552552.735546215] [pose_estimator]: RANSAC: 329 inliers / 384, 14 iterations
[INFO] [1790552552.735753048] [pose_estimator]: RPE: trans 0.3334 | rot 0.01273 (0.516 deg)
Matched 358 keypoints
[INFO] [1790552552.853416257] [pose_estimator]: RANSAC: 299 inliers / 358, 18 iterations
[INFO] [1790552552.853876923] [pose_estimator]: RPE: trans 0.0333 | rot 0.00460 (0.186 deg)
Matched 372 keypoints
[INFO] [1790552552.985120673] [pose_estimator]: RANSAC: 308 inliers / 372, 19 iterations
[INFO] [1790552552.985337757] [pose_estimator]: RPE: trans 0.2010 | rot 0.03158 (1.280 deg)
Matched 382 keypoints
[INFO] [1790552553.111786340] [pose_estimator]: RANSAC: 339 inliers / 382, 10 iterations
[INFO] [1790552553.111968465] [pose_estimator]: RPE: trans 0.3988 | rot 0.01981 (0.802 deg)
Matched 361 keypoints
[INFO] [1790552553.224659423] [pose_estimator]: RANSAC: 328 inliers / 361, 8 iterations
[INFO] [1790552553.224845340] [pose_estimator]: RPE: trans 0.1940 | rot 0.00501 (0.203 deg)
Matched 363 keypoints
[INFO] [1790552553.342029924] [pose_estimator]: RANSAC: 312 inliers / 363, 14 iterations
[INFO] [1790552553.342215007] [pose_estimator]: RPE: trans 0.1185 | rot 0.00260 (0.106 deg)
Matched 380 keypoints
[INFO] [1790552553.458690715] [pose_estimator]: RANSAC: 323 inliers / 380, 15 iterations
[INFO] [1790552553.458870840] [pose_estimator]: RPE: trans 0.2571 | rot 0.00585 (0.237 deg)
Matched 383 keypoints
[INFO] [1790552553.576302382] [pose_estimator]: RANSAC: 345 inliers / 383, 9 iterations
[INFO] [1790552553.576501007] [pose_estimator]: RPE: trans 0.2289 | rot 0.00531 (0.215 deg)
Matched 429 keypoints
[INFO] [1790552553.705552799] [pose_estimator]: RANSAC: 375 inliers / 429, 12 iterations
[INFO] [1790552553.705727424] [pose_estimator]: RPE: trans 0.5053 | rot 0.00910 (0.369 deg)
Matched 422 keypoints
[INFO] [1790552553.827544840] [pose_estimator]: RANSAC: 355 inliers / 422, 17 iterations
[INFO] [1790552553.827742424] [pose_estimator]: RPE: trans 0.3539 | rot 0.01045 (0.423 deg)
Matched 427 keypoints
[INFO] [1790552553.948786965] [pose_estimator]: RANSAC: 369 inliers / 427, 13 iterations
[INFO] [1790552553.948954132] [pose_estimator]: RPE: trans 0.5237 | rot 0.01347 (0.546 deg)
Matched 417 keypoints
[INFO] [1790552554.067638257] [pose_estimator]: RANSAC: 345 inliers / 417, 21 iterations
[INFO] [1790552554.067816924] [pose_estimator]: RPE: trans 0.1003 | rot 0.00157 (0.064 deg)
Matched 437 keypoints
[INFO] [1790552554.197631882] [pose_estimator]: RANSAC: 382 inliers / 437, 12 iterations
[INFO] [1790552554.197819674] [pose_estimator]: RPE: trans 1.0345 | rot 0.03039 (1.231 deg)
Matched 377 keypoints
[INFO] [1790552554.312333716] [pose_estimator]: RANSAC: 333 inliers / 377, 10 iterations
[INFO] [1790552554.312521049] [pose_estimator]: RPE: trans 0.1291 | rot 0.00242 (0.098 deg)
Matched 397 keypoints
[INFO] [1790552554.432431382] [pose_estimator]: RANSAC: 336 inliers / 397, 16 iterations
[INFO] [1790552554.432605424] [pose_estimator]: RPE: trans 0.1304 | rot 0.00197 (0.080 deg)
Matched 410 keypoints
[INFO] [1790552554.552224132] [pose_estimator]: RANSAC: 336 inliers / 410, 21 iterations
[INFO] [1790552554.552786091] [pose_estimator]: RPE: trans 0.6039 | rot 0.00958 (0.388 deg)
Matched 367 keypoints
[INFO] [1790552554.673212257] [pose_estimator]: RANSAC: 317 inliers / 367, 13 iterations
[INFO] [1790552554.673374632] [pose_estimator]: RPE: trans 0.1399 | rot 0.00395 (0.160 deg)
Matched 408 keypoints
[INFO] [1790552554.791691466] [pose_estimator]: RANSAC: 342 inliers / 408, 17 iterations
[INFO] [1790552554.791833758] [pose_estimator]: RPE: trans 0.6851 | rot 0.01620 (0.656 deg)
Matched 354 keypoints
[INFO] [1790552554.911504508] [pose_estimator]: RANSAC: 294 inliers / 354, 18 iterations
[INFO] [1790552554.911641424] [pose_estimator]: RPE: trans 0.6021 | rot 0.02129 (0.862 deg)
Matched 370 keypoints
[INFO] [1790552555.035020383] [pose_estimator]: RANSAC: 309 inliers / 370, 18 iterations
[INFO] [1790552555.038759008] [pose_estimator]: RPE: trans 0.3621 | rot 0.00597 (0.242 deg)
Matched 364 keypoints
[INFO] [1790552555.163747216] [pose_estimator]: RANSAC: 301 inliers / 364, 19 iterations
[INFO] [1790552555.163917091] [pose_estimator]: RPE: trans 0.6841 | rot 0.01297 (0.525 deg)
Matched 353 keypoints
[INFO] [1790552555.297098841] [pose_estimator]: RANSAC: 289 inliers / 353, 21 iterations
[INFO] [1790552555.297270216] [pose_estimator]: RPE: trans 0.7508 | rot 0.02407 (0.975 deg)
Matched 334 keypoints
[INFO] [1790552555.414621050] [pose_estimator]: RANSAC: 286 inliers / 334, 14 iterations
[INFO] [1790552555.415178591] [pose_estimator]: RPE: trans 0.5617 | rot 0.00925 (0.375 deg)
Matched 338 keypoints
[INFO] [1790552555.558130758] [pose_estimator]: RANSAC: 290 inliers / 338, 14 iterations
[INFO] [1790552555.568863758] [pose_estimator]: RPE: trans 0.8246 | rot 0.02716 (1.100 deg)
Matched 324 keypoints
[INFO] [1790552555.685514175] [pose_estimator]: RANSAC: 275 inliers / 324, 15 iterations
[INFO] [1790552555.685711758] [pose_estimator]: RPE: trans 0.5373 | rot 0.01017 (0.412 deg)
Matched 282 keypoints
[INFO] [1790552555.799546175] [pose_estimator]: RANSAC: 231 inliers / 282, 21 iterations
[INFO] [1790552555.799742175] [pose_estimator]: RPE: trans 0.2875 | rot 0.01492 (0.605 deg)
Matched 322 keypoints
[INFO] [1790552555.913409258] [pose_estimator]: RANSAC: 270 inliers / 322, 17 iterations
[INFO] [1790552555.913564716] [pose_estimator]: RPE: trans 0.2615 | rot 0.01005 (0.407 deg)
Matched 335 keypoints
[INFO] [1790552556.072147008] [pose_estimator]: RANSAC: 290 inliers / 335, 17 iterations
[INFO] [1790552556.072353466] [pose_estimator]: RPE: trans 0.3244 | rot 0.01179 (0.478 deg)
Matched 298 keypoints
[INFO] [1790552556.185193675] [pose_estimator]: RANSAC: 270 inliers / 298, 8 iterations
[INFO] [1790552556.185404675] [pose_estimator]: RPE: trans 0.0420 | rot 0.00292 (0.118 deg)
Matched 319 keypoints
[INFO] [1790552556.299135008] [pose_estimator]: RANSAC: 286 inliers / 319, 9 iterations
[INFO] [1790552556.301045925] [pose_estimator]: RPE: trans 0.0836 | rot 0.01502 (0.609 deg)
Matched 345 keypoints
[INFO] [1790552556.422708342] [pose_estimator]: RANSAC: 323 inliers / 345, 6 iterations
[INFO] [1790552556.422877050] [pose_estimator]: RPE: trans 0.2091 | rot 0.01059 (0.429 deg)
Matched 312 keypoints
[INFO] [1790552556.535546092] [pose_estimator]: RANSAC: 284 inliers / 312, 8 iterations
[INFO] [1790552556.535752217] [pose_estimator]: RPE: trans 0.0810 | rot 0.01183 (0.479 deg)
Matched 328 keypoints
[INFO] [1790552556.653729675] [pose_estimator]: RANSAC: 285 inliers / 328, 15 iterations
[INFO] [1790552556.655243342] [pose_estimator]: RPE: trans 0.1421 | rot 0.00825 (0.334 deg)
Matched 294 keypoints
[INFO] [1790552556.775366633] [pose_estimator]: RANSAC: 245 inliers / 294, 18 iterations
[INFO] [1790552556.778642008] [pose_estimator]: RPE: trans 0.0448 | rot 0.00201 (0.081 deg)
Matched 289 keypoints
[INFO] [1790552556.897796759] [pose_estimator]: RANSAC: 254 inliers / 289, 11 iterations
[INFO] [1790552556.897963592] [pose_estimator]: RPE: trans 0.3136 | rot 0.01250 (0.506 deg)
Matched 308 keypoints
[INFO] [1790552557.008902634] [pose_estimator]: RANSAC: 259 inliers / 308, 17 iterations
[INFO] [1790552557.009067759] [pose_estimator]: RPE: trans 0.2645 | rot 0.01103 (0.447 deg)
Matched 306 keypoints
[INFO] [1790552557.122128884] [pose_estimator]: RANSAC: 265 inliers / 306, 13 iterations
[INFO] [1790552557.123034467] [pose_estimator]: RPE: trans 0.2039 | rot 0.00214 (0.087 deg)
Matched 309 keypoints
[INFO] [1790552557.242304592] [pose_estimator]: RANSAC: 263 inliers / 309, 15 iterations
[INFO] [1790552557.243747800] [pose_estimator]: RPE: trans 0.1959 | rot 0.00666 (0.270 deg)
Matched 311 keypoints
[INFO] [1790552557.358849050] [pose_estimator]: RANSAC: 266 inliers / 311, 14 iterations
[INFO] [1790552557.359022259] [pose_estimator]: RPE: trans 0.3699 | rot 0.01198 (0.485 deg)
Matched 317 keypoints
[INFO] [1790552557.471464592] [pose_estimator]: RANSAC: 285 inliers / 317, 10 iterations
[INFO] [1790552557.471637675] [pose_estimator]: RPE: trans 0.2203 | rot 0.00793 (0.321 deg)
Matched 295 keypoints
[INFO] [1790552557.581589926] [pose_estimator]: RANSAC: 261 inliers / 295, 15 iterations
[INFO] [1790552557.581748801] [pose_estimator]: RPE: trans 0.2400 | rot 0.00763 (0.309 deg)
Matched 296 keypoints
[INFO] [1790552557.711325176] [pose_estimator]: RANSAC: 269 inliers / 296, 11 iterations
[INFO] [1790552558.011696884] [pose_estimator]: RPE: trans 0.2605 | rot 0.00913 (0.370 deg)
Matched 225 keypoints
[INFO] [1790552558.215806218] [pose_estimator]: RANSAC: 179 inliers / 225, 27 iterations
[INFO] [1790552558.216013551] [pose_estimator]: RPE: trans 0.0157 | rot 0.00262 (0.106 deg)
Matched 290 keypoints
[INFO] [1790552558.326241843] [pose_estimator]: RANSAC: 264 inliers / 290, 8 iterations
[INFO] [1790552558.326431134] [pose_estimator]: RPE: trans 0.2598 | rot 0.00869 (0.352 deg)
Matched 285 keypoints
[INFO] [1790552558.438029926] [pose_estimator]: RANSAC: 246 inliers / 285, 13 iterations
[INFO] [1790552558.438228009] [pose_estimator]: RPE: trans 0.4145 | rot 0.00861 (0.349 deg)
Matched 304 keypoints
[INFO] [1790552558.550553718] [pose_estimator]: RANSAC: 268 inliers / 304, 11 iterations
[INFO] [1790552558.550728718] [pose_estimator]: RPE: trans 0.2462 | rot 0.00716 (0.290 deg)
Matched 261 keypoints
[INFO] [1790552558.662211884] [pose_estimator]: RANSAC: 226 inliers / 261, 13 iterations
[INFO] [1790552558.662398259] [pose_estimator]: RPE: trans 0.1026 | rot 0.00539 (0.218 deg)
Matched 290 keypoints
[INFO] [1790552558.780157801] [pose_estimator]: RANSAC: 236 inliers / 290, 22 iterations
[INFO] [1790552558.780349343] [pose_estimator]: RPE: trans 0.3268 | rot 0.01450 (0.587 deg)
Matched 331 keypoints
[INFO] [1790552558.894808759] [pose_estimator]: RANSAC: 289 inliers / 331, 12 iterations
[INFO] [1790552558.894977176] [pose_estimator]: RPE: trans 1.0536 | rot 0.01245 (0.504 deg)
Matched 356 keypoints
[INFO] [1790552559.012388968] [pose_estimator]: RANSAC: 301 inliers / 356, 21 iterations
[INFO] [1790552559.012683635] [pose_estimator]: RPE: trans 0.5988 | rot 0.01530 (0.620 deg)
Matched 333 keypoints
[INFO] [1790552559.127059510] [pose_estimator]: RANSAC: 282 inliers / 333, 15 iterations
[INFO] [1790552559.127213426] [pose_estimator]: RPE: trans 0.3587 | rot 0.01073 (0.435 deg)
Matched 365 keypoints
[INFO] [1790552559.243330343] [pose_estimator]: RANSAC: 312 inliers / 365, 14 iterations
[INFO] [1790552559.243682093] [pose_estimator]: RPE: trans 0.3951 | rot 0.00612 (0.248 deg)
Matched 318 keypoints
[INFO] [1790552559.357617468] [pose_estimator]: RANSAC: 282 inliers / 318, 10 iterations
[INFO] [1790552559.357792760] [pose_estimator]: RPE: trans 0.4667 | rot 0.01104 (0.447 deg)
Matched 319 keypoints
[INFO] [1790552559.481978593] [pose_estimator]: RANSAC: 264 inliers / 319, 19 iterations
[INFO] [1790552559.482205885] [pose_estimator]: RPE: trans 0.2007 | rot 0.00449 (0.182 deg)
Matched 348 keypoints
[INFO] [1790552559.601039635] [pose_estimator]: RANSAC: 308 inliers / 348, 18 iterations
[INFO] [1790552559.601234926] [pose_estimator]: RPE: trans 0.7196 | rot 0.02021 (0.819 deg)
Matched 372 keypoints
[INFO] [1790552559.722171385] [pose_estimator]: RANSAC: 347 inliers / 372, 6 iterations
[INFO] [1790552559.722353802] [pose_estimator]: RPE: trans 0.7661 | rot 0.01689 (0.684 deg)
Matched 430 keypoints
[INFO] [1790552559.842821177] [pose_estimator]: RANSAC: 358 inliers / 430, 18 iterations
[INFO] [1790552559.842991260] [pose_estimator]: RPE: trans 0.8229 | rot 0.01492 (0.604 deg)
Matched 410 keypoints
[INFO] [1790552559.962253968] [pose_estimator]: RANSAC: 359 inliers / 410, 11 iterations
[INFO] [1790552559.962436927] [pose_estimator]: RPE: trans 1.4147 | rot 0.01427 (0.578 deg)
Matched 379 keypoints
[INFO] [1790552560.081436760] [pose_estimator]: RANSAC: 319 inliers / 379, 16 iterations
[INFO] [1790552560.081628552] [pose_estimator]: RPE: trans 0.6909 | rot 0.00765 (0.310 deg)
Matched 434 keypoints
[INFO] [1790552560.201659510] [pose_estimator]: RANSAC: 384 inliers / 434, 10 iterations
[INFO] [1790552560.201851343] [pose_estimator]: RPE: trans 1.1907 | rot 0.01146 (0.464 deg)
Matched 409 keypoints
[INFO] [1790552560.319290885] [pose_estimator]: RANSAC: 361 inliers / 409, 11 iterations
[INFO] [1790552560.319485885] [pose_estimator]: RPE: trans 0.6453 | rot 0.00784 (0.318 deg)
Matched 388 keypoints
[INFO] [1790552560.439820260] [pose_estimator]: RANSAC: 337 inliers / 388, 12 iterations
[INFO] [1790552560.440036552] [pose_estimator]: RPE: trans 1.2127 | rot 0.01435 (0.582 deg)
Matched 383 keypoints
[INFO] [1790552560.557005510] [pose_estimator]: RANSAC: 325 inliers / 383, 15 iterations
[INFO] [1790552560.557566719] [pose_estimator]: RPE: trans 0.1012 | rot 0.00248 (0.101 deg)
Matched 409 keypoints
[INFO] [1790552560.681441510] [pose_estimator]: RANSAC: 331 inliers / 409, 23 iterations
[INFO] [1790552560.681636760] [pose_estimator]: RPE: trans 0.8773 | rot 0.01476 (0.598 deg)
Matched 361 keypoints
[INFO] [1790552560.816970594] [pose_estimator]: RANSAC: 297 inliers / 361, 20 iterations
[INFO] [1790552560.817159760] [pose_estimator]: RPE: trans 0.1095 | rot 0.00215 (0.087 deg)
Matched 359 keypoints
[INFO] [1790552560.942251302] [pose_estimator]: RANSAC: 298 inliers / 359, 19 iterations
[INFO] [1790552560.942445594] [pose_estimator]: RPE: trans 0.2081 | rot 0.00441 (0.179 deg)
Matched 361 keypoints
[INFO] [1790552561.058417427] [pose_estimator]: RANSAC: 314 inliers / 361, 12 iterations
[INFO] [1790552561.058592136] [pose_estimator]: RPE: trans 0.8692 | rot 0.01711 (0.693 deg)
Matched 373 keypoints
[INFO] [1790552561.173079927] [pose_estimator]: RANSAC: 322 inliers / 373, 13 iterations
[INFO] [1790552561.173231802] [pose_estimator]: RPE: trans 0.9111 | rot 0.01552 (0.629 deg)
Matched 395 keypoints
[INFO] [1790552561.289331886] [pose_estimator]: RANSAC: 356 inliers / 395, 9 iterations
[INFO] [1790552561.289521302] [pose_estimator]: RPE: trans 0.5015 | rot 0.00482 (0.195 deg)
Matched 385 keypoints
[INFO] [1790552561.411905469] [pose_estimator]: RANSAC: 315 inliers / 385, 25 iterations
[INFO] [1790552561.412557261] [pose_estimator]: RPE: trans 1.2174 | rot 0.02578 (1.044 deg)
Matched 348 keypoints
[INFO] [1790552561.527362761] [pose_estimator]: RANSAC: 295 inliers / 348, 15 iterations
[INFO] [1790552561.527538052] [pose_estimator]: RPE: trans 1.2329 | rot 0.04090 (1.657 deg)
Matched 407 keypoints
[INFO] [1790552561.643694886] [pose_estimator]: RANSAC: 336 inliers / 407, 19 iterations
[INFO] [1790552561.643857386] [pose_estimator]: RPE: trans 0.5805 | rot 0.00589 (0.238 deg)
Matched 351 keypoints
[INFO] [1790552561.762189678] [pose_estimator]: RANSAC: 311 inliers / 351, 11 iterations
[INFO] [1790552561.762366344] [pose_estimator]: RPE: trans 0.3320 | rot 0.00858 (0.348 deg)
Matched 313 keypoints
[INFO] [1790552561.878293803] [pose_estimator]: RANSAC: 243 inliers / 313, 33 iterations
[INFO] [1790552561.878464136] [pose_estimator]: RPE: trans 0.3779 | rot 0.00865 (0.350 deg)
Matched 355 keypoints
[INFO] [1790552561.996486594] [pose_estimator]: RANSAC: 315 inliers / 355, 10 iterations
[INFO] [1790552561.996664969] [pose_estimator]: RPE: trans 1.4174 | rot 0.02286 (0.926 deg)
Matched 302 keypoints
[INFO] [1790552562.114036594] [pose_estimator]: RANSAC: 238 inliers / 302, 29 iterations
[INFO] [1790552562.114208303] [pose_estimator]: RPE: trans 0.2414 | rot 0.00707 (0.286 deg)
Matched 330 keypoints
[INFO] [1790552562.230389011] [pose_estimator]: RANSAC: 261 inliers / 330, 28 iterations
[INFO] [1790552562.230575761] [pose_estimator]: RPE: trans 0.1438 | rot 0.00237 (0.096 deg)
Matched 313 keypoints
[INFO] [1790552562.349733094] [pose_estimator]: RANSAC: 256 inliers / 313, 21 iterations
[INFO] [1790552562.349927844] [pose_estimator]: RPE: trans 0.0926 | rot 0.00147 (0.060 deg)
Matched 330 keypoints
[INFO] [1790552562.465302803] [pose_estimator]: RANSAC: 269 inliers / 330, 24 iterations
[INFO] [1790552562.465471053] [pose_estimator]: RPE: trans 0.2302 | rot 0.00571 (0.231 deg)
Matched 335 keypoints
[INFO] [1790552562.584473136] [pose_estimator]: RANSAC: 271 inliers / 335, 23 iterations
[INFO] [1790552562.584661095] [pose_estimator]: RPE: trans 0.0469 | rot 0.00158 (0.064 deg)
Matched 338 keypoints
[INFO] [1790552562.699060678] [pose_estimator]: RANSAC: 285 inliers / 338, 16 iterations
[INFO] [1790552562.699242011] [pose_estimator]: RPE: trans 1.0218 | rot 0.02040 (0.826 deg)
Matched 316 keypoints
[INFO] [1790552562.814674761] [pose_estimator]: RANSAC: 264 inliers / 316, 17 iterations
[INFO] [1790552562.814843553] [pose_estimator]: RPE: trans 0.6822 | rot 0.01477 (0.599 deg)
Matched 334 keypoints
[INFO] [1790552562.930692136] [pose_estimator]: RANSAC: 275 inliers / 334, 20 iterations
[INFO] [1790552562.930871095] [pose_estimator]: RPE: trans 0.2736 | rot 0.00491 (0.199 deg)
Matched 368 keypoints
[INFO] [1790552563.048653053] [pose_estimator]: RANSAC: 310 inliers / 368, 16 iterations
[INFO] [1790552563.048814095] [pose_estimator]: RPE: trans 1.1644 | rot 0.01630 (0.661 deg)
Matched 348 keypoints
[INFO] [1790552563.165146012] [pose_estimator]: RANSAC: 294 inliers / 348, 16 iterations
[INFO] [1790552563.165329387] [pose_estimator]: RPE: trans 0.4027 | rot 0.00988 (0.400 deg)
Matched 353 keypoints
[INFO] [1790552563.279057678] [pose_estimator]: RANSAC: 309 inliers / 353, 12 iterations
[INFO] [1790552563.279222053] [pose_estimator]: RPE: trans 1.1570 | rot 0.01817 (0.736 deg)
Matched 356 keypoints
[INFO] [1790552563.391167553] [pose_estimator]: RANSAC: 307 inliers / 356, 13 iterations
[INFO] [1790552563.391321595] [pose_estimator]: RPE: trans 0.8071 | rot 0.01117 (0.452 deg)
Matched 319 keypoints
[INFO] [1790552563.507368845] [pose_estimator]: RANSAC: 241 inliers / 319, 42 iterations
[INFO] [1790552563.507541387] [pose_estimator]: RPE: trans 0.1603 | rot 0.00683 (0.277 deg)
Matched 337 keypoints
[INFO] [1790552563.621538303] [pose_estimator]: RANSAC: 275 inliers / 337, 22 iterations
[INFO] [1790552563.621720387] [pose_estimator]: RPE: trans 0.4900 | rot 0.00677 (0.274 deg)
Matched 319 keypoints
[INFO] [1790552563.734419303] [pose_estimator]: RANSAC: 264 inliers / 319, 19 iterations
[INFO] [1790552563.734685720] [pose_estimator]: RPE: trans 0.6664 | rot 0.01573 (0.637 deg)
Matched 298 keypoints
[INFO] [1790552563.846503012] [pose_estimator]: RANSAC: 247 inliers / 298, 19 iterations
[INFO] [1790552563.846679137] [pose_estimator]: RPE: trans 0.0365 | rot 0.00213 (0.086 deg)
Matched 341 keypoints
[INFO] [1790552563.961858720] [pose_estimator]: RANSAC: 290 inliers / 341, 15 iterations
[INFO] [1790552563.962048845] [pose_estimator]: RPE: trans 1.2304 | rot 0.01974 (0.800 deg)
Matched 360 keypoints
[INFO] [1790552564.080707512] [pose_estimator]: RANSAC: 312 inliers / 360, 13 iterations
[INFO] [1790552564.080891179] [pose_estimator]: RPE: trans 0.5167 | rot 0.01414 (0.573 deg)
Matched 346 keypoints
[INFO] [1790552564.197604554] [pose_estimator]: RANSAC: 292 inliers / 346, 16 iterations
[INFO] [1790552564.197796179] [pose_estimator]: RPE: trans 0.2006 | rot 0.00435 (0.176 deg)
Matched 343 keypoints
[INFO] [1790552564.323944679] [pose_estimator]: RANSAC: 281 inliers / 343, 22 iterations
[INFO] [1790552564.324127179] [pose_estimator]: RPE: trans 0.2652 | rot 0.00872 (0.353 deg)
Matched 358 keypoints
[INFO] [1790552564.441888304] [pose_estimator]: RANSAC: 304 inliers / 358, 15 iterations
[INFO] [1790552564.442060762] [pose_estimator]: RPE: trans 0.0805 | rot 0.00344 (0.140 deg)
Matched 352 keypoints
[INFO] [1790552564.559548262] [pose_estimator]: RANSAC: 296 inliers / 352, 17 iterations
[INFO] [1790552564.559729221] [pose_estimator]: RPE: trans 0.0861 | rot 0.00397 (0.161 deg)
Matched 365 keypoints
[INFO] [1790552564.675037554] [pose_estimator]: RANSAC: 308 inliers / 365, 16 iterations
[INFO] [1790552564.675218096] [pose_estimator]: RPE: trans 0.3223 | rot 0.01155 (0.468 deg)
Matched 369 keypoints
[INFO] [1790552564.789037637] [pose_estimator]: RANSAC: 306 inliers / 369, 19 iterations
[INFO] [1790552564.789211096] [pose_estimator]: RPE: trans 0.1712 | rot 0.00531 (0.215 deg)
Matched 381 keypoints
[INFO] [1790552564.903887221] [pose_estimator]: RANSAC: 329 inliers / 381, 13 iterations
[INFO] [1790552564.904069762] [pose_estimator]: RPE: trans 0.5316 | rot 0.00941 (0.381 deg)
Matched 369 keypoints
[INFO] [1790552565.021242471] [pose_estimator]: RANSAC: 303 inliers / 369, 20 iterations
[INFO] [1790552565.021445054] [pose_estimator]: RPE: trans 0.4615 | rot 0.01306 (0.529 deg)
Matched 353 keypoints
[INFO] [1790552565.136571971] [pose_estimator]: RANSAC: 302 inliers / 353, 15 iterations
[INFO] [1790552565.136755262] [pose_estimator]: RPE: trans 0.1148 | rot 0.00459 (0.186 deg)
Matched 355 keypoints
[INFO] [1790552565.251928554] [pose_estimator]: RANSAC: 300 inliers / 355, 16 iterations
[INFO] [1790552565.252134013] [pose_estimator]: RPE: trans 0.5856 | rot 0.00976 (0.396 deg)
Matched 327 keypoints
[INFO] [1790552565.367855346] [pose_estimator]: RANSAC: 267 inliers / 327, 21 iterations
[INFO] [1790552565.368091471] [pose_estimator]: RPE: trans 0.2783 | rot 0.00895 (0.363 deg)
Matched 327 keypoints
[INFO] [1790552565.482984388] [pose_estimator]: RANSAC: 261 inliers / 327, 26 iterations
[INFO] [1790552565.483203054] [pose_estimator]: RPE: trans 1.4625 | rot 0.07892 (3.198 deg)
Matched 270 keypoints
[INFO] [1790552565.593524179] [pose_estimator]: RANSAC: 214 inliers / 270, 28 iterations
[INFO] [1790552565.593716304] [pose_estimator]: RPE: trans 0.1275 | rot 0.00691 (0.280 deg)
Matched 276 keypoints
[INFO] [1790552565.704432763] [pose_estimator]: RANSAC: 215 inliers / 276, 32 iterations
[INFO] [1790552565.704623304] [pose_estimator]: RPE: trans 0.0699 | rot 0.00609 (0.247 deg)
Matched 299 keypoints
[INFO] [1790552565.814839763] [pose_estimator]: RANSAC: 250 inliers / 299, 17 iterations
[INFO] [1790552565.815014471] [pose_estimator]: RPE: trans 0.0561 | rot 0.00247 (0.100 deg)
Matched 313 keypoints
[INFO] [1790552565.932056763] [pose_estimator]: RANSAC: 256 inliers / 313, 21 iterations
[INFO] [1790552565.932214138] [pose_estimator]: RPE: trans 0.3623 | rot 0.01089 (0.441 deg)
Matched 303 keypoints
[INFO] [1790552566.044129430] [pose_estimator]: RANSAC: 258 inliers / 303, 15 iterations
[INFO] [1790552566.044276388] [pose_estimator]: RPE: trans 0.2775 | rot 0.00533 (0.216 deg)
Matched 269 keypoints
[INFO] [1790552566.154953513] [pose_estimator]: RANSAC: 219 inliers / 269, 22 iterations
[INFO] [1790552566.155126388] [pose_estimator]: RPE: trans 0.0272 | rot 0.00243 (0.099 deg)
Matched 308 keypoints
[INFO] [1790552566.263553305] [pose_estimator]: RANSAC: 263 inliers / 308, 14 iterations
[INFO] [1790552566.263728346] [pose_estimator]: RPE: trans 0.5265 | rot 0.00823 (0.333 deg)
Matched 290 keypoints
[INFO] [1790552566.373666305] [pose_estimator]: RANSAC: 234 inliers / 290, 24 iterations
[INFO] [1790552566.373830346] [pose_estimator]: RPE: trans 0.4071 | rot 0.01860 (0.754 deg)
Matched 261 keypoints
[INFO] [1790552566.488470096] [pose_estimator]: RANSAC: 202 inliers / 261, 34 iterations
[INFO] [1790552566.488670596] [pose_estimator]: RPE: trans 0.5200 | rot 0.01999 (0.810 deg)
Matched 260 keypoints
[INFO] [1790552566.600220472] [pose_estimator]: RANSAC: 205 inliers / 260, 29 iterations
[INFO] [1790552566.600389472] [pose_estimator]: RPE: trans 0.1757 | rot 0.00491 (0.199 deg)
Matched 294 keypoints
[INFO] [1790552566.712706180] [pose_estimator]: RANSAC: 221 inliers / 294, 43 iterations
[INFO] [1790552566.712892222] [pose_estimator]: RPE: trans 0.2383 | rot 0.00356 (0.144 deg)
Matched 272 keypoints
[INFO] [1790552566.828573638] [pose_estimator]: RANSAC: 205 inliers / 272, 42 iterations
[INFO] [1790552566.828746138] [pose_estimator]: RPE: trans 0.5175 | rot 0.02302 (0.932 deg)
Matched 256 keypoints
[INFO] [1790552566.937436722] [pose_estimator]: RANSAC: 211 inliers / 256, 20 iterations
[INFO] [1790552566.937633180] [pose_estimator]: RPE: trans 0.1360 | rot 0.00766 (0.310 deg)
Matched 266 keypoints
[INFO] [1790552567.045996013] [pose_estimator]: RANSAC: 205 inliers / 266, 35 iterations
[INFO] [1790552567.046142097] [pose_estimator]: RPE: trans 0.1601 | rot 0.00861 (0.349 deg)
Matched 280 keypoints
[INFO] [1790552567.156165680] [pose_estimator]: RANSAC: 250 inliers / 280, 9 iterations
[INFO] [1790552567.156339305] [pose_estimator]: RPE: trans 0.2742 | rot 0.00694 (0.281 deg)
Matched 242 keypoints
[INFO] [1790552567.264718222] [pose_estimator]: RANSAC: 201 inliers / 242, 18 iterations
[INFO] [1790552567.264892930] [pose_estimator]: RPE: trans 0.1401 | rot 0.00891 (0.361 deg)
Matched 248 keypoints
[INFO] [1790552567.374740014] [pose_estimator]: RANSAC: 198 inliers / 248, 27 iterations
[INFO] [1790552567.374912264] [pose_estimator]: RPE: trans 0.1145 | rot 0.00493 (0.200 deg)
Matched 291 keypoints
[INFO] [1790552567.485778722] [pose_estimator]: RANSAC: 256 inliers / 291, 11 iterations
[INFO] [1790552567.485989680] [pose_estimator]: RPE: trans 0.6866 | rot 0.02152 (0.872 deg)
Matched 257 keypoints
[INFO] [1790552567.607294305] [pose_estimator]: RANSAC: 213 inliers / 257, 19 iterations
[INFO] [1790552567.618689639] [pose_estimator]: RPE: trans 0.0764 | rot 0.00515 (0.209 deg)
Matched 251 keypoints
[INFO] [1790552567.737661930] [pose_estimator]: RANSAC: 233 inliers / 251, 6 iterations
[INFO] [1790552567.737849305] [pose_estimator]: RPE: trans 0.0960 | rot 0.00329 (0.133 deg)
Matched 240 keypoints
[INFO] [1790552567.849817180] [pose_estimator]: RANSAC: 180 inliers / 240, 44 iterations
[INFO] [1790552567.850030514] [pose_estimator]: RPE: trans 0.0924 | rot 0.00689 (0.279 deg)
Matched 251 keypoints
[INFO] [1790552567.955395250] [pose_estimator]: RANSAC: 211 inliers / 251, 17 iterations
[INFO] [1790552567.957036083] [pose_estimator]: RPE: trans 0.0445 | rot 0.00298 (0.121 deg)
Matched 267 keypoints
[INFO] [1790552568.072895791] [pose_estimator]: RANSAC: 231 inliers / 267, 13 iterations
[INFO] [1790552568.073074166] [pose_estimator]: RPE: trans 0.2418 | rot 0.00807 (0.327 deg)
Matched 289 keypoints
[INFO] [1790552568.186603625] [pose_estimator]: RANSAC: 257 inliers / 289, 10 iterations
[INFO] [1790552568.186781916] [pose_estimator]: RPE: trans 0.3874 | rot 0.01052 (0.426 deg)
Matched 281 keypoints
[INFO] [1790552568.296597916] [pose_estimator]: RANSAC: 241 inliers / 281, 14 iterations
[INFO] [1790552568.296794000] [pose_estimator]: RPE: trans 0.0465 | rot 0.00153 (0.062 deg)
Matched 303 keypoints
[INFO] [1790552568.409340166] [pose_estimator]: RANSAC: 265 inliers / 303, 11 iterations
[INFO] [1790552568.411490208] [pose_estimator]: RPE: trans 0.5292 | rot 0.01544 (0.626 deg)
Matched 294 keypoints
[INFO] [1790552568.526647166] [pose_estimator]: RANSAC: 250 inliers / 294, 17 iterations
[INFO] [1790552568.526835083] [pose_estimator]: RPE: trans 0.5787 | rot 0.01761 (0.713 deg)
Matched 311 keypoints
[INFO] [1790552568.639957166] [pose_estimator]: RANSAC: 258 inliers / 311, 19 iterations
[INFO] [1790552568.640149875] [pose_estimator]: RPE: trans 0.1204 | rot 0.00339 (0.137 deg)
Matched 282 keypoints
[INFO] [1790552568.751483000] [pose_estimator]: RANSAC: 254 inliers / 282, 9 iterations
[INFO] [1790552568.751680375] [pose_estimator]: RPE: trans 0.0031 | rot 0.00113 (0.046 deg)
Matched 311 keypoints
[INFO] [1790552568.878133292] [pose_estimator]: RANSAC: 285 inliers / 311, 11 iterations
[INFO] [1790552568.878325542] [pose_estimator]: RPE: trans 0.5296 | rot 0.02069 (0.838 deg)
Matched 338 keypoints
[INFO] [1790552568.992695417] [pose_estimator]: RANSAC: 297 inliers / 338, 15 iterations
[INFO] [1790552568.992863042] [pose_estimator]: RPE: trans 0.1740 | rot 0.00880 (0.356 deg)
Matched 336 keypoints
[INFO] [1790552569.109017500] [pose_estimator]: RANSAC: 290 inliers / 336, 13 iterations
[INFO] [1790552569.109190583] [pose_estimator]: RPE: trans 0.0939 | rot 0.00399 (0.162 deg)
Matched 320 keypoints
[INFO] [1790552569.229136167] [pose_estimator]: RANSAC: 283 inliers / 320, 10 iterations
[INFO] [1790552569.229543542] [pose_estimator]: RPE: trans 0.3245 | rot 0.00937 (0.380 deg)
Matched 298 keypoints
[INFO] [1790552569.345452500] [pose_estimator]: RANSAC: 266 inliers / 298, 9 iterations
[INFO] [1790552569.345634917] [pose_estimator]: RPE: trans 0.0954 | rot 0.00367 (0.149 deg)
Matched 304 keypoints
[INFO] [1790552569.458390959] [pose_estimator]: RANSAC: 275 inliers / 304, 8 iterations
[INFO] [1790552569.458576084] [pose_estimator]: RPE: trans 0.1583 | rot 0.00558 (0.226 deg)
Matched 294 keypoints
[INFO] [1790552569.572541709] [pose_estimator]: RANSAC: 253 inliers / 294, 13 iterations
[INFO] [1790552569.572720334] [pose_estimator]: RPE: trans 0.1576 | rot 0.00597 (0.242 deg)
Matched 295 keypoints
[INFO] [1790552569.698222667] [pose_estimator]: RANSAC: 255 inliers / 295, 13 iterations
[INFO] [1790552569.699343125] [pose_estimator]: RPE: trans 0.5153 | rot 0.02361 (0.956 deg)
Matched 264 keypoints
[INFO] [1790552569.822372542] [pose_estimator]: RANSAC: 222 inliers / 264, 24 iterations
[INFO] [1790552569.822570917] [pose_estimator]: RPE: trans 0.0902 | rot 0.00391 (0.158 deg)
Matched 284 keypoints
[INFO] [1790552569.932894542] [pose_estimator]: RANSAC: 244 inliers / 284, 14 iterations
[INFO] [1790552569.933073250] [pose_estimator]: RPE: trans 0.4191 | rot 0.01706 (0.691 deg)
Matched 253 keypoints
[INFO] [1790552570.044962626] [pose_estimator]: RANSAC: 215 inliers / 253, 15 iterations
[INFO] [1790552570.047324126] [pose_estimator]: RPE: trans 0.1527 | rot 0.00796 (0.323 deg)
Matched 259 keypoints
[INFO] [1790552570.175834542] [pose_estimator]: RANSAC: 227 inliers / 259, 14 iterations
[INFO] [1790552570.187273084] [pose_estimator]: RPE: trans 0.4026 | rot 0.01149 (0.465 deg)
Matched 244 keypoints
[INFO] [1790552570.313263167] [pose_estimator]: RANSAC: 205 inliers / 244, 17 iterations
[INFO] [1790552570.313412251] [pose_estimator]: RPE: trans 0.2060 | rot 0.01150 (0.466 deg)
Matched 251 keypoints
[INFO] [1790552570.422970126] [pose_estimator]: RANSAC: 208 inliers / 251, 19 iterations
[INFO] [1790552570.423143042] [pose_estimator]: RPE: trans 0.0427 | rot 0.00090 (0.036 deg)
Matched 238 keypoints
[INFO] [1790552570.533581501] [pose_estimator]: RANSAC: 201 inliers / 238, 16 iterations
[INFO] [1790552570.535504126] [pose_estimator]: RPE: trans 0.2642 | rot 0.00768 (0.311 deg)
Matched 205 keypoints
[INFO] [1790552570.648384251] [pose_estimator]: RANSAC: 177 inliers / 205, 13 iterations
[INFO] [1790552570.649827917] [pose_estimator]: RPE: trans 0.1038 | rot 0.00477 (0.193 deg)
Matched 209 keypoints
[INFO] [1790552570.769589209] [pose_estimator]: RANSAC: 157 inliers / 209, 44 iterations
[INFO] [1790552570.769780459] [pose_estimator]: RPE: trans 0.2303 | rot 0.00386 (0.156 deg)
Matched 211 keypoints
[INFO] [1790552570.880055126] [pose_estimator]: RANSAC: 178 inliers / 211, 16 iterations
[INFO] [1790552570.880249876] [pose_estimator]: RPE: trans 0.2065 | rot 0.00879 (0.356 deg)
Matched 193 keypoints
[INFO] [1790552570.992804084] [pose_estimator]: RANSAC: 162 inliers / 193, 17 iterations
[INFO] [1790552570.993539168] [pose_estimator]: RPE: trans 0.0476 | rot 0.00243 (0.099 deg)
Matched 215 keypoints
[INFO] [1790552571.102963126] [pose_estimator]: RANSAC: 192 inliers / 215, 9 iterations
[INFO] [1790552571.107119709] [pose_estimator]: RPE: trans 0.1722 | rot 0.00553 (0.224 deg)
Matched 215 keypoints
[INFO] [1790552571.226500126] [pose_estimator]: RANSAC: 169 inliers / 215, 30 iterations
[INFO] [1790552571.226670334] [pose_estimator]: RPE: trans 0.2299 | rot 0.00674 (0.273 deg)
Matched 223 keypoints
[INFO] [1790552571.334797376] [pose_estimator]: RANSAC: 185 inliers / 223, 20 iterations
[INFO] [1790552571.336847126] [pose_estimator]: RPE: trans 0.1401 | rot 0.00399 (0.161 deg)
Matched 231 keypoints
[INFO] [1790552571.454685501] [pose_estimator]: RANSAC: 183 inliers / 231, 28 iterations
[INFO] [1790552571.469537001] [pose_estimator]: RPE: trans 0.2735 | rot 0.00801 (0.324 deg)
Matched 239 keypoints
[INFO] [1790552571.599617376] [pose_estimator]: RANSAC: 208 inliers / 239, 12 iterations
[INFO] [1790552571.599803376] [pose_estimator]: RPE: trans 0.0115 | rot 0.00209 (0.085 deg)
Matched 248 keypoints
[INFO] [1790552571.709946876] [pose_estimator]: RANSAC: 217 inliers / 248, 11 iterations
[INFO] [1790552571.710123543] [pose_estimator]: RPE: trans 0.1477 | rot 0.00331 (0.134 deg)
Matched 238 keypoints
[INFO] [1790552571.831944668] [pose_estimator]: RANSAC: 210 inliers / 238, 20 iterations
[INFO] [1790552571.837323668] [pose_estimator]: RPE: trans 0.1629 | rot 0.00542 (0.220 deg)
Matched 266 keypoints
[INFO] [1790552572.035023835] [pose_estimator]: RANSAC: 234 inliers / 266, 11 iterations
[INFO] [1790552572.039251668] [pose_estimator]: RPE: trans 0.0611 | rot 0.00076 (0.031 deg)
Matched 259 keypoints
[INFO] [1790552572.172280668] [pose_estimator]: RANSAC: 223 inliers / 259, 13 iterations
[INFO] [1790552572.172588043] [pose_estimator]: RPE: trans 0.1199 | rot 0.00690 (0.280 deg)
Matched 313 keypoints
[INFO] [1790552572.291895293] [pose_estimator]: RANSAC: 287 inliers / 313, 7 iterations
[INFO] [1790552572.292972335] [pose_estimator]: RPE: trans 0.2703 | rot 0.00801 (0.325 deg)
Matched 304 keypoints
[INFO] [1790552572.416272127] [pose_estimator]: RANSAC: 270 inliers / 304, 18 iterations
[INFO] [1790552572.416553710] [pose_estimator]: RPE: trans 0.1345 | rot 0.00399 (0.162 deg)
Matched 314 keypoints
[INFO] [1790552572.534622918] [pose_estimator]: RANSAC: 284 inliers / 314, 11 iterations
[INFO] [1790552572.534910877] [pose_estimator]: RPE: trans 0.0251 | rot 0.00207 (0.084 deg)
Matched 298 keypoints
[INFO] [1790552572.655272377] [pose_estimator]: RANSAC: 251 inliers / 298, 25 iterations
[INFO] [1790552572.656405877] [pose_estimator]: RPE: trans 0.0394 | rot 0.00272 (0.110 deg)
Matched 315 keypoints
[INFO] [1790552572.784058793] [pose_estimator]: RANSAC: 278 inliers / 315, 19 iterations
[INFO] [1790552572.784282293] [pose_estimator]: RPE: trans 0.5328 | rot 0.01071 (0.434 deg)
Matched 267 keypoints
[INFO] [1790552572.900572544] [pose_estimator]: RANSAC: 241 inliers / 267, 8 iterations
[INFO] [1790552572.900813127] [pose_estimator]: RPE: trans 0.0640 | rot 0.00319 (0.129 deg)
Matched 281 keypoints
[INFO] [1790552573.018658335] [pose_estimator]: RANSAC: 251 inliers / 281, 9 iterations
[INFO] [1790552573.018846002] [pose_estimator]: RPE: trans 0.0015 | rot 0.00032 (0.013 deg)
Matched 312 keypoints
[INFO] [1790552573.133533335] [pose_estimator]: RANSAC: 282 inliers / 312, 8 iterations
[INFO] [1790552573.133840585] [pose_estimator]: RPE: trans 0.0538 | rot 0.00193 (0.078 deg)
Matched 295 keypoints
[INFO] [1790552573.248963460] [pose_estimator]: RANSAC: 261 inliers / 295, 10 iterations
[INFO] [1790552573.249197585] [pose_estimator]: RPE: trans 0.1992 | rot 0.00991 (0.402 deg)
Matched 246 keypoints
[INFO] [1790552573.359866377] [pose_estimator]: RANSAC: 220 inliers / 246, 9 iterations
[INFO] [1790552573.360040377] [pose_estimator]: RPE: trans 0.0448 | rot 0.00303 (0.123 deg)
Matched 265 keypoints
[INFO] [1790552573.471160002] [pose_estimator]: RANSAC: 237 inliers / 265, 11 iterations
[INFO] [1790552573.471320377] [pose_estimator]: RPE: trans 0.0864 | rot 0.00678 (0.275 deg)
Matched 285 keypoints
[INFO] [1790552573.589850544] [pose_estimator]: RANSAC: 251 inliers / 285, 11 iterations
[INFO] [1790552573.593487252] [pose_estimator]: RPE: trans 0.1176 | rot 0.00433 (0.176 deg)
Matched 244 keypoints
[INFO] [1790552573.708606961] [pose_estimator]: RANSAC: 226 inliers / 244, 6 iterations
[INFO] [1790552573.708779669] [pose_estimator]: RPE: trans 0.0621 | rot 0.00587 (0.238 deg)
Matched 267 keypoints
[INFO] [1790552573.820072461] [pose_estimator]: RANSAC: 239 inliers / 267, 9 iterations
[INFO] [1790552573.820272086] [pose_estimator]: RPE: trans 0.0366 | rot 0.00295 (0.119 deg)
Matched 270 keypoints
[INFO] [1790552573.935110502] [pose_estimator]: RANSAC: 239 inliers / 270, 10 iterations
[INFO] [1790552573.937503169] [pose_estimator]: RPE: trans 0.0967 | rot 0.00237 (0.096 deg)
Matched 262 keypoints
[INFO] [1790552574.074577169] [pose_estimator]: RANSAC: 223 inliers / 262, 15 iterations
[INFO] [1790552574.078342502] [pose_estimator]: RPE: trans 0.1009 | rot 0.00611 (0.247 deg)
Matched 240 keypoints
[INFO] [1790552574.189815627] [pose_estimator]: RANSAC: 210 inliers / 240, 11 iterations
[INFO] [1790552574.190005419] [pose_estimator]: RPE: trans 0.1188 | rot 0.00718 (0.291 deg)
Matched 268 keypoints
[INFO] [1790552574.309452419] [pose_estimator]: RANSAC: 225 inliers / 268, 17 iterations
[INFO] [1790552574.309630836] [pose_estimator]: RPE: trans 0.1649 | rot 0.00596 (0.241 deg)
Matched 249 keypoints
[INFO] [1790552574.430087378] [pose_estimator]: RANSAC: 220 inliers / 249, 10 iterations
[INFO] [1790552574.430471378] [pose_estimator]: RPE: trans 0.1297 | rot 0.00643 (0.261 deg)
Matched 240 keypoints
[INFO] [1790552574.548646878] [pose_estimator]: RANSAC: 202 inliers / 240, 16 iterations
[INFO] [1790552574.548872294] [pose_estimator]: RPE: trans 0.0630 | rot 0.00223 (0.090 deg)
Matched 277 keypoints
[INFO] [1790552574.659903294] [pose_estimator]: RANSAC: 251 inliers / 277, 8 iterations
[INFO] [1790552574.660035294] [pose_estimator]: RPE: trans 0.4082 | rot 0.01232 (0.499 deg)
Matched 287 keypoints
[INFO] [1790552574.770556753] [pose_estimator]: RANSAC: 245 inliers / 287, 14 iterations
[INFO] [1790552574.770722461] [pose_estimator]: RPE: trans 1.5181 | rot 0.03595 (1.456 deg)
Matched 291 keypoints
[INFO] [1790552574.885358503] [pose_estimator]: RANSAC: 260 inliers / 291, 9 iterations
[INFO] [1790552574.885576878] [pose_estimator]: RPE: trans 0.2930 | rot 0.00408 (0.165 deg)
Matched 257 keypoints
[INFO] [1790552575.002511961] [pose_estimator]: RANSAC: 236 inliers / 257, 7 iterations
[INFO] [1790552575.002716378] [pose_estimator]: RPE: trans 0.1756 | rot 0.00631 (0.256 deg)
Matched 254 keypoints
[INFO] [1790552575.114361836] [pose_estimator]: RANSAC: 225 inliers / 254, 10 iterations
[INFO] [1790552575.114554128] [pose_estimator]: RPE: trans 0.0119 | rot 0.00101 (0.041 deg)
Matched 246 keypoints
[INFO] [1790552575.223561545] [pose_estimator]: RANSAC: 219 inliers / 246, 10 iterations
[INFO] [1790552575.225744461] [pose_estimator]: RPE: trans 0.0912 | rot 0.00319 (0.129 deg)
Matched 237 keypoints
[INFO] [1790552575.340064378] [pose_estimator]: RANSAC: 208 inliers / 237, 11 iterations
[INFO] [1790552575.340267461] [pose_estimator]: RPE: trans 0.0409 | rot 0.00264 (0.107 deg)
Matched 224 keypoints
[INFO] [1790552575.448156170] [pose_estimator]: RANSAC: 200 inliers / 224, 9 iterations
[INFO] [1790552575.448352211] [pose_estimator]: RPE: trans 0.0355 | rot 0.00199 (0.081 deg)
Matched 258 keypoints
[INFO] [1790552575.559042045] [pose_estimator]: RANSAC: 233 inliers / 258, 10 iterations
[INFO] [1790552575.559336795] [pose_estimator]: RPE: trans 0.2476 | rot 0.00933 (0.378 deg)
Matched 280 keypoints
[INFO] [1790552575.693233753] [pose_estimator]: RANSAC: 258 inliers / 280, 7 iterations
[INFO] [1790552575.694624170] [pose_estimator]: RPE: trans 0.1944 | rot 0.00513 (0.208 deg)
Matched 272 keypoints
[INFO] [1790552575.808936628] [pose_estimator]: RANSAC: 242 inliers / 272, 15 iterations
[INFO] [1790552575.809144503] [pose_estimator]: RPE: trans 0.1226 | rot 0.00540 (0.219 deg)
Matched 285 keypoints
[INFO] [1790552575.920788378] [pose_estimator]: RANSAC: 249 inliers / 285, 12 iterations
[INFO] [1790552575.920962420] [pose_estimator]: RPE: trans 0.2158 | rot 0.00841 (0.341 deg)
Matched 321 keypoints
[INFO] [1790552576.032897378] [pose_estimator]: RANSAC: 274 inliers / 321, 14 iterations
[INFO] [1790552576.033120503] [pose_estimator]: RPE: trans 0.1416 | rot 0.00451 (0.183 deg)
Matched 282 keypoints
[INFO] [1790552576.145911795] [pose_estimator]: RANSAC: 255 inliers / 282, 8 iterations
[INFO] [1790552576.147101212] [pose_estimator]: RPE: trans 0.1279 | rot 0.00320 (0.130 deg)
Matched 352 keypoints
[INFO] [1790552576.271459795] [pose_estimator]: RANSAC: 300 inliers / 352, 18 iterations
[INFO] [1790552576.271664670] [pose_estimator]: RPE: trans 0.2240 | rot 0.00515 (0.209 deg)
Matched 316 keypoints
[INFO] [1790552576.383526212] [pose_estimator]: RANSAC: 285 inliers / 316, 8 iterations
[INFO] [1790552576.383703962] [pose_estimator]: RPE: trans 0.2573 | rot 0.00945 (0.383 deg)
Matched 335 keypoints
[INFO] [1790552576.500596170] [pose_estimator]: RANSAC: 290 inliers / 335, 13 iterations
[INFO] [1790552576.507057462] [pose_estimator]: RPE: trans 0.1324 | rot 0.00635 (0.257 deg)
Matched 350 keypoints
[INFO] [1790552576.644977462] [pose_estimator]: RANSAC: 311 inliers / 350, 10 iterations
[INFO] [1790552576.645172420] [pose_estimator]: RPE: trans 0.2038 | rot 0.00835 (0.338 deg)
Matched 321 keypoints
[INFO] [1790552576.768626212] [pose_estimator]: RANSAC: 282 inliers / 321, 18 iterations
[INFO] [1790552576.768816795] [pose_estimator]: RPE: trans 0.1073 | rot 0.01066 (0.432 deg)
Matched 384 keypoints
[INFO] [1790552576.885903587] [pose_estimator]: RANSAC: 333 inliers / 384, 12 iterations
[INFO] [1790552576.886085879] [pose_estimator]: RPE: trans 0.4000 | rot 0.00877 (0.355 deg)
Matched 317 keypoints
[INFO] [1790552577.003458170] [pose_estimator]: RANSAC: 262 inliers / 317, 19 iterations
[INFO] [1790552577.003602462] [pose_estimator]: RPE: trans 0.0774 | rot 0.00292 (0.118 deg)
Matched 309 keypoints
[INFO] [1790552577.117331962] [pose_estimator]: RANSAC: 274 inliers / 309, 10 iterations
[INFO] [1790552577.117499962] [pose_estimator]: RPE: trans 0.0625 | rot 0.00455 (0.184 deg)
Matched 301 keypoints
[INFO] [1790552577.228294629] [pose_estimator]: RANSAC: 261 inliers / 301, 12 iterations
[INFO] [1790552577.228487587] [pose_estimator]: RPE: trans 0.1396 | rot 0.01938 (0.785 deg)
Matched 277 keypoints
[INFO] [1790552577.343157421] [pose_estimator]: RANSAC: 244 inliers / 277, 11 iterations
[INFO] [1790552577.343376337] [pose_estimator]: RPE: trans 0.0643 | rot 0.00092 (0.037 deg)
Matched 357 keypoints
[INFO] [1790552577.464876212] [pose_estimator]: RANSAC: 325 inliers / 357, 8 iterations
[INFO] [1790552577.467107629] [pose_estimator]: RPE: trans 0.0384 | rot 0.00530 (0.215 deg)
Matched 347 keypoints
[INFO] [1790552577.600041004] [pose_estimator]: RANSAC: 311 inliers / 347, 9 iterations
[INFO] [1790552577.600192087] [pose_estimator]: RPE: trans 0.2121 | rot 0.00720 (0.292 deg)
Matched 312 keypoints
[INFO] [1790552577.714639129] [pose_estimator]: RANSAC: 278 inliers / 312, 10 iterations
[INFO] [1790552577.714836296] [pose_estimator]: RPE: trans 0.0758 | rot 0.01875 (0.760 deg)
Matched 329 keypoints
[INFO] [1790552577.830946671] [pose_estimator]: RANSAC: 294 inliers / 329, 13 iterations
[INFO] [1790552577.831902588] [pose_estimator]: RPE: trans 0.0160 | rot 0.00141 (0.057 deg)
Matched 307 keypoints
[INFO] [1790552577.949494838] [pose_estimator]: RANSAC: 264 inliers / 307, 13 iterations
[INFO] [1790552577.949699088] [pose_estimator]: RPE: trans 0.1369 | rot 0.00372 (0.151 deg)
Matched 372 keypoints
[INFO] [1790552578.068124379] [pose_estimator]: RANSAC: 341 inliers / 372, 7 iterations
[INFO] [1790552578.068295213] [pose_estimator]: RPE: trans 0.1110 | rot 0.00471 (0.191 deg)
Matched 384 keypoints
[INFO] [1790552578.188104046] [pose_estimator]: RANSAC: 345 inliers / 384, 9 iterations
[INFO] [1790552578.189697046] [pose_estimator]: RPE: trans 0.1747 | rot 0.01518 (0.615 deg)
Matched 331 keypoints
[INFO] [1790552578.325632588] [pose_estimator]: RANSAC: 292 inliers / 331, 11 iterations
[INFO] [1790552578.326506338] [pose_estimator]: RPE: trans 0.1829 | rot 0.00597 (0.242 deg)
Matched 353 keypoints
[INFO] [1790552578.452436005] [pose_estimator]: RANSAC: 308 inliers / 353, 12 iterations
[INFO] [1790552578.452627296] [pose_estimator]: RPE: trans 0.0828 | rot 0.00483 (0.196 deg)
Matched 391 keypoints
[INFO] [1790552578.568016963] [pose_estimator]: RANSAC: 336 inliers / 391, 14 iterations
[INFO] [1790552578.568198880] [pose_estimator]: RPE: trans 0.2134 | rot 0.00539 (0.218 deg)
Matched 382 keypoints
[INFO] [1790552578.691292630] [pose_estimator]: RANSAC: 337 inliers / 382, 11 iterations
[INFO] [1790552578.692732005] [pose_estimator]: RPE: trans 1.6867 | rot 0.01521 (0.616 deg)
Matched 334 keypoints
[INFO] [1790552578.827204921] [pose_estimator]: RANSAC: 297 inliers / 334, 10 iterations
[INFO] [1790552578.827379796] [pose_estimator]: RPE: trans 0.3418 | rot 0.01250 (0.506 deg)
Matched 368 keypoints
[INFO] [1790552578.948792713] [pose_estimator]: RANSAC: 328 inliers / 368, 10 iterations
[INFO] [1790552578.948969338] [pose_estimator]: RPE: trans 0.2494 | rot 0.01540 (0.624 deg)
Matched 357 keypoints
[INFO] [1790552579.065977463] [pose_estimator]: RANSAC: 302 inliers / 357, 29 iterations
[INFO] [1790552579.066905213] [pose_estimator]: RPE: trans 0.2146 | rot 0.00484 (0.196 deg)
Matched 356 keypoints
[INFO] [1790552579.187909422] [pose_estimator]: RANSAC: 293 inliers / 356, 20 iterations
[INFO] [1790552579.190888463] [pose_estimator]: RPE: trans 0.0937 | rot 0.00473 (0.192 deg)
Matched 344 keypoints
[INFO] [1790552579.309956380] [pose_estimator]: RANSAC: 309 inliers / 344, 11 iterations
[INFO] [1790552579.310139047] [pose_estimator]: RPE: trans 0.0399 | rot 0.00070 (0.028 deg)
Matched 355 keypoints
[INFO] [1790552579.423460422] [pose_estimator]: RANSAC: 314 inliers / 355, 10 iterations
[INFO] [1790552579.423603422] [pose_estimator]: RPE: trans 0.0751 | rot 0.00604 (0.245 deg)
Matched 366 keypoints
[INFO] [1790552579.540476713] [pose_estimator]: RANSAC: 315 inliers / 366, 15 iterations
[INFO] [1790552579.541583297] [pose_estimator]: RPE: trans 0.1036 | rot 0.00409 (0.166 deg)
Matched 359 keypoints
[INFO] [1790552579.660940338] [pose_estimator]: RANSAC: 302 inliers / 359, 16 iterations
[INFO] [1790552579.661114130] [pose_estimator]: RPE: trans 0.1600 | rot 0.01010 (0.409 deg)
Matched 370 keypoints
[INFO] [1790552579.779013672] [pose_estimator]: RANSAC: 316 inliers / 370, 14 iterations
[INFO] [1790552579.779213588] [pose_estimator]: RPE: trans 0.1503 | rot 0.01463 (0.593 deg)
Matched 354 keypoints
[INFO] [1790552579.902834380] [pose_estimator]: RANSAC: 313 inliers / 354, 10 iterations
[INFO] [1790552579.912802214] [pose_estimator]: RPE: trans 0.1944 | rot 0.00435 (0.176 deg)
Matched 367 keypoints
[INFO] [1790552580.062242589] [pose_estimator]: RANSAC: 335 inliers / 367, 15 iterations
[INFO] [1790552580.066990380] [pose_estimator]: RPE: trans 0.1567 | rot 0.00742 (0.301 deg)
Matched 414 keypoints
[INFO] [1790552580.191239964] [pose_estimator]: RANSAC: 363 inliers / 414, 13 iterations
[INFO] [1790552580.204204839] [pose_estimator]: RPE: trans 0.1779 | rot 0.00376 (0.152 deg)
Matched 342 keypoints
[INFO] [1790552580.326495505] [pose_estimator]: RANSAC: 301 inliers / 342, 15 iterations
[INFO] [1790552580.326646630] [pose_estimator]: RPE: trans 0.0827 | rot 0.00496 (0.201 deg)
Matched 441 keypoints
[INFO] [1790552580.450127464] [pose_estimator]: RANSAC: 376 inliers / 441, 15 iterations
[INFO] [1790552580.450512297] [pose_estimator]: RPE: trans 0.3868 | rot 0.00574 (0.233 deg)
Matched 428 keypoints
[INFO] [1790552580.577003672] [pose_estimator]: RANSAC: 374 inliers / 428, 12 iterations
[INFO] [1790552580.577173089] [pose_estimator]: RPE: trans 1.8266 | rot 0.01780 (0.721 deg)
Matched 369 keypoints
[INFO] [1790552580.696391506] [pose_estimator]: RANSAC: 332 inliers / 369, 9 iterations
[INFO] [1790552580.696581506] [pose_estimator]: RPE: trans 0.2248 | rot 0.00649 (0.263 deg)
Matched 419 keypoints
[INFO] [1790552580.820303964] [pose_estimator]: RANSAC: 370 inliers / 419, 13 iterations
[INFO] [1790552580.821904756] [pose_estimator]: RPE: trans 0.2730 | rot 0.00553 (0.224 deg)
Matched 425 keypoints
[INFO] [1790552580.971398422] [pose_estimator]: RANSAC: 375 inliers / 425, 11 iterations
[INFO] [1790552580.978451089] [pose_estimator]: RPE: trans 1.8138 | rot 0.01443 (0.584 deg)
Matched 379 keypoints
[INFO] [1790552581.108551006] [pose_estimator]: RANSAC: 332 inliers / 379, 15 iterations
[INFO] [1790552581.108733422] [pose_estimator]: RPE: trans 0.4436 | rot 0.01605 (0.650 deg)
Matched 404 keypoints
[INFO] [1790552581.234792089] [pose_estimator]: RANSAC: 356 inliers / 404, 17 iterations
[INFO] [1790552581.236198923] [pose_estimator]: RPE: trans 0.5129 | rot 0.01142 (0.463 deg)
Matched 424 keypoints
[INFO] [1790552581.364968381] [pose_estimator]: RANSAC: 379 inliers / 424, 11 iterations
[INFO] [1790552581.366343131] [pose_estimator]: RPE: trans 0.4580 | rot 0.01563 (0.633 deg)
Matched 418 keypoints
[INFO] [1790552581.488898839] [pose_estimator]: RANSAC: 375 inliers / 418, 9 iterations
[INFO] [1790552581.489077464] [pose_estimator]: RPE: trans 1.9765 | rot 0.01373 (0.556 deg)
Matched 443 keypoints
[INFO] [1790552581.615091048] [pose_estimator]: RANSAC: 411 inliers / 443, 6 iterations
[INFO] [1790552581.615241756] [pose_estimator]: RPE: trans 1.3680 | rot 0.02266 (0.918 deg)
Matched 424 keypoints
[INFO] [1790552581.746039589] [pose_estimator]: RANSAC: 396 inliers / 424, 7 iterations
[INFO] [1790552581.750301506] [pose_estimator]: RPE: trans 0.8627 | rot 0.01265 (0.513 deg)
Matched 414 keypoints
[INFO] [1790552581.872374923] [pose_estimator]: RANSAC: 373 inliers / 414, 9 iterations
[INFO] [1790552581.872555464] [pose_estimator]: RPE: trans 0.8755 | rot 0.01070 (0.434 deg)
Matched 435 keypoints
[INFO] [1790552581.994886506] [pose_estimator]: RANSAC: 417 inliers / 435, 4 iterations
[INFO] [1790552581.995064423] [pose_estimator]: RPE: trans 0.8414 | rot 0.00864 (0.350 deg)
Matched 414 keypoints
[INFO] [1790552582.116028340] [pose_estimator]: RANSAC: 385 inliers / 414, 6 iterations
[INFO] [1790552582.116802340] [pose_estimator]: RPE: trans 0.7208 | rot 0.01352 (0.548 deg)
Matched 395 keypoints
[INFO] [1790552582.241594381] [pose_estimator]: RANSAC: 363 inliers / 395, 7 iterations
[INFO] [1790552582.241787256] [pose_estimator]: RPE: trans 0.8890 | rot 0.00900 (0.365 deg)
Matched 430 keypoints
[INFO] [1790552582.414783881] [pose_estimator]: RANSAC: 399 inliers / 430, 6 iterations
[INFO] [1790552582.414968298] [pose_estimator]: RPE: trans 0.8496 | rot 0.01448 (0.587 deg)
Matched 403 keypoints
[INFO] [1790552582.542331506] [pose_estimator]: RANSAC: 352 inliers / 403, 12 iterations
[INFO] [1790552582.544041965] [pose_estimator]: RPE: trans 0.6219 | rot 0.01504 (0.609 deg)
Matched 411 keypoints
[INFO] [1790552582.666686340] [pose_estimator]: RANSAC: 362 inliers / 411, 18 iterations
[INFO] [1790552582.668691340] [pose_estimator]: RPE: trans 0.8967 | rot 0.01583 (0.641 deg)
Matched 398 keypoints
[INFO] [1790552582.794815173] [pose_estimator]: RANSAC: 359 inliers / 398, 8 iterations
[INFO] [1790552582.794994965] [pose_estimator]: RPE: trans 0.8033 | rot 0.01410 (0.571 deg)
Matched 432 keypoints
[INFO] [1790552582.917736840] [pose_estimator]: RANSAC: 373 inliers / 432, 13 iterations
[INFO] [1790552582.917929882] [pose_estimator]: RPE: trans 0.9147 | rot 0.02143 (0.868 deg)
Matched 444 keypoints
[INFO] [1790552583.068680507] [pose_estimator]: RANSAC: 384 inliers / 444, 13 iterations
[INFO] [1790552583.069855757] [pose_estimator]: RPE: trans 0.4965 | rot 0.01026 (0.416 deg)
Matched 393 keypoints
[INFO] [1790552583.201263340] [pose_estimator]: RANSAC: 332 inliers / 393, 16 iterations
[INFO] [1790552583.201420090] [pose_estimator]: RPE: trans 0.0551 | rot 0.00131 (0.053 deg)
Matched 429 keypoints
[INFO] [1790552583.323290549] [pose_estimator]: RANSAC: 376 inliers / 429, 11 iterations
[INFO] [1790552583.323472632] [pose_estimator]: RPE: trans 0.6756 | rot 0.01834 (0.743 deg)
Matched 442 keypoints
[INFO] [1790552583.448459590] [pose_estimator]: RANSAC: 385 inliers / 442, 12 iterations
[INFO] [1790552583.450182924] [pose_estimator]: RPE: trans 0.7078 | rot 0.01319 (0.534 deg)
Matched 426 keypoints
[INFO] [1790552583.589340674] [pose_estimator]: RANSAC: 376 inliers / 426, 11 iterations
[INFO] [1790552583.589503507] [pose_estimator]: RPE: trans 0.7426 | rot 0.01129 (0.458 deg)
Matched 455 keypoints
[INFO] [1790552583.718517882] [pose_estimator]: RANSAC: 377 inliers / 455, 19 iterations
[INFO] [1790552583.718706257] [pose_estimator]: RPE: trans 0.4395 | rot 0.00607 (0.246 deg)
Matched 403 keypoints
[INFO] [1790552583.847008715] [pose_estimator]: RANSAC: 359 inliers / 403, 10 iterations
[INFO] [1790552583.850556132] [pose_estimator]: RPE: trans 0.7714 | rot 0.01404 (0.569 deg)
Matched 353 keypoints
[INFO] [1790552583.995136424] [pose_estimator]: RANSAC: 297 inliers / 353, 16 iterations
[INFO] [1790552583.996630049] [pose_estimator]: RPE: trans 0.4666 | rot 0.01378 (0.558 deg)
Matched 355 keypoints
[INFO] [1790552584.122985466] [pose_estimator]: RANSAC: 292 inliers / 355, 20 iterations
[INFO] [1790552584.123153216] [pose_estimator]: RPE: trans 0.6124 | rot 0.01616 (0.655 deg)
Matched 393 keypoints
[INFO] [1790552584.266786174] [pose_estimator]: RANSAC: 361 inliers / 393, 7 iterations
[INFO] [1790552584.268365382] [pose_estimator]: RPE: trans 1.2645 | rot 0.01510 (0.612 deg)
Matched 366 keypoints
[INFO] [1790552584.400211091] [pose_estimator]: RANSAC: 303 inliers / 366, 20 iterations
[INFO] [1790552584.400570632] [pose_estimator]: RPE: trans 0.3409 | rot 0.00817 (0.331 deg)
Matched 364 keypoints
[INFO] [1790552584.525342882] [pose_estimator]: RANSAC: 310 inliers / 364, 16 iterations
[INFO] [1790552584.525514299] [pose_estimator]: RPE: trans 1.2666 | rot 0.03664 (1.484 deg)
Matched 342 keypoints
[INFO] [1790552584.645135757] [pose_estimator]: RANSAC: 285 inliers / 342, 18 iterations
[INFO] [1790552584.645324632] [pose_estimator]: RPE: trans 1.2595 | rot 0.04253 (1.723 deg)
Matched 303 keypoints
[INFO] [1790552584.771129091] [pose_estimator]: RANSAC: 248 inliers / 303, 21 iterations
[INFO] [1790552584.773950216] [pose_estimator]: RPE: trans 0.1295 | rot 0.00220 (0.089 deg)
Matched 321 keypoints
[INFO] [1790552584.893548883] [pose_estimator]: RANSAC: 253 inliers / 321, 29 iterations
[INFO] [1790552584.893715549] [pose_estimator]: RPE: trans 0.0805 | rot 0.00217 (0.088 deg)
Matched 304 keypoints
[INFO] [1790552585.007526883] [pose_estimator]: RANSAC: 258 inliers / 304, 15 iterations
[INFO] [1790552585.007704133] [pose_estimator]: RPE: trans 0.4011 | rot 0.01363 (0.552 deg)
Matched 359 keypoints
[INFO] [1790552585.127621633] [pose_estimator]: RANSAC: 313 inliers / 359, 12 iterations
[INFO] [1790552585.128981549] [pose_estimator]: RPE: trans 0.7220 | rot 0.01858 (0.753 deg)
Matched 341 keypoints
[INFO] [1790552585.252462841] [pose_estimator]: RANSAC: 294 inliers / 341, 13 iterations
[INFO] [1790552585.272090966] [pose_estimator]: RPE: trans 0.2136 | rot 0.00559 (0.226 deg)
Matched 359 keypoints
[INFO] [1790552585.395484799] [pose_estimator]: RANSAC: 325 inliers / 359, 8 iterations
[INFO] [1790552585.395644216] [pose_estimator]: RPE: trans 1.3603 | rot 0.03517 (1.425 deg)
Matched 330 keypoints
[INFO] [1790552585.512484966] [pose_estimator]: RANSAC: 277 inliers / 330, 26 iterations
[INFO] [1790552585.512663675] [pose_estimator]: RPE: trans 0.0718 | rot 0.00178 (0.072 deg)
Matched 341 keypoints
[INFO] [1790552585.636718508] [pose_estimator]: RANSAC: 308 inliers / 341, 8 iterations
[INFO] [1790552585.648564550] [pose_estimator]: RPE: trans 1.2927 | rot 0.03510 (1.422 deg)
Matched 351 keypoints
[INFO] [1790552585.780528550] [pose_estimator]: RANSAC: 289 inliers / 351, 20 iterations
[INFO] [1790552585.780811508] [pose_estimator]: RPE: trans 1.0371 | rot 0.01912 (0.775 deg)
Matched 328 keypoints
[INFO] [1790552585.895129508] [pose_estimator]: RANSAC: 272 inliers / 328, 21 iterations
[INFO] [1790552585.895317216] [pose_estimator]: RPE: trans 0.1418 | rot 0.00309 (0.125 deg)
Matched 329 keypoints
[INFO] [1790552586.008867716] [pose_estimator]: RANSAC: 286 inliers / 329, 12 iterations
[INFO] [1790552586.010825050] [pose_estimator]: RPE: trans 0.5015 | rot 0.00781 (0.316 deg)
Matched 317 keypoints
[INFO] [1790552586.132693508] [pose_estimator]: RANSAC: 269 inliers / 317, 15 iterations
[INFO] [1790552586.133275383] [pose_estimator]: RPE: trans 0.1043 | rot 0.00208 (0.084 deg)
Matched 343 keypoints
[INFO] [1790552586.253249217] [pose_estimator]: RANSAC: 293 inliers / 343, 14 iterations
[INFO] [1790552586.253442342] [pose_estimator]: RPE: trans 0.4589 | rot 0.01130 (0.458 deg)
Matched 367 keypoints
[INFO] [1790552586.380782758] [pose_estimator]: RANSAC: 337 inliers / 367, 8 iterations
[INFO] [1790552586.380995092] [pose_estimator]: RPE: trans 1.3444 | rot 0.01522 (0.617 deg)
Matched 344 keypoints
[INFO] [1790552586.517058550] [pose_estimator]: RANSAC: 309 inliers / 344, 11 iterations
[INFO] [1790552586.518508092] [pose_estimator]: RPE: trans 0.8995 | rot 0.02258 (0.915 deg)
Matched 337 keypoints
[INFO] [1790552586.637431050] [pose_estimator]: RANSAC: 288 inliers / 337, 14 iterations
[INFO] [1790552586.638270092] [pose_estimator]: RPE: trans 0.6184 | rot 0.00863 (0.349 deg)
Matched 322 keypoints
[INFO] [1790552586.764192925] [pose_estimator]: RANSAC: 280 inliers / 322, 12 iterations
[INFO] [1790552586.764354342] [pose_estimator]: RPE: trans 0.7710 | rot 0.01110 (0.450 deg)
Matched 317 keypoints
[INFO] [1790552586.880349550] [pose_estimator]: RANSAC: 273 inliers / 317, 13 iterations
[INFO] [1790552586.883307925] [pose_estimator]: RPE: trans 1.3728 | rot 0.03677 (1.490 deg)
Matched 311 keypoints
[INFO] [1790552587.004527509] [pose_estimator]: RANSAC: 268 inliers / 311, 13 iterations
[INFO] [1790552587.020133384] [pose_estimator]: RPE: trans 0.5244 | rot 0.01420 (0.575 deg)
Matched 328 keypoints
[INFO] [1790552587.147073800] [pose_estimator]: RANSAC: 280 inliers / 328, 14 iterations
[INFO] [1790552587.147255925] [pose_estimator]: RPE: trans 0.6809 | rot 0.00949 (0.385 deg)
Matched 320 keypoints
[INFO] [1790552587.263793675] [pose_estimator]: RANSAC: 281 inliers / 320, 11 iterations
[INFO] [1790552587.263939675] [pose_estimator]: RPE: trans 0.5863 | rot 0.01046 (0.424 deg)
Matched 319 keypoints
[INFO] [1790552587.380569217] [pose_estimator]: RANSAC: 253 inliers / 319, 28 iterations
[INFO] [1790552587.383246884] [pose_estimator]: RPE: trans 1.1473 | rot 0.04535 (1.838 deg)
Matched 287 keypoints
[INFO] [1790552587.500885717] [pose_estimator]: RANSAC: 247 inliers / 287, 13 iterations
[INFO] [1790552587.501049259] [pose_estimator]: RPE: trans 0.2185 | rot 0.00296 (0.120 deg)
Matched 303 keypoints
[INFO] [1790552587.615476509] [pose_estimator]: RANSAC: 253 inliers / 303, 18 iterations
[INFO] [1790552587.615662467] [pose_estimator]: RPE: trans 0.0700 | rot 0.00212 (0.086 deg)
Matched 290 keypoints
[INFO] [1790552587.734906301] [pose_estimator]: RANSAC: 239 inliers / 290, 20 iterations
[INFO] [1790552587.737168134] [pose_estimator]: RPE: trans 0.1665 | rot 0.00360 (0.146 deg)
Matched 274 keypoints
[INFO] [1790552587.852661467] [pose_estimator]: RANSAC: 233 inliers / 274, 16 iterations
[INFO] [1790552587.862130176] [pose_estimator]: RPE: trans 0.2215 | rot 0.00482 (0.195 deg)
Matched 253 keypoints
[INFO] [1790552587.999412634] [pose_estimator]: RANSAC: 224 inliers / 253, 10 iterations
[INFO] [1790552587.999577551] [pose_estimator]: RPE: trans 0.2893 | rot 0.00682 (0.276 deg)
Matched 277 keypoints
[INFO] [1790552588.108784842] [pose_estimator]: RANSAC: 248 inliers / 277, 9 iterations
[INFO] [1790552588.109021217] [pose_estimator]: RPE: trans 1.0082 | rot 0.03206 (1.299 deg)
Matched 266 keypoints
[INFO] [1790552588.224498843] [pose_estimator]: RANSAC: 243 inliers / 266, 10 iterations
[INFO] [1790552588.226374509] [pose_estimator]: RPE: trans 1.0864 | rot 0.01522 (0.616 deg)
Matched 262 keypoints
[INFO] [1790552588.352155884] [pose_estimator]: RANSAC: 213 inliers / 262, 22 iterations
[INFO] [1790552588.352465426] [pose_estimator]: RPE: trans 1.0819 | rot 0.03738 (1.515 deg)
Matched 265 keypoints
[INFO] [1790552588.471438926] [pose_estimator]: RANSAC: 223 inliers / 265, 16 iterations
[INFO] [1790552588.471621343] [pose_estimator]: RPE: trans 0.9883 | rot 0.01147 (0.465 deg)
Matched 266 keypoints
[INFO] [1790552588.586955176] [pose_estimator]: RANSAC: 222 inliers / 266, 18 iterations
[INFO] [1790552588.587169843] [pose_estimator]: RPE: trans 0.8521 | rot 0.03161 (1.281 deg)
Matched 225 keypoints
[INFO] [1790552588.709224426] [pose_estimator]: RANSAC: 189 inliers / 225, 17 iterations
[INFO] [1790552588.710349551] [pose_estimator]: RPE: trans 0.2065 | rot 0.00346 (0.140 deg)
Matched 274 keypoints
[INFO] [1790552588.828506426] [pose_estimator]: RANSAC: 237 inliers / 274, 13 iterations
[INFO] [1790552588.828729718] [pose_estimator]: RPE: trans 0.2792 | rot 0.00577 (0.234 deg)
Matched 239 keypoints
[INFO] [1790552588.941440218] [pose_estimator]: RANSAC: 188 inliers / 239, 30 iterations
[INFO] [1790552588.941624051] [pose_estimator]: RPE: trans 0.0126 | rot 0.00046 (0.019 deg)
Matched 243 keypoints
[INFO] [1790552589.050603301] [pose_estimator]: RANSAC: 213 inliers / 243, 12 iterations
[INFO] [1790552589.053538885] [pose_estimator]: RPE: trans 0.8656 | rot 0.01431 (0.580 deg)
Matched 254 keypoints
[INFO] [1790552589.170880801] [pose_estimator]: RANSAC: 207 inliers / 254, 22 iterations
[INFO] [1790552589.172350010] [pose_estimator]: RPE: trans 0.2474 | rot 0.00344 (0.139 deg)
Matched 250 keypoints
[INFO] [1790552589.284365135] [pose_estimator]: RANSAC: 221 inliers / 250, 13 iterations
[INFO] [1790552589.284538093] [pose_estimator]: RPE: trans 1.0097 | rot 0.02118 (0.858 deg)
Matched 231 keypoints
[INFO] [1790552589.394682051] [pose_estimator]: RANSAC: 183 inliers / 231, 28 iterations
[INFO] [1790552589.394846051] [pose_estimator]: RPE: trans 0.2639 | rot 0.00762 (0.309 deg)
Matched 259 keypoints
[INFO] [1790552589.516252468] [pose_estimator]: RANSAC: 221 inliers / 259, 16 iterations
[INFO] [1790552589.519331760] [pose_estimator]: RPE: trans 0.4450 | rot 0.00849 (0.344 deg)
Matched 272 keypoints
[INFO] [1790552589.635437635] [pose_estimator]: RANSAC: 237 inliers / 272, 12 iterations
[INFO] [1790552589.635601552] [pose_estimator]: RPE: trans 1.1190 | rot 0.02005 (0.812 deg)
Matched 225 keypoints
[INFO] [1790552589.747089885] [pose_estimator]: RANSAC: 187 inliers / 225, 18 iterations
[INFO] [1790552589.747273552] [pose_estimator]: RPE: trans 0.1089 | rot 0.00261 (0.106 deg)
Matched 241 keypoints
[INFO] [1790552589.860667302] [pose_estimator]: RANSAC: 205 inliers / 241, 15 iterations
[INFO] [1790552589.860841052] [pose_estimator]: RPE: trans 0.9185 | rot 0.01403 (0.568 deg)
Matched 265 keypoints
[INFO] [1790552589.977668218] [pose_estimator]: RANSAC: 227 inliers / 265, 14 iterations
[INFO] [1790552589.980569177] [pose_estimator]: RPE: trans 0.9547 | rot 0.00931 (0.377 deg)
Matched 232 keypoints
[INFO] [1790552590.095123760] [pose_estimator]: RANSAC: 185 inliers / 232, 26 iterations
[INFO] [1790552590.095322343] [pose_estimator]: RPE: trans 1.0861 | rot 0.03548 (1.437 deg)
Matched 225 keypoints
[INFO] [1790552590.212590218] [pose_estimator]: RANSAC: 194 inliers / 225, 13 iterations
[INFO] [1790552590.212760927] [pose_estimator]: RPE: trans 0.1953 | rot 0.00384 (0.155 deg)
Matched 223 keypoints
[INFO] [1790552590.322239719] [pose_estimator]: RANSAC: 194 inliers / 223, 12 iterations
[INFO] [1790552590.323570094] [pose_estimator]: RPE: trans 0.5152 | rot 0.01039 (0.421 deg)
Matched 206 keypoints
[INFO] [1790552590.441767094] [pose_estimator]: RANSAC: 167 inliers / 206, 23 iterations
[INFO] [1790552590.442169469] [pose_estimator]: RPE: trans 0.4617 | rot 0.01369 (0.555 deg)
Matched 186 keypoints
[INFO] [1790552590.570030552] [pose_estimator]: RANSAC: 153 inliers / 186, 20 iterations
[INFO] [1790552590.570205010] [pose_estimator]: RPE: trans 1.0004 | rot 0.02973 (1.205 deg)
Matched 184 keypoints
[INFO] [1790552590.673697927] [pose_estimator]: RANSAC: 165 inliers / 184, 9 iterations
[INFO] [1790552590.673863927] [pose_estimator]: RPE: trans 1.0406 | rot 0.02176 (0.882 deg)
Matched 194 keypoints
[INFO] [1790552590.780185510] [pose_estimator]: RANSAC: 168 inliers / 194, 13 iterations
[INFO] [1790552590.781916385] [pose_estimator]: RPE: trans 1.1664 | rot 0.02107 (0.854 deg)
Matched 195 keypoints
[INFO] [1790552590.891316552] [pose_estimator]: RANSAC: 160 inliers / 195, 21 iterations
[INFO] [1790552590.891504219] [pose_estimator]: RPE: trans 0.9298 | rot 0.01839 (0.745 deg)
Matched 221 keypoints
[INFO] [1790552590.998860719] [pose_estimator]: RANSAC: 188 inliers / 221, 15 iterations
[INFO] [1790552590.999036719] [pose_estimator]: RPE: trans 0.7807 | rot 0.01431 (0.580 deg)
Matched 205 keypoints
[INFO] [1790552591.106229802] [pose_estimator]: RANSAC: 167 inliers / 205, 22 iterations
[INFO] [1790552591.106400636] [pose_estimator]: RPE: trans 1.1483 | rot 0.01571 (0.637 deg)
Matched 220 keypoints
[INFO] [1790552591.229704177] [pose_estimator]: RANSAC: 198 inliers / 220, 9 iterations
[INFO] [1790552591.249849677] [pose_estimator]: RPE: trans 1.2094 | rot 0.01353 (0.548 deg)
Matched 183 keypoints
[INFO] [1790552591.369453261] [pose_estimator]: RANSAC: 157 inliers / 183, 14 iterations
[INFO] [1790552591.371058386] [pose_estimator]: RPE: trans 0.8902 | rot 0.01833 (0.743 deg)
Matched 204 keypoints
[INFO] [1790552591.483665261] [pose_estimator]: RANSAC: 176 inliers / 204, 13 iterations
[INFO] [1790552591.483831469] [pose_estimator]: RPE: trans 0.6528 | rot 0.01323 (0.536 deg)
Matched 192 keypoints
[INFO] [1790552591.588546719] [pose_estimator]: RANSAC: 165 inliers / 192, 14 iterations
[INFO] [1790552591.588715052] [pose_estimator]: RPE: trans 0.7339 | rot 0.01529 (0.619 deg)
Matched 200 keypoints
[INFO] [1790552591.694217844] [pose_estimator]: RANSAC: 179 inliers / 200, 9 iterations
[INFO] [1790552591.694806677] [pose_estimator]: RPE: trans 0.8600 | rot 0.00784 (0.318 deg)
Matched 192 keypoints
[INFO] [1790552591.801476428] [pose_estimator]: RANSAC: 167 inliers / 192, 12 iterations
[INFO] [1790552591.803790844] [pose_estimator]: RPE: trans 0.9388 | rot 0.01063 (0.431 deg)
Matched 190 keypoints
[INFO] [1790552591.916038219] [pose_estimator]: RANSAC: 164 inliers / 190, 13 iterations
[INFO] [1790552591.918321678] [pose_estimator]: RPE: trans 0.9636 | rot 0.01327 (0.538 deg)
Matched 183 keypoints
[INFO] [1790552592.025705511] [pose_estimator]: RANSAC: 161 inliers / 183, 11 iterations
[INFO] [1790552592.025879511] [pose_estimator]: RPE: trans 1.0931 | rot 0.01298 (0.526 deg)
Matched 175 keypoints
[INFO] [1790552592.165599844] [pose_estimator]: RANSAC: 149 inliers / 175, 15 iterations
[INFO] [1790552592.167813719] [pose_estimator]: RPE: trans 0.7870 | rot 0.01186 (0.481 deg)
Matched 170 keypoints
[INFO] [1790552592.275526803] [pose_estimator]: RANSAC: 144 inliers / 170, 15 iterations
[INFO] [1790552592.278822303] [pose_estimator]: RPE: trans 0.6509 | rot 0.01418 (0.574 deg)
Matched 182 keypoints
[INFO] [1790552592.390852844] [pose_estimator]: RANSAC: 157 inliers / 182, 13 iterations
[INFO] [1790552592.391036344] [pose_estimator]: RPE: trans 1.2061 | rot 0.02046 (0.829 deg)
Matched 182 keypoints
[INFO] [1790552592.499358428] [pose_estimator]: RANSAC: 165 inliers / 182, 8 iterations
[INFO] [1790552592.509682970] [pose_estimator]: RPE: trans 0.9895 | rot 0.00926 (0.375 deg)
Matched 167 keypoints
[INFO] [1790552592.627724761] [pose_estimator]: RANSAC: 141 inliers / 167, 16 iterations
[INFO] [1790552592.630443511] [pose_estimator]: RPE: trans 1.0653 | rot 0.01251 (0.507 deg)
Matched 155 keypoints
[INFO] [1790552592.734131761] [pose_estimator]: RANSAC: 129 inliers / 155, 18 iterations
[INFO] [1790552592.734301803] [pose_estimator]: RPE: trans 0.8260 | rot 0.01390 (0.563 deg)
Matched 151 keypoints
[INFO] [1790552592.833866220] [pose_estimator]: RANSAC: 129 inliers / 151, 14 iterations
[INFO] [1790552592.834048470] [pose_estimator]: RPE: trans 1.0936 | rot 0.01073 (0.435 deg)
Matched 145 keypoints
[INFO] [1790552592.935834511] [pose_estimator]: RANSAC: 127 inliers / 145, 11 iterations
[INFO] [1790552592.939396386] [pose_estimator]: RPE: trans 1.1308 | rot 0.01178 (0.477 deg)
Matched 154 keypoints
[INFO] [1790552593.046612720] [pose_estimator]: RANSAC: 129 inliers / 154, 17 iterations
[INFO] [1790552593.048757136] [pose_estimator]: RPE: trans 0.9942 | rot 0.00811 (0.328 deg)
Matched 132 keypoints
[INFO] [1790552593.152413512] [pose_estimator]: RANSAC: 102 inliers / 132, 34 iterations
[INFO] [1790552593.152581928] [pose_estimator]: RPE: trans 0.7030 | rot 0.01303 (0.528 deg)
Matched 128 keypoints
[INFO] [1790552593.250512928] [pose_estimator]: RANSAC: 115 inliers / 128, 9 iterations
[INFO] [1790552593.250689387] [pose_estimator]: RPE: trans 0.7905 | rot 0.00614 (0.249 deg)
Matched 128 keypoints
[INFO] [1790552593.360607720] [pose_estimator]: RANSAC: 108 inliers / 128, 16 iterations
[INFO] [1790552593.360957303] [pose_estimator]: RPE: trans 1.0620 | rot 0.02014 (0.816 deg)
Matched 117 keypoints
[INFO] [1790552593.463959678] [pose_estimator]: RANSAC: 104 inliers / 117, 10 iterations
[INFO] [1790552593.465667637] [pose_estimator]: RPE: trans 0.4317 | rot 0.00956 (0.387 deg)
Matched 135 keypoints
[INFO] [1790552593.570555178] [pose_estimator]: RANSAC: 113 inliers / 135, 17 iterations
[INFO] [1790552593.570730387] [pose_estimator]: RPE: trans 0.8055 | rot 0.01956 (0.792 deg)
Matched 145 keypoints
[INFO] [1790552593.673075928] [pose_estimator]: RANSAC: 132 inliers / 145, 8 iterations
[INFO] [1790552593.673240512] [pose_estimator]: RPE: trans 0.8161 | rot 0.01556 (0.630 deg)
Matched 151 keypoints
[INFO] [1790552593.783424637] [pose_estimator]: RANSAC: 129 inliers / 151, 14 iterations
[INFO] [1790552593.790578387] [pose_estimator]: RPE: trans 0.3546 | rot 0.00663 (0.268 deg)
Matched 137 keypoints
[INFO] [1790552593.894703595] [pose_estimator]: RANSAC: 127 inliers / 137, 7 iterations
[INFO] [1790552593.901335137] [pose_estimator]: RPE: trans 0.9318 | rot 0.02327 (0.943 deg)
Matched 166 keypoints
[INFO] [1790552594.030977387] [pose_estimator]: RANSAC: 146 inliers / 166, 11 iterations
[INFO] [1790552594.043082887] [pose_estimator]: RPE: trans 0.8598 | rot 0.01979 (0.802 deg)
Matched 168 keypoints
[INFO] [1790552594.151729054] [pose_estimator]: RANSAC: 148 inliers / 168, 11 iterations
[INFO] [1790552594.151904512] [pose_estimator]: RPE: trans 0.8721 | rot 0.02395 (0.971 deg)
Matched 160 keypoints
[INFO] [1790552594.256572220] [pose_estimator]: RANSAC: 141 inliers / 160, 11 iterations
[INFO] [1790552594.261766054] [pose_estimator]: RPE: trans 0.9533 | rot 0.01606 (0.651 deg)
Matched 162 keypoints
[INFO] [1790552594.379709345] [pose_estimator]: RANSAC: 144 inliers / 162, 10 iterations
[INFO] [1790552594.381145554] [pose_estimator]: RPE: trans 1.0123 | rot 0.01937 (0.785 deg)
Matched 175 keypoints
[INFO] [1790552594.484109095] [pose_estimator]: RANSAC: 153 inliers / 175, 15 iterations
[INFO] [1790552594.484274679] [pose_estimator]: RPE: trans 0.7145 | rot 0.01348 (0.546 deg)
Matched 175 keypoints
[INFO] [1790552594.588496096] [pose_estimator]: RANSAC: 149 inliers / 175, 15 iterations
[INFO] [1790552594.588683429] [pose_estimator]: RPE: trans 1.0628 | rot 0.02510 (1.017 deg)
Matched 152 keypoints
[INFO] [1790552594.696382846] [pose_estimator]: RANSAC: 129 inliers / 152, 15 iterations
[INFO] [1790552594.723872887] [pose_estimator]: RPE: trans 1.0895 | rot 0.02253 (0.913 deg)
Matched 170 keypoints
[INFO] [1790552594.864503429] [pose_estimator]: RANSAC: 146 inliers / 170, 14 iterations
[INFO] [1790552594.864671679] [pose_estimator]: RPE: trans 0.8972 | rot 0.01528 (0.619 deg)
Matched 191 keypoints
[INFO] [1790552594.968034929] [pose_estimator]: RANSAC: 172 inliers / 191, 9 iterations
[INFO] [1790552594.968208012] [pose_estimator]: RPE: trans 0.9884 | rot 0.01007 (0.408 deg)
Matched 181 keypoints
[INFO] [1790552595.083780471] [pose_estimator]: RANSAC: 149 inliers / 181, 20 iterations
[INFO] [1790552595.091728846] [pose_estimator]: RPE: trans 0.1003 | rot 0.00356 (0.144 deg)
Matched 167 keypoints
[INFO] [1790552595.248256263] [pose_estimator]: RANSAC: 144 inliers / 167, 13 iterations
[INFO] [1790552595.249545179] [pose_estimator]: RPE: trans 0.7767 | rot 0.03011 (1.220 deg)
Matched 169 keypoints
[INFO] [1790552595.363962513] [pose_estimator]: RANSAC: 145 inliers / 169, 14 iterations
[INFO] [1790552595.364131054] [pose_estimator]: RPE: trans 0.8373 | rot 0.02653 (1.075 deg)
Matched 174 keypoints
[INFO] [1790552595.467156638] [pose_estimator]: RANSAC: 150 inliers / 174, 13 iterations
[INFO] [1790552595.467336513] [pose_estimator]: RPE: trans 0.8359 | rot 0.02239 (0.907 deg)
Matched 189 keypoints
[INFO] [1790552595.573881679] [pose_estimator]: RANSAC: 171 inliers / 189, 8 iterations
[INFO] [1790552595.576381513] [pose_estimator]: RPE: trans 0.0248 | rot 0.00061 (0.025 deg)
Matched 181 keypoints
[INFO] [1790552595.686104846] [pose_estimator]: RANSAC: 164 inliers / 181, 8 iterations
[INFO] [1790552595.688073596] [pose_estimator]: RPE: trans 0.9660 | rot 0.02611 (1.058 deg)
Matched 160 keypoints
[INFO] [1790552595.801937638] [pose_estimator]: RANSAC: 134 inliers / 160, 18 iterations
[INFO] [1790552595.802131221] [pose_estimator]: RPE: trans 0.1575 | rot 0.00336 (0.136 deg)
Matched 195 keypoints
[INFO] [1790552595.906478263] [pose_estimator]: RANSAC: 176 inliers / 195, 8 iterations
[INFO] [1790552595.909164138] [pose_estimator]: RPE: trans 0.8465 | rot 0.00941 (0.381 deg)
Matched 179 keypoints
[INFO] [1790552596.013946013] [pose_estimator]: RANSAC: 157 inliers / 179, 19 iterations
[INFO] [1790552596.014504846] [pose_estimator]: RPE: trans 0.8064 | rot 0.01959 (0.794 deg)
Matched 180 keypoints
[INFO] [1790552596.176812138] [pose_estimator]: RANSAC: 157 inliers / 180, 18 iterations
[INFO] [1790552596.177046555] [pose_estimator]: RPE: trans 0.7942 | rot 0.01814 (0.735 deg)
Matched 164 keypoints
[INFO] [1790552596.280758930] [pose_estimator]: RANSAC: 140 inliers / 164, 14 iterations
[INFO] [1790552596.280937430] [pose_estimator]: RPE: trans 0.1141 | rot 0.00299 (0.121 deg)
Matched 181 keypoints
[INFO] [1790552596.387110596] [pose_estimator]: RANSAC: 156 inliers / 181, 14 iterations
[INFO] [1790552596.390081346] [pose_estimator]: RPE: trans 0.7166 | rot 0.01371 (0.556 deg)
Matched 197 keypoints
[INFO] [1790552596.522867471] [pose_estimator]: RANSAC: 176 inliers / 197, 9 iterations
[INFO] [1790552596.525779471] [pose_estimator]: RPE: trans 0.7918 | rot 0.00938 (0.380 deg)
Matched 188 keypoints
[INFO] [1790552596.634742263] [pose_estimator]: RANSAC: 156 inliers / 188, 19 iterations
[INFO] [1790552596.634926388] [pose_estimator]: RPE: trans 0.8789 | rot 0.02554 (1.035 deg)
Matched 189 keypoints
[INFO] [1790552596.739691097] [pose_estimator]: RANSAC: 163 inliers / 189, 13 iterations
[INFO] [1790552596.739867930] [pose_estimator]: RPE: trans 1.0139 | rot 0.02711 (1.099 deg)
Matched 193 keypoints
[INFO] [1790552596.846009847] [pose_estimator]: RANSAC: 175 inliers / 193, 8 iterations
[INFO] [1790552596.847216888] [pose_estimator]: RPE: trans 0.8636 | rot 0.00910 (0.369 deg)
Matched 184 keypoints
[INFO] [1790552596.964956888] [pose_estimator]: RANSAC: 158 inliers / 184, 14 iterations
[INFO] [1790552596.965111597] [pose_estimator]: RPE: trans 0.9074 | rot 0.02195 (0.889 deg)
Matched 205 keypoints
[INFO] [1790552597.072110763] [pose_estimator]: RANSAC: 187 inliers / 205, 8 iterations
[INFO] [1790552597.072276972] [pose_estimator]: RPE: trans 1.2875 | rot 0.01487 (0.603 deg)
Matched 202 keypoints
[INFO] [1790552597.181011222] [pose_estimator]: RANSAC: 151 inliers / 202, 45 iterations
[INFO] [1790552597.181214555] [pose_estimator]: RPE: trans 0.0772 | rot 0.00247 (0.100 deg)
Matched 185 keypoints
[INFO] [1790552597.288153263] [pose_estimator]: RANSAC: 142 inliers / 185, 36 iterations
[INFO] [1790552597.289320722] [pose_estimator]: RPE: trans 0.0570 | rot 0.00228 (0.092 deg)
Matched 180 keypoints
[INFO] [1790552597.404874014] [pose_estimator]: RANSAC: 135 inliers / 180, 44 iterations
[INFO] [1790552597.412110430] [pose_estimator]: RPE: trans 0.1259 | rot 0.00355 (0.144 deg)
Matched 186 keypoints
[INFO] [1790552597.523670472] [pose_estimator]: RANSAC: 156 inliers / 186, 17 iterations
[INFO] [1790552597.523922389] [pose_estimator]: RPE: trans 0.8885 | rot 0.01403 (0.568 deg)
Matched 179 keypoints
[INFO] [1790552597.631357264] [pose_estimator]: RANSAC: 144 inliers / 179, 24 iterations
[INFO] [1790552597.631547389] [pose_estimator]: RPE: trans 0.1420 | rot 0.00244 (0.099 deg)
Matched 174 keypoints
[INFO] [1790552597.741161597] [pose_estimator]: RANSAC: 127 inliers / 174, 87 iterations
[INFO] [1790552597.743806847] [pose_estimator]: RPE: trans 0.0022 | rot 0.00318 (0.129 deg)
Matched 189 keypoints
[INFO] [1790552597.854101264] [pose_estimator]: RANSAC: 150 inliers / 189, 27 iterations
[INFO] [1790552597.857115514] [pose_estimator]: RPE: trans 0.0875 | rot 0.00182 (0.074 deg)
Matched 177 keypoints
[INFO] [1790552597.987139958] [pose_estimator]: RANSAC: 147 inliers / 177, 18 iterations
[INFO] [1790552597.987334166] [pose_estimator]: RPE: trans 0.1673 | rot 0.00491 (0.199 deg)
Matched 174 keypoints
[INFO] [1790552598.099333250] [pose_estimator]: RANSAC: 134 inliers / 174, 35 iterations
[INFO] [1790552598.101876916] [pose_estimator]: RPE: trans 0.0314 | rot 0.00267 (0.108 deg)
Matched 186 keypoints
[INFO] [1790552598.300330541] [pose_estimator]: RANSAC: 153 inliers / 186, 22 iterations
[INFO] [1790552598.302023875] [pose_estimator]: RPE: trans 1.1066 | rot 0.03438 (1.393 deg)
Matched 170 keypoints
[INFO] [1790552598.415590041] [pose_estimator]: RANSAC: 123 inliers / 170, 59 iterations
[INFO] [1790552598.419028333] [pose_estimator]: RPE: trans 0.7574 | rot 0.03812 (1.544 deg)
Matched 185 keypoints
[INFO] [1790552598.529324708] [pose_estimator]: RANSAC: 144 inliers / 185, 32 iterations
[INFO] [1790552598.532504916] [pose_estimator]: RPE: trans 0.8192 | rot 0.03166 (1.283 deg)
Matched 159 keypoints
[INFO] [1790552598.653617417] [pose_estimator]: RANSAC: 119 inliers / 159, 45 iterations
[INFO] [1790552598.674395833] [pose_estimator]: RPE: trans 0.2169 | rot 0.00538 (0.218 deg)
Matched 185 keypoints
[INFO] [1790552598.793968042] [pose_estimator]: RANSAC: 148 inliers / 185, 26 iterations
[INFO] [1790552598.794139708] [pose_estimator]: RPE: trans 0.8834 | rot 0.02724 (1.104 deg)
Matched 200 keypoints
[INFO] [1790552598.902857292] [pose_estimator]: RANSAC: 163 inliers / 200, 22 iterations
[INFO] [1790552598.903031292] [pose_estimator]: RPE: trans 0.9225 | rot 0.01790 (0.725 deg)
Matched 174 keypoints
[INFO] [1790552599.010546250] [pose_estimator]: RANSAC: 127 inliers / 174, 55 iterations
[INFO] [1790552599.013806167] [pose_estimator]: RPE: trans 0.9470 | rot 0.03561 (1.443 deg)
Matched 151 keypoints
[INFO] [1790552599.131225583] [pose_estimator]: RANSAC: 109 inliers / 151, 61 iterations
[INFO] [1790552599.133860250] [pose_estimator]: RPE: trans 1.0280 | rot 0.03565 (1.444 deg)
Matched 188 keypoints
[INFO] [1790552599.246822208] [pose_estimator]: RANSAC: 136 inliers / 188, 60 iterations
[INFO] [1790552599.247002000] [pose_estimator]: RPE: trans 0.8346 | rot 0.01388 (0.562 deg)
Matched 148 keypoints
[INFO] [1790552599.353272167] [pose_estimator]: RANSAC: 116 inliers / 148, 35 iterations
[INFO] [1790552599.353451084] [pose_estimator]: RPE: trans 1.1881 | rot 0.04168 (1.689 deg)
Matched 158 keypoints
[INFO] [1790552599.468254417] [pose_estimator]: RANSAC: 100 inliers / 158, 177 iterations
[INFO] [1790552599.471137417] [pose_estimator]: RPE: trans 0.2230 | rot 0.00401 (0.163 deg)
Matched 110 keypoints
[INFO] [1790552599.595752584] [pose_estimator]: RANSAC: 80 inliers / 110, 89 iterations
[INFO] [1790552599.595963500] [pose_estimator]: RPE: trans 0.9106 | rot 0.06033 (2.444 deg)
Matched 141 keypoints
[INFO] [1790552599.706506459] [pose_estimator]: RANSAC: 95 inliers / 141, 107 iterations
[INFO] [1790552599.706696625] [pose_estimator]: RPE: trans 0.7672 | rot 0.03381 (1.370 deg)
Matched 135 keypoints
[INFO] [1790552599.816872625] [pose_estimator]: RANSAC: 93 inliers / 135, 89 iterations
[INFO] [1790552599.817064000] [pose_estimator]: RPE: trans 1.3829 | rot 0.03846 (1.558 deg)
Matched 130 keypoints
[INFO] [1790552599.938946584] [pose_estimator]: RANSAC: 83 inliers / 130, 165 iterations
[INFO] [1790552599.943280709] [pose_estimator]: RPE: trans 0.7868 | rot 0.07065 (2.863 deg)
Matched 170 keypoints
[INFO] [1790552600.060032501] [pose_estimator]: RANSAC: 122 inliers / 170, 64 iterations
[INFO] [1790552600.060218126] [pose_estimator]: RPE: trans 1.4016 | rot 0.03698 (1.498 deg)
Matched 161 keypoints
[INFO] [1790552600.181114417] [pose_estimator]: RANSAC: 106 inliers / 161, 129 iterations
[INFO] [1790552600.181306459] [pose_estimator]: RPE: trans 0.1876 | rot 0.00504 (0.204 deg)
Matched 148 keypoints
[INFO] [1790552600.289334917] [pose_estimator]: RANSAC: 110 inliers / 148, 48 iterations
[INFO] [1790552600.289485542] [pose_estimator]: RPE: trans 0.1562 | rot 0.00247 (0.100 deg)
Matched 163 keypoints
[INFO] [1790552600.413847001] [pose_estimator]: RANSAC: 116 inliers / 163, 90 iterations
[INFO] [1790552600.415361667] [pose_estimator]: RPE: trans 1.0526 | rot 0.03567 (1.445 deg)
Matched 149 keypoints
[INFO] [1790552600.531291292] [pose_estimator]: RANSAC: 105 inliers / 149, 74 iterations
[INFO] [1790552600.532829667] [pose_estimator]: RPE: trans 0.2281 | rot 0.00539 (0.218 deg)
Matched 130 keypoints
[INFO] [1790552600.645409917] [pose_estimator]: RANSAC: 100 inliers / 130, 36 iterations
[INFO] [1790552600.645607126] [pose_estimator]: RPE: trans 0.0756 | rot 0.00253 (0.102 deg)
Matched 160 keypoints
[INFO] [1790552600.754716251] [pose_estimator]: RANSAC: 116 inliers / 160, 58 iterations
[INFO] [1790552600.757770959] [pose_estimator]: RPE: trans 0.8777 | rot 0.04310 (1.746 deg)
Matched 176 keypoints
[INFO] [1790552600.877479376] [pose_estimator]: RANSAC: 143 inliers / 176, 22 iterations
[INFO] [1790552600.879998709] [pose_estimator]: RPE: trans 0.6166 | rot 0.00783 (0.317 deg)
Matched 155 keypoints
[INFO] [1790552600.987357168] [pose_estimator]: RANSAC: 124 inliers / 155, 26 iterations
[INFO] [1790552600.987565084] [pose_estimator]: RPE: trans 1.3497 | rot 0.02465 (0.998 deg)
Matched 142 keypoints
[INFO] [1790552601.092952584] [pose_estimator]: RANSAC: 113 inliers / 142, 27 iterations
[INFO] [1790552601.093118459] [pose_estimator]: RPE: trans 0.0242 | rot 0.00183 (0.074 deg)
Matched 169 keypoints
[INFO] [1790552601.200906084] [pose_estimator]: RANSAC: 140 inliers / 169, 19 iterations
[INFO] [1790552601.206933001] [pose_estimator]: RPE: trans 0.2363 | rot 0.00280 (0.113 deg)
Matched 161 keypoints
[INFO] [1790552601.339810834] [pose_estimator]: RANSAC: 125 inliers / 161, 39 iterations
[INFO] [1790552601.342030751] [pose_estimator]: RPE: trans 0.5625 | rot 0.01250 (0.506 deg)
Matched 120 keypoints
[INFO] [1790552601.451109918] [pose_estimator]: RANSAC: 95 inliers / 120, 31 iterations
[INFO] [1790552601.451287501] [pose_estimator]: RPE: trans 0.1600 | rot 0.00931 (0.377 deg)
Matched 205 keypoints
[INFO] [1790552601.558109835] [pose_estimator]: RANSAC: 172 inliers / 205, 17 iterations
[INFO] [1790552601.558279751] [pose_estimator]: RPE: trans 0.5526 | rot 0.00780 (0.316 deg)
Matched 202 keypoints
[INFO] [1790552601.668063251] [pose_estimator]: RANSAC: 164 inliers / 202, 23 iterations
[INFO] [1790552601.670651001] [pose_estimator]: RPE: trans 0.4509 | rot 0.00988 (0.400 deg)
Matched 177 keypoints
[INFO] [1790552601.783603210] [pose_estimator]: RANSAC: 137 inliers / 177, 34 iterations
[INFO] [1790552601.783737126] [pose_estimator]: RPE: trans 0.6914 | rot 0.02339 (0.948 deg)
Matched 179 keypoints
[INFO] [1790552601.891030043] [pose_estimator]: RANSAC: 143 inliers / 179, 27 iterations
[INFO] [1790552601.891192835] [pose_estimator]: RPE: trans 0.5181 | rot 0.01028 (0.416 deg)
Matched 155 keypoints
[INFO] [1790552601.995671710] [pose_estimator]: RANSAC: 118 inliers / 155, 39 iterations
[INFO] [1790552601.995837376] [pose_estimator]: RPE: trans 0.4983 | rot 0.01503 (0.609 deg)
Matched 141 keypoints
[INFO] [1790552602.103786876] [pose_estimator]: RANSAC: 116 inliers / 141, 20 iterations
[INFO] [1790552602.109039418] [pose_estimator]: RPE: trans 0.4024 | rot 0.01075 (0.435 deg)
Matched 123 keypoints
[INFO] [1790552602.240919085] [pose_estimator]: RANSAC: 100 inliers / 123, 22 iterations
[INFO] [1790552602.241107252] [pose_estimator]: RPE: trans 0.1130 | rot 0.00372 (0.151 deg)
Matched 119 keypoints
[INFO] [1790552602.341453127] [pose_estimator]: RANSAC: 99 inliers / 119, 18 iterations
[INFO] [1790552602.341632127] [pose_estimator]: RPE: trans 0.4818 | rot 0.00661 (0.268 deg)
Matched 125 keypoints
[INFO] [1790552602.443622002] [pose_estimator]: RANSAC: 110 inliers / 125, 11 iterations
[INFO] [1790552602.443802460] [pose_estimator]: RPE: trans 0.1647 | rot 0.00560 (0.227 deg)
Matched 127 keypoints
[INFO] [1790552602.549899002] [pose_estimator]: RANSAC: 100 inliers / 127, 29 iterations
[INFO] [1790552602.550504502] [pose_estimator]: RPE: trans 0.1746 | rot 0.00631 (0.256 deg)
Matched 103 keypoints
[INFO] [1790552602.657730168] [pose_estimator]: RANSAC: 86 inliers / 103, 18 iterations
[INFO] [1790552602.657910835] [pose_estimator]: RPE: trans 0.2602 | rot 0.00518 (0.210 deg)
Matched 117 keypoints
[INFO] [1790552602.757503210] [pose_estimator]: RANSAC: 109 inliers / 117, 6 iterations
[INFO] [1790552602.757674002] [pose_estimator]: RPE: trans 0.3211 | rot 0.00889 (0.360 deg)
Matched 146 keypoints
[INFO] [1790552602.867291460] [pose_estimator]: RANSAC: 125 inliers / 146, 14 iterations
[INFO] [1790552602.868129919] [pose_estimator]: RPE: trans 0.4288 | rot 0.00909 (0.368 deg)
Matched 146 keypoints
[INFO] [1790552603.014548085] [pose_estimator]: RANSAC: 136 inliers / 146, 6 iterations
[INFO] [1790552603.052501835] [pose_estimator]: RPE: trans 0.2924 | rot 0.00900 (0.364 deg)
Matched 159 keypoints
[INFO] [1790552603.201143794] [pose_estimator]: RANSAC: 142 inliers / 159, 9 iterations
[INFO] [1790552603.231272627] [pose_estimator]: RPE: trans 0.0761 | rot 0.00355 (0.144 deg)
Matched 163 keypoints
[INFO] [1790552603.414101960] [pose_estimator]: RANSAC: 147 inliers / 163, 12 iterations
[INFO] [1790552603.417608210] [pose_estimator]: RPE: trans 0.1676 | rot 0.00575 (0.233 deg)
Matched 195 keypoints
[INFO] [1790552603.544011086] [pose_estimator]: RANSAC: 186 inliers / 195, 4 iterations
[INFO] [1790552603.544370461] [pose_estimator]: RPE: trans 0.4247 | rot 0.00968 (0.392 deg)
Matched 215 keypoints
[INFO] [1790552603.662445586] [pose_estimator]: RANSAC: 194 inliers / 215, 8 iterations
[INFO] [1790552603.665774586] [pose_estimator]: RPE: trans 0.1729 | rot 0.00648 (0.263 deg)
Matched 217 keypoints
[INFO] [1790552603.776110586] [pose_estimator]: RANSAC: 196 inliers / 217, 8 iterations
[INFO] [1790552603.776290211] [pose_estimator]: RPE: trans 0.1966 | rot 0.00426 (0.172 deg)
Matched 205 keypoints
[INFO] [1790552603.886026586] [pose_estimator]: RANSAC: 179 inliers / 205, 12 iterations
[INFO] [1790552603.886221252] [pose_estimator]: RPE: trans 1.8638 | rot 0.01519 (0.615 deg)
Matched 254 keypoints
[INFO] [1790552603.998292169] [pose_estimator]: RANSAC: 213 inliers / 254, 20 iterations
[INFO] [1790552603.999352169] [pose_estimator]: RPE: trans 0.5681 | rot 0.00788 (0.319 deg)
Matched 256 keypoints
[INFO] [1790552604.113504919] [pose_estimator]: RANSAC: 229 inliers / 256, 9 iterations
[INFO] [1790552604.113701502] [pose_estimator]: RPE: trans 1.4767 | rot 0.00943 (0.382 deg)
Matched 225 keypoints
[INFO] [1790552604.227789211] [pose_estimator]: RANSAC: 190 inliers / 225, 16 iterations
[INFO] [1790552604.227972752] [pose_estimator]: RPE: trans 0.7342 | rot 0.00620 (0.251 deg)
Matched 239 keypoints
[INFO] [1790552604.341528544] [pose_estimator]: RANSAC: 203 inliers / 239, 16 iterations
[INFO] [1790552604.341663211] [pose_estimator]: RPE: trans 0.2337 | rot 0.00871 (0.353 deg)
Matched 296 keypoints
[INFO] [1790552604.463968461] [pose_estimator]: RANSAC: 248 inliers / 296, 17 iterations
[INFO] [1790552604.466523044] [pose_estimator]: RPE: trans 0.8482 | rot 0.02183 (0.885 deg)
Matched 268 keypoints
[INFO] [1790552604.586612919] [pose_estimator]: RANSAC: 232 inliers / 268, 13 iterations
[INFO] [1790552604.588184419] [pose_estimator]: RPE: trans 0.2502 | rot 0.00762 (0.309 deg)
Matched 238 keypoints
[INFO] [1790552604.706292503] [pose_estimator]: RANSAC: 207 inliers / 238, 13 iterations
[INFO] [1790552604.706501794] [pose_estimator]: RPE: trans 0.1485 | rot 0.03099 (1.255 deg)
Matched 272 keypoints
[INFO] [1790552604.849840544] [pose_estimator]: RANSAC: 243 inliers / 272, 10 iterations
[INFO] [1790552604.852814544] [pose_estimator]: RPE: trans 0.1009 | rot 0.01270 (0.515 deg)
Matched 271 keypoints
[INFO] [1790552604.979250753] [pose_estimator]: RANSAC: 240 inliers / 271, 10 iterations
[INFO] [1790552604.979398045] [pose_estimator]: RPE: trans 1.9592 | rot 0.03547 (1.437 deg)
Matched 264 keypoints
[INFO] [1790552605.116488795] [pose_estimator]: RANSAC: 237 inliers / 264, 9 iterations
[INFO] [1790552605.116686336] [pose_estimator]: RPE: trans 0.1791 | rot 0.01969 (0.798 deg)
Matched 274 keypoints
[INFO] [1790552605.236724586] [pose_estimator]: RANSAC: 238 inliers / 274, 12 iterations
[INFO] [1790552605.239082045] [pose_estimator]: RPE: trans 1.9435 | rot 0.02896 (1.173 deg)
Matched 297 keypoints
[INFO] [1790552605.364380711] [pose_estimator]: RANSAC: 268 inliers / 297, 11 iterations
[INFO] [1790552605.366974711] [pose_estimator]: RPE: trans 0.3110 | rot 0.01704 (0.691 deg)
Matched 309 keypoints
[INFO] [1790552605.487667170] [pose_estimator]: RANSAC: 285 inliers / 309, 7 iterations
[INFO] [1790552605.487863545] [pose_estimator]: RPE: trans 1.8323 | rot 0.02553 (1.035 deg)
Matched 286 keypoints
[INFO] [1790552605.598830836] [pose_estimator]: RANSAC: 241 inliers / 286, 16 iterations
[INFO] [1790552605.599028295] [pose_estimator]: RPE: trans 0.0798 | rot 0.00437 (0.177 deg)
Matched 308 keypoints
[INFO] [1790552605.713763003] [pose_estimator]: RANSAC: 273 inliers / 308, 10 iterations
[INFO] [1790552605.715416837] [pose_estimator]: RPE: trans 1.6406 | rot 0.01133 (0.459 deg)
Matched 316 keypoints
[INFO] [1790552605.842769503] [pose_estimator]: RANSAC: 287 inliers / 316, 8 iterations
[INFO] [1790552605.846948462] [pose_estimator]: RPE: trans 0.3551 | rot 0.00319 (0.129 deg)
Matched 310 keypoints
[INFO] [1790552605.969879962] [pose_estimator]: RANSAC: 274 inliers / 310, 10 iterations
[INFO] [1790552605.970082670] [pose_estimator]: RPE: trans 0.3046 | rot 0.02458 (0.996 deg)
Matched 340 keypoints
[INFO] [1790552606.091880462] [pose_estimator]: RANSAC: 308 inliers / 340, 8 iterations
[INFO] [1790552606.092103503] [pose_estimator]: RPE: trans 0.4893 | rot 0.00643 (0.261 deg)
Matched 288 keypoints
[INFO] [1790552606.210555837] [pose_estimator]: RANSAC: 260 inliers / 288, 8 iterations
[INFO] [1790552606.211838712] [pose_estimator]: RPE: trans 0.2385 | rot 0.00849 (0.344 deg)
Matched 333 keypoints
[INFO] [1790552606.334809253] [pose_estimator]: RANSAC: 300 inliers / 333, 10 iterations
[INFO] [1790552606.336008628] [pose_estimator]: RPE: trans 0.1302 | rot 0.00556 (0.225 deg)
Matched 331 keypoints
[INFO] [1790552606.462211754] [pose_estimator]: RANSAC: 296 inliers / 331, 11 iterations
[INFO] [1790552606.462508295] [pose_estimator]: RPE: trans 0.4237 | rot 0.01080 (0.437 deg)
Matched 312 keypoints
[INFO] [1790552606.599739004] [pose_estimator]: RANSAC: 278 inliers / 312, 15 iterations
[INFO] [1790552606.607535712] [pose_estimator]: RPE: trans 0.1398 | rot 0.00708 (0.287 deg)
Matched 302 keypoints
[INFO] [1790552606.737276545] [pose_estimator]: RANSAC: 273 inliers / 302, 14 iterations
[INFO] [1790552606.741615670] [pose_estimator]: RPE: trans 0.4405 | rot 0.01435 (0.581 deg)
Matched 306 keypoints
[INFO] [1790552606.874178045] [pose_estimator]: RANSAC: 269 inliers / 306, 14 iterations
[INFO] [1790552606.876318170] [pose_estimator]: RPE: trans 0.3846 | rot 0.01321 (0.535 deg)
Matched 322 keypoints
[INFO] [1790552607.006518212] [pose_estimator]: RANSAC: 286 inliers / 322, 10 iterations
[INFO] [1790552607.008831795] [pose_estimator]: RPE: trans 1.7448 | rot 0.01467 (0.594 deg)
Matched 302 keypoints
[INFO] [1790552607.191546087] [pose_estimator]: RANSAC: 275 inliers / 302, 8 iterations
[INFO] [1790552607.211873212] [pose_estimator]: RPE: trans 1.9167 | rot 0.02013 (0.816 deg)
Matched 279 keypoints
[INFO] [1790552607.375670129] [pose_estimator]: RANSAC: 232 inliers / 279, 18 iterations
[INFO] [1790552607.394482129] [pose_estimator]: RPE: trans 0.3858 | rot 0.01786 (0.724 deg)
Matched 271 keypoints
[INFO] [1790552607.529422712] [pose_estimator]: RANSAC: 254 inliers / 271, 6 iterations
[INFO] [1790552607.542847921] [pose_estimator]: RPE: trans 0.0941 | rot 0.00296 (0.120 deg)
Matched 314 keypoints
[INFO] [1790552607.668282796] [pose_estimator]: RANSAC: 290 inliers / 314, 7 iterations
[INFO] [1790552607.668753046] [pose_estimator]: RPE: trans 0.5793 | rot 0.01630 (0.661 deg)
Matched 331 keypoints
[INFO] [1790552607.800155463] [pose_estimator]: RANSAC: 306 inliers / 331, 7 iterations
[INFO] [1790552607.801700588] [pose_estimator]: RPE: trans 1.8813 | rot 0.01102 (0.447 deg)
Matched 325 keypoints
[INFO] [1790552607.932380504] [pose_estimator]: RANSAC: 304 inliers / 325, 6 iterations
[INFO] [1790552607.932660796] [pose_estimator]: RPE: trans 0.6378 | rot 0.01801 (0.730 deg)
Matched 313 keypoints
[INFO] [1790552608.058885713] [pose_estimator]: RANSAC: 296 inliers / 313, 5 iterations
[INFO] [1790552608.061593963] [pose_estimator]: RPE: trans 0.4789 | rot 0.01144 (0.464 deg)
Matched 312 keypoints
[INFO] [1790552608.196646629] [pose_estimator]: RANSAC: 287 inliers / 312, 7 iterations
[INFO] [1790552608.196875588] [pose_estimator]: RPE: trans 0.4407 | rot 0.01894 (0.767 deg)
Matched 329 keypoints
[INFO] [1790552608.313640338] [pose_estimator]: RANSAC: 309 inliers / 329, 5 iterations
[INFO] [1790552608.313817421] [pose_estimator]: RPE: trans 0.0726 | rot 0.00256 (0.104 deg)
Matched 307 keypoints
[INFO] [1790552608.435981671] [pose_estimator]: RANSAC: 288 inliers / 307, 6 iterations
[INFO] [1790552608.436183338] [pose_estimator]: RPE: trans 0.8532 | rot 0.02798 (1.134 deg)
Matched 278 keypoints
[INFO] [1790552608.554328463] [pose_estimator]: RANSAC: 258 inliers / 278, 6 iterations
[INFO] [1790552608.556446046] [pose_estimator]: RPE: trans 1.4377 | rot 0.01685 (0.683 deg)
Matched 299 keypoints
[INFO] [1790552608.682003130] [pose_estimator]: RANSAC: 267 inliers / 299, 9 iterations
[INFO] [1790552608.682152213] [pose_estimator]: RPE: trans 1.3787 | rot 0.01939 (0.785 deg)
Matched 310 keypoints
[INFO] [1790552608.796926380] [pose_estimator]: RANSAC: 288 inliers / 310, 6 iterations
[INFO] [1790552608.797123213] [pose_estimator]: RPE: trans 0.9362 | rot 0.01532 (0.621 deg)
Matched 324 keypoints
[INFO] [1790552608.921754921] [pose_estimator]: RANSAC: 289 inliers / 324, 10 iterations
[INFO] [1790552608.925388130] [pose_estimator]: RPE: trans 0.7289 | rot 0.01002 (0.406 deg)
Matched 318 keypoints
[INFO] [1790552609.049931671] [pose_estimator]: RANSAC: 286 inliers / 318, 9 iterations
[INFO] [1790552609.050132755] [pose_estimator]: RPE: trans 1.2132 | rot 0.01241 (0.503 deg)
Matched 326 keypoints
[INFO] [1790552609.168567088] [pose_estimator]: RANSAC: 296 inliers / 326, 8 iterations
[INFO] [1790552609.168744380] [pose_estimator]: RPE: trans 1.2084 | rot 0.03021 (1.224 deg)
Matched 334 keypoints
[INFO] [1790552609.288064338] [pose_estimator]: RANSAC: 306 inliers / 334, 7 iterations
[INFO] [1790552609.288279255] [pose_estimator]: RPE: trans 1.2914 | rot 0.02212 (0.896 deg)
Matched 311 keypoints
[INFO] [1790552609.409503172] [pose_estimator]: RANSAC: 290 inliers / 311, 6 iterations
[INFO] [1790552609.409711838] [pose_estimator]: RPE: trans 1.0606 | rot 0.01757 (0.712 deg)
Matched 322 keypoints
[INFO] [1790552609.530339422] [pose_estimator]: RANSAC: 293 inliers / 322, 8 iterations
[INFO] [1790552609.530545713] [pose_estimator]: RPE: trans 1.2671 | rot 0.01194 (0.484 deg)
Matched 331 keypoints
[INFO] [1790552609.653341047] [pose_estimator]: RANSAC: 308 inliers / 331, 7 iterations
[INFO] [1790552609.653520880] [pose_estimator]: RPE: trans 1.0801 | rot 0.01101 (0.446 deg)
Matched 306 keypoints
[INFO] [1790552609.769779505] [pose_estimator]: RANSAC: 271 inliers / 306, 10 iterations
[INFO] [1790552609.772486672] [pose_estimator]: RPE: trans 0.6630 | rot 0.01331 (0.539 deg)
Matched 349 keypoints
[INFO] [1790552609.897173339] [pose_estimator]: RANSAC: 314 inliers / 349, 9 iterations
[INFO] [1790552609.901035547] [pose_estimator]: RPE: trans 1.0429 | rot 0.01810 (0.733 deg)
Matched 347 keypoints
[INFO] [1790552610.022406172] [pose_estimator]: RANSAC: 294 inliers / 347, 15 iterations
[INFO] [1790552610.022657589] [pose_estimator]: RPE: trans 1.0863 | rot 0.03304 (1.339 deg)
Matched 329 keypoints
[INFO] [1790552610.151269880] [pose_estimator]: RANSAC: 290 inliers / 329, 11 iterations
[INFO] [1790552610.151483880] [pose_estimator]: RPE: trans 0.5080 | rot 0.01472 (0.596 deg)
Matched 327 keypoints
[INFO] [1790552610.280834589] [pose_estimator]: RANSAC: 286 inliers / 327, 11 iterations
[INFO] [1790552610.283578630] [pose_estimator]: RPE: trans 0.7607 | rot 0.01672 (0.677 deg)
Matched 315 keypoints
[INFO] [1790552610.405015130] [pose_estimator]: RANSAC: 267 inliers / 315, 15 iterations
[INFO] [1790552610.405214005] [pose_estimator]: RPE: trans 0.2059 | rot 0.00444 (0.180 deg)
Matched 321 keypoints
[INFO] [1790552610.521461130] [pose_estimator]: RANSAC: 278 inliers / 321, 13 iterations
[INFO] [1790552610.521637422] [pose_estimator]: RPE: trans 0.4916 | rot 0.00598 (0.242 deg)
Matched 362 keypoints
[INFO] [1790552610.645425922] [pose_estimator]: RANSAC: 310 inliers / 362, 14 iterations
[INFO] [1790552610.647401464] [pose_estimator]: RPE: trans 0.7795 | rot 0.01382 (0.560 deg)
Matched 377 keypoints
[INFO] [1790552610.803462672] [pose_estimator]: RANSAC: 315 inliers / 377, 17 iterations
[INFO] [1790552610.803669339] [pose_estimator]: RPE: trans 0.1345 | rot 0.00114 (0.046 deg)
Matched 447 keypoints
[INFO] [1790552610.929603589] [pose_estimator]: RANSAC: 382 inliers / 447, 14 iterations
[INFO] [1790552610.929776089] [pose_estimator]: RPE: trans 0.7914 | rot 0.01261 (0.511 deg)
Matched 418 keypoints
[INFO] [1790552611.057369839] [pose_estimator]: RANSAC: 373 inliers / 418, 9 iterations
[INFO] [1790552611.059292881] [pose_estimator]: RPE: trans 0.7390 | rot 0.01071 (0.434 deg)
Matched 391 keypoints
[INFO] [1790552611.186800589] [pose_estimator]: RANSAC: 329 inliers / 391, 16 iterations
[INFO] [1790552611.188512672] [pose_estimator]: RPE: trans 0.7088 | rot 0.01997 (0.809 deg)
Matched 439 keypoints
[INFO] [1790552611.322457964] [pose_estimator]: RANSAC: 380 inliers / 439, 13 iterations
[INFO] [1790552611.322655714] [pose_estimator]: RPE: trans 0.9742 | rot 0.01049 (0.425 deg)
Matched 411 keypoints
[INFO] [1790552611.450457006] [pose_estimator]: RANSAC: 319 inliers / 411, 33 iterations
[INFO] [1790552611.450651673] [pose_estimator]: RPE: trans 0.2650 | rot 0.00604 (0.245 deg)
Matched 405 keypoints
[INFO] [1790552611.582073673] [pose_estimator]: RANSAC: 344 inliers / 405, 15 iterations
[INFO] [1790552611.584737506] [pose_estimator]: RPE: trans 1.2288 | rot 0.02673 (1.083 deg)
Matched 391 keypoints
[INFO] [1790552611.715692714] [pose_estimator]: RANSAC: 330 inliers / 391, 16 iterations
[INFO] [1790552611.715882798] [pose_estimator]: RPE: trans 0.6546 | rot 0.02002 (0.811 deg)
Matched 392 keypoints
[INFO] [1790552611.839196256] [pose_estimator]: RANSAC: 323 inliers / 392, 21 iterations
[INFO] [1790552611.839386548] [pose_estimator]: RPE: trans 0.4742 | rot 0.01153 (0.467 deg)
Matched 381 keypoints
[INFO] [1790552611.972059131] [pose_estimator]: RANSAC: 292 inliers / 381, 37 iterations
[INFO] [1790552611.973111006] [pose_estimator]: RPE: trans 0.1975 | rot 0.00642 (0.260 deg)
Matched 381 keypoints
[INFO] [1790552612.106614881] [pose_estimator]: RANSAC: 301 inliers / 381, 28 iterations
[INFO] [1790552612.106783548] [pose_estimator]: RPE: trans 0.2360 | rot 0.00517 (0.210 deg)
Matched 390 keypoints
[INFO] [1790552612.267094048] [pose_estimator]: RANSAC: 323 inliers / 390, 19 iterations
[INFO] [1790552612.267289548] [pose_estimator]: RPE: trans 0.8055 | rot 0.01915 (0.776 deg)
Matched 394 keypoints
[INFO] [1790552612.399077006] [pose_estimator]: RANSAC: 316 inliers / 394, 25 iterations
[INFO] [1790552612.401302131] [pose_estimator]: RPE: trans 1.0366 | rot 0.03393 (1.375 deg)
Matched 374 keypoints
[INFO] [1790552612.523594548] [pose_estimator]: RANSAC: 297 inliers / 374, 27 iterations
[INFO] [1790552612.526258256] [pose_estimator]: RPE: trans 0.9687 | rot 0.03479 (1.410 deg)
Matched 384 keypoints
[INFO] [1790552612.654821590] [pose_estimator]: RANSAC: 318 inliers / 384, 19 iterations
[INFO] [1790552612.655038590] [pose_estimator]: RPE: trans 0.6278 | rot 0.01439 (0.583 deg)
Matched 375 keypoints
[INFO] [1790552612.781251965] [pose_estimator]: RANSAC: 303 inliers / 375, 25 iterations
[INFO] [1790552612.781748048] [pose_estimator]: RPE: trans 0.0556 | rot 0.00067 (0.027 deg)
Matched 351 keypoints
[INFO] [1790552612.906966840] [pose_estimator]: RANSAC: 279 inliers / 351, 27 iterations
[INFO] [1790552612.907143215] [pose_estimator]: RPE: trans 0.8771 | rot 0.02728 (1.105 deg)
Matched 327 keypoints
[INFO] [1790552613.024364673] [pose_estimator]: RANSAC: 276 inliers / 327, 17 iterations
[INFO] [1790552613.024548090] [pose_estimator]: RPE: trans 0.8813 | rot 0.01788 (0.724 deg)
Matched 343 keypoints
[INFO] [1790552613.141533173] [pose_estimator]: RANSAC: 300 inliers / 343, 11 iterations
[INFO] [1790552613.141696923] [pose_estimator]: RPE: trans 1.0563 | rot 0.01503 (0.609 deg)
Matched 352 keypoints
[INFO] [1790552613.262515590] [pose_estimator]: RANSAC: 303 inliers / 352, 13 iterations
[INFO] [1790552613.263066423] [pose_estimator]: RPE: trans 1.2656 | rot 0.02413 (0.978 deg)
Matched 332 keypoints
[INFO] [1790552613.398119174] [pose_estimator]: RANSAC: 287 inliers / 332, 13 iterations
[INFO] [1790552613.399632174] [pose_estimator]: RPE: trans 0.2791 | rot 0.00666 (0.270 deg)
Matched 328 keypoints
[INFO] [1790552613.519266299] [pose_estimator]: RANSAC: 289 inliers / 328, 11 iterations
[INFO] [1790552613.519438174] [pose_estimator]: RPE: trans 1.0785 | rot 0.03681 (1.491 deg)
Matched 339 keypoints
[INFO] [1790552613.691013507] [pose_estimator]: RANSAC: 289 inliers / 339, 15 iterations
[INFO] [1790552613.695331215] [pose_estimator]: RPE: trans 0.4689 | rot 0.01416 (0.574 deg)
Matched 366 keypoints
[INFO] [1790552613.838545132] [pose_estimator]: RANSAC: 301 inliers / 366, 20 iterations
[INFO] [1790552613.841173632] [pose_estimator]: RPE: trans 0.0382 | rot 0.00108 (0.044 deg)
Matched 372 keypoints
[INFO] [1790552613.981318840] [pose_estimator]: RANSAC: 311 inliers / 372, 20 iterations
[INFO] [1790552613.983211632] [pose_estimator]: RPE: trans 0.0818 | rot 0.00290 (0.118 deg)
Matched 346 keypoints
[INFO] [1790552614.100086091] [pose_estimator]: RANSAC: 297 inliers / 346, 14 iterations
[INFO] [1790552614.105971132] [pose_estimator]: RPE: trans 0.1880 | rot 0.00279 (0.113 deg)
Matched 403 keypoints
[INFO] [1790552614.234755091] [pose_estimator]: RANSAC: 338 inliers / 403, 17 iterations
[INFO] [1790552614.239788966] [pose_estimator]: RPE: trans 0.1200 | rot 0.00333 (0.135 deg)
Matched 365 keypoints
[INFO] [1790552614.378579132] [pose_estimator]: RANSAC: 303 inliers / 365, 19 iterations
[INFO] [1790552614.378746091] [pose_estimator]: RPE: trans 0.9264 | rot 0.04541 (1.840 deg)
Matched 385 keypoints
[INFO] [1790552614.509010466] [pose_estimator]: RANSAC: 328 inliers / 385, 18 iterations
[INFO] [1790552614.509200674] [pose_estimator]: RPE: trans 0.8765 | rot 0.02995 (1.213 deg)
Matched 356 keypoints
[INFO] [1790552614.631770841] [pose_estimator]: RANSAC: 300 inliers / 356, 16 iterations
[INFO] [1790552614.634511091] [pose_estimator]: RPE: trans 0.9900 | rot 0.03065 (1.242 deg)
Matched 367 keypoints
[INFO] [1790552614.758379424] [pose_estimator]: RANSAC: 296 inliers / 367, 24 iterations
[INFO] [1790552614.758562466] [pose_estimator]: RPE: trans 0.0087 | rot 0.00017 (0.007 deg)
Matched 382 keypoints
[INFO] [1790552614.883942341] [pose_estimator]: RANSAC: 343 inliers / 382, 9 iterations
[INFO] [1790552614.884213633] [pose_estimator]: RPE: trans 0.9633 | rot 0.02992 (1.212 deg)
Matched 347 keypoints
[INFO] [1790552615.021085258] [pose_estimator]: RANSAC: 285 inliers / 347, 20 iterations
[INFO] [1790552615.022259841] [pose_estimator]: RPE: trans 0.0709 | rot 0.00333 (0.135 deg)
Matched 323 keypoints
[INFO] [1790552615.144557674] [pose_estimator]: RANSAC: 259 inliers / 323, 25 iterations
[INFO] [1790552615.144753591] [pose_estimator]: RPE: trans 0.1722 | rot 0.00584 (0.237 deg)
Matched 301 keypoints
[INFO] [1790552615.258374258] [pose_estimator]: RANSAC: 239 inliers / 301, 27 iterations
[INFO] [1790552615.258546758] [pose_estimator]: RPE: trans 1.0363 | rot 0.03971 (1.609 deg)
Matched 289 keypoints
[INFO] [1790552615.372216966] [pose_estimator]: RANSAC: 243 inliers / 289, 17 iterations
[INFO] [1790552615.372378633] [pose_estimator]: RPE: trans 0.2045 | rot 0.00287 (0.116 deg)
Matched 304 keypoints
[INFO] [1790552615.493487258] [pose_estimator]: RANSAC: 270 inliers / 304, 10 iterations
[INFO] [1790552615.493660800] [pose_estimator]: RPE: trans 0.7958 | rot 0.00931 (0.377 deg)
Matched 298 keypoints
[INFO] [1790552615.615079008] [pose_estimator]: RANSAC: 255 inliers / 298, 14 iterations
[INFO] [1790552615.615258508] [pose_estimator]: RPE: trans 0.0353 | rot 0.00046 (0.019 deg)
Matched 311 keypoints
[INFO] [1790552615.733427466] [pose_estimator]: RANSAC: 272 inliers / 311, 11 iterations
[INFO] [1790552615.733585925] [pose_estimator]: RPE: trans 0.9232 | rot 0.01627 (0.659 deg)
Matched 307 keypoints
[INFO] [1790552615.849212466] [pose_estimator]: RANSAC: 256 inliers / 307, 18 iterations
[INFO] [1790552615.852739508] [pose_estimator]: RPE: trans 0.8836 | rot 0.00985 (0.399 deg)
Matched 291 keypoints
[INFO] [1790552615.975964383] [pose_estimator]: RANSAC: 253 inliers / 291, 12 iterations
[INFO] [1790552615.976142341] [pose_estimator]: RPE: trans 0.6069 | rot 0.01078 (0.437 deg)
Matched 312 keypoints
[INFO] [1790552616.092456133] [pose_estimator]: RANSAC: 275 inliers / 312, 12 iterations
[INFO] [1790552616.092631550] [pose_estimator]: RPE: trans 0.9953 | rot 0.01954 (0.791 deg)
Matched 286 keypoints
[INFO] [1790552616.209643508] [pose_estimator]: RANSAC: 225 inliers / 286, 30 iterations
[INFO] [1790552616.209841425] [pose_estimator]: RPE: trans 0.6798 | rot 0.02221 (0.900 deg)
Matched 322 keypoints
[INFO] [1790552616.331456592] [pose_estimator]: RANSAC: 286 inliers / 322, 10 iterations
[INFO] [1790552616.340700300] [pose_estimator]: RPE: trans 0.8070 | rot 0.01088 (0.441 deg)
Matched 287 keypoints
[INFO] [1790552616.476623008] [pose_estimator]: RANSAC: 244 inliers / 287, 15 iterations
[INFO] [1790552616.476826758] [pose_estimator]: RPE: trans 0.7796 | rot 0.01520 (0.616 deg)
Matched 268 keypoints
[INFO] [1790552616.601024800] [pose_estimator]: RANSAC: 224 inliers / 268, 17 iterations
[INFO] [1790552616.601197008] [pose_estimator]: RPE: trans 0.1444 | rot 0.00508 (0.206 deg)
Matched 229 keypoints
[INFO] [1790552616.731443217] [pose_estimator]: RANSAC: 193 inliers / 229, 19 iterations
[INFO] [1790552616.736905092] [pose_estimator]: RPE: trans 0.0616 | rot 0.00225 (0.091 deg)
Matched 237 keypoints
[INFO] [1790552616.856651300] [pose_estimator]: RANSAC: 193 inliers / 237, 22 iterations
[INFO] [1790552616.865331634] [pose_estimator]: RPE: trans 0.0903 | rot 0.00492 (0.199 deg)
Matched 290 keypoints
[INFO] [1790552616.981130342] [pose_estimator]: RANSAC: 251 inliers / 290, 13 iterations
[INFO] [1790552616.981283134] [pose_estimator]: RPE: trans 0.8060 | rot 0.01073 (0.435 deg)
Matched 259 keypoints
[INFO] [1790552617.097251259] [pose_estimator]: RANSAC: 223 inliers / 259, 13 iterations
[INFO] [1790552617.097443300] [pose_estimator]: RPE: trans 0.1600 | rot 0.00318 (0.129 deg)
Matched 231 keypoints
[INFO] [1790552617.238260259] [pose_estimator]: RANSAC: 202 inliers / 231, 17 iterations
[INFO] [1790552617.239910384] [pose_estimator]: RPE: trans 0.6491 | rot 0.02415 (0.978 deg)
Matched 245 keypoints
[INFO] [1790552617.367570800] [pose_estimator]: RANSAC: 197 inliers / 245, 24 iterations
[INFO] [1790552617.368818217] [pose_estimator]: RPE: trans 0.5141 | rot 0.02096 (0.849 deg)
Matched 253 keypoints
[INFO] [1790552617.484332217] [pose_estimator]: RANSAC: 213 inliers / 253, 17 iterations
[INFO] [1790552617.484526509] [pose_estimator]: RPE: trans 0.9963 | rot 0.02005 (0.812 deg)
Matched 248 keypoints
[INFO] [1790552617.594191634] [pose_estimator]: RANSAC: 214 inliers / 248, 13 iterations
[INFO] [1790552617.600953342] [pose_estimator]: RPE: trans 0.5554 | rot 0.01419 (0.575 deg)
Matched 244 keypoints
[INFO] [1790552617.755910551] [pose_estimator]: RANSAC: 207 inliers / 244, 15 iterations
[INFO] [1790552617.758396509] [pose_estimator]: RPE: trans 0.1162 | rot 0.00359 (0.145 deg)
Matched 251 keypoints
[INFO] [1790552617.906571717] [pose_estimator]: RANSAC: 218 inliers / 251, 12 iterations
[INFO] [1790552617.906758467] [pose_estimator]: RPE: trans 0.5289 | rot 0.01426 (0.578 deg)
Matched 259 keypoints
[INFO] [1790552618.065520467] [pose_estimator]: RANSAC: 223 inliers / 259, 13 iterations
[INFO] [1790552618.069312092] [pose_estimator]: RPE: trans 0.5614 | rot 0.01730 (0.701 deg)
Matched 249 keypoints
[INFO] [1790552618.193988884] [pose_estimator]: RANSAC: 219 inliers / 249, 11 iterations
[INFO] [1790552618.196545842] [pose_estimator]: RPE: trans 0.7805 | rot 0.03477 (1.409 deg)
Matched 259 keypoints
[INFO] [1790552618.339923634] [pose_estimator]: RANSAC: 225 inliers / 259, 12 iterations
[INFO] [1790552618.340107301] [pose_estimator]: RPE: trans 0.5463 | rot 0.02054 (0.832 deg)
Matched 289 keypoints
[INFO] [1790552618.457995676] [pose_estimator]: RANSAC: 233 inliers / 289, 24 iterations
[INFO] [1790552618.458176551] [pose_estimator]: RPE: trans 0.0967 | rot 0.00364 (0.148 deg)
Matched 328 keypoints
[INFO] [1790552618.591484718] [pose_estimator]: RANSAC: 282 inliers / 328, 14 iterations
[INFO] [1790552618.593641426] [pose_estimator]: RPE: trans 0.6947 | rot 0.01186 (0.480 deg)
Matched 272 keypoints
[INFO] [1790552618.716942509] [pose_estimator]: RANSAC: 210 inliers / 272, 35 iterations
[INFO] [1790552618.717137259] [pose_estimator]: RPE: trans 0.5286 | rot 0.03254 (1.318 deg)
Matched 343 keypoints
[INFO] [1790552618.839946093] [pose_estimator]: RANSAC: 286 inliers / 343, 18 iterations
[INFO] [1790552618.840114301] [pose_estimator]: RPE: trans 0.4797 | rot 0.01812 (0.734 deg)
Matched 364 keypoints
[INFO] [1790552618.972257051] [pose_estimator]: RANSAC: 291 inliers / 364, 26 iterations
[INFO] [1790552618.998203843] [pose_estimator]: RPE: trans 0.2754 | rot 0.01302 (0.527 deg)
Matched 390 keypoints
[INFO] [1790552619.130940426] [pose_estimator]: RANSAC: 322 inliers / 390, 19 iterations
[INFO] [1790552619.131123051] [pose_estimator]: RPE: trans 0.3068 | rot 0.01193 (0.483 deg)
Matched 443 keypoints
[INFO] [1790552619.259959135] [pose_estimator]: RANSAC: 373 inliers / 443, 19 iterations
[INFO] [1790552619.260141301] [pose_estimator]: RPE: trans 0.5102 | rot 0.00864 (0.350 deg)
Matched 363 keypoints
[INFO] [1790552619.388221343] [pose_estimator]: RANSAC: 310 inliers / 363, 14 iterations
[INFO] [1790552619.389220301] [pose_estimator]: RPE: trans 0.4294 | rot 0.01232 (0.499 deg)
Matched 356 keypoints
[INFO] [1790552619.515646926] [pose_estimator]: RANSAC: 278 inliers / 356, 31 iterations
[INFO] [1790552619.517528718] [pose_estimator]: RPE: trans 0.1586 | rot 0.00399 (0.162 deg)
Matched 372 keypoints
[INFO] [1790552619.646524677] [pose_estimator]: RANSAC: 310 inliers / 372, 18 iterations
[INFO] [1790552619.646666343] [pose_estimator]: RPE: trans 0.5573 | rot 0.01475 (0.598 deg)
Matched 308 keypoints
[INFO] [1790552619.763987635] [pose_estimator]: RANSAC: 245 inliers / 308, 38 iterations
[INFO] [1790552619.764150468] [pose_estimator]: RPE: trans 0.5697 | rot 0.02335 (0.946 deg)
Matched 327 keypoints
[INFO] [1790552619.882870343] [pose_estimator]: RANSAC: 259 inliers / 327, 28 iterations
[INFO] [1790552619.884360802] [pose_estimator]: RPE: trans 0.2731 | rot 0.00722 (0.293 deg)
Matched 316 keypoints
[INFO] [1790552620.025665260] [pose_estimator]: RANSAC: 259 inliers / 316, 21 iterations
[INFO] [1790552620.025865552] [pose_estimator]: RPE: trans 0.3758 | rot 0.01363 (0.552 deg)
Matched 360 keypoints
[INFO] [1790552620.149089343] [pose_estimator]: RANSAC: 287 inliers / 360, 26 iterations
[INFO] [1790552620.149265343] [pose_estimator]: RPE: trans 0.5454 | rot 0.01686 (0.683 deg)
Matched 352 keypoints
[INFO] [1790552620.274644135] [pose_estimator]: RANSAC: 293 inliers / 352, 18 iterations
[INFO] [1790552620.280655968] [pose_estimator]: RPE: trans 0.4880 | rot 0.02079 (0.842 deg)
Matched 324 keypoints
[INFO] [1790552620.507692802] [pose_estimator]: RANSAC: 257 inliers / 324, 28 iterations
[INFO] [1790552620.509855469] [pose_estimator]: RPE: trans 0.1121 | rot 0.00560 (0.227 deg)
Matched 323 keypoints
[INFO] [1790552620.643775885] [pose_estimator]: RANSAC: 256 inliers / 323, 28 iterations
[INFO] [1790552620.651153719] [pose_estimator]: RPE: trans 0.2315 | rot 0.00935 (0.379 deg)
Matched 296 keypoints
[INFO] [1790552620.784664885] [pose_estimator]: RANSAC: 222 inliers / 296, 46 iterations
[INFO] [1790552620.815486802] [pose_estimator]: RPE: trans 0.0740 | rot 0.00239 (0.097 deg)
Matched 322 keypoints
[INFO] [1790552620.950787219] [pose_estimator]: RANSAC: 261 inliers / 322, 30 iterations
[INFO] [1790552620.951561177] [pose_estimator]: RPE: trans 0.7472 | rot 0.02078 (0.842 deg)
Matched 328 keypoints
[INFO] [1790552621.085901594] [pose_estimator]: RANSAC: 272 inliers / 328, 22 iterations
[INFO] [1790552621.093170719] [pose_estimator]: RPE: trans 0.2918 | rot 0.00763 (0.309 deg)
Matched 298 keypoints
[INFO] [1790552621.238923094] [pose_estimator]: RANSAC: 238 inliers / 298, 26 iterations
[INFO] [1790552621.241761219] [pose_estimator]: RPE: trans 0.2413 | rot 0.00845 (0.342 deg)
Matched 351 keypoints
[INFO] [1790552621.371809719] [pose_estimator]: RANSAC: 280 inliers / 351, 26 iterations
[INFO] [1790552621.376221927] [pose_estimator]: RPE: trans 0.4434 | rot 0.01015 (0.411 deg)
Matched 328 keypoints
[INFO] [1790552621.511797052] [pose_estimator]: RANSAC: 277 inliers / 328, 16 iterations
[INFO] [1790552621.512943219] [pose_estimator]: RPE: trans 0.2418 | rot 0.00440 (0.178 deg)
Matched 322 keypoints
[INFO] [1790552621.639587261] [pose_estimator]: RANSAC: 267 inliers / 322, 19 iterations
[INFO] [1790552621.639956969] [pose_estimator]: RPE: trans 0.0993 | rot 0.00292 (0.118 deg)
Matched 365 keypoints
[INFO] [1790552621.764063678] [pose_estimator]: RANSAC: 299 inliers / 365, 21 iterations
[INFO] [1790552621.764236136] [pose_estimator]: RPE: trans 0.4607 | rot 0.02096 (0.849 deg)
Matched 355 keypoints
[INFO] [1790552621.928424719] [pose_estimator]: RANSAC: 294 inliers / 355, 19 iterations
[INFO] [1790552621.938923761] [pose_estimator]: RPE: trans 0.1712 | rot 0.00424 (0.172 deg)
Matched 314 keypoints
[INFO] [1790552622.084156678] [pose_estimator]: RANSAC: 265 inliers / 314, 16 iterations
[INFO] [1790552622.094373886] [pose_estimator]: RPE: trans 0.0227 | rot 0.00094 (0.038 deg)
Matched 338 keypoints
[INFO] [1790552622.219448178] [pose_estimator]: RANSAC: 276 inliers / 338, 22 iterations
[INFO] [1790552622.229568636] [pose_estimator]: RPE: trans 0.1041 | rot 0.00320 (0.129 deg)
Matched 349 keypoints
[INFO] [1790552622.373497553] [pose_estimator]: RANSAC: 283 inliers / 349, 23 iterations
[INFO] [1790552622.379077886] [pose_estimator]: RPE: trans 0.1149 | rot 0.00405 (0.164 deg)
Matched 360 keypoints
[INFO] [1790552622.499451886] [pose_estimator]: RANSAC: 311 inliers / 360, 16 iterations
[INFO] [1790552622.502828803] [pose_estimator]: RPE: trans 0.7898 | rot 0.01332 (0.540 deg)
Matched 343 keypoints
[INFO] [1790552622.631906511] [pose_estimator]: RANSAC: 305 inliers / 343, 10 iterations
[INFO] [1790552622.639848720] [pose_estimator]: RPE: trans 0.1641 | rot 0.00286 (0.116 deg)
Matched 376 keypoints
[INFO] [1790552622.771889803] [pose_estimator]: RANSAC: 318 inliers / 376, 17 iterations
[INFO] [1790552622.772073595] [pose_estimator]: RPE: trans 0.2651 | rot 0.00528 (0.214 deg)
Matched 359 keypoints
[INFO] [1790552622.894225220] [pose_estimator]: RANSAC: 323 inliers / 359, 9 iterations
[INFO] [1790552622.897140970] [pose_estimator]: RPE: trans 0.6496 | rot 0.01977 (0.801 deg)
Matched 328 keypoints
[INFO] [1790552623.027266053] [pose_estimator]: RANSAC: 286 inliers / 328, 12 iterations
[INFO] [1790552623.027427511] [pose_estimator]: RPE: trans 0.1332 | rot 0.00407 (0.165 deg)
Matched 372 keypoints
[INFO] [1790552623.144454845] [pose_estimator]: RANSAC: 341 inliers / 372, 7 iterations
[INFO] [1790552623.144617470] [pose_estimator]: RPE: trans 0.4893 | rot 0.00795 (0.322 deg)
Matched 349 keypoints
[INFO] [1790552623.271774553] [pose_estimator]: RANSAC: 282 inliers / 349, 23 iterations
[INFO] [1790552623.275038637] [pose_estimator]: RPE: trans 0.0881 | rot 0.00361 (0.146 deg)
Matched 354 keypoints
[INFO] [1790552623.436402428] [pose_estimator]: RANSAC: 295 inliers / 354, 18 iterations
[INFO] [1790552623.448898553] [pose_estimator]: RPE: trans 0.0201 | rot 0.00224 (0.091 deg)
Matched 391 keypoints
[INFO] [1790552623.588682678] [pose_estimator]: RANSAC: 330 inliers / 391, 16 iterations
[INFO] [1790552623.609281303] [pose_estimator]: RPE: trans 0.8807 | rot 0.01498 (0.607 deg)
Matched 339 keypoints
[INFO] [1790552623.751634512] [pose_estimator]: RANSAC: 272 inliers / 339, 25 iterations
[INFO] [1790552623.754394178] [pose_estimator]: RPE: trans 0.1008 | rot 0.00530 (0.215 deg)
Matched 370 keypoints
[INFO] [1790552623.891867512] [pose_estimator]: RANSAC: 314 inliers / 370, 15 iterations
[INFO] [1790552623.897292220] [pose_estimator]: RPE: trans 0.7100 | rot 0.02167 (0.878 deg)
Matched 369 keypoints
[INFO] [1790552624.038174637] [pose_estimator]: RANSAC: 321 inliers / 369, 12 iterations
[INFO] [1790552624.039892595] [pose_estimator]: RPE: trans 0.0634 | rot 0.00184 (0.075 deg)
Matched 436 keypoints
[INFO] [1790552624.177122970] [pose_estimator]: RANSAC: 377 inliers / 436, 13 iterations
[INFO] [1790552624.178832054] [pose_estimator]: RPE: trans 0.7935 | rot 0.01056 (0.428 deg)
Matched 401 keypoints
[INFO] [1790552624.304455304] [pose_estimator]: RANSAC: 351 inliers / 401, 12 iterations
[INFO] [1790552624.306436179] [pose_estimator]: RPE: trans 0.1230 | rot 0.00326 (0.132 deg)
Matched 373 keypoints
[INFO] [1790552624.444081554] [pose_estimator]: RANSAC: 312 inliers / 373, 17 iterations
[INFO] [1790552624.446121929] [pose_estimator]: RPE: trans 0.1153 | rot 0.00477 (0.193 deg)
Matched 403 keypoints
[INFO] [1790552624.576789762] [pose_estimator]: RANSAC: 336 inliers / 403, 18 iterations
[INFO] [1790552624.576965804] [pose_estimator]: RPE: trans 0.1842 | rot 0.00455 (0.184 deg)
Matched 399 keypoints
[INFO] [1790552624.701474429] [pose_estimator]: RANSAC: 335 inliers / 399, 17 iterations
[INFO] [1790552624.701658137] [pose_estimator]: RPE: trans 0.2586 | rot 0.00811 (0.328 deg)
Matched 408 keypoints
[INFO] [1790552624.827644304] [pose_estimator]: RANSAC: 353 inliers / 408, 13 iterations
[INFO] [1790552624.828920096] [pose_estimator]: RPE: trans 0.0368 | rot 0.00088 (0.036 deg)
Matched 413 keypoints
[INFO] [1790552624.957315971] [pose_estimator]: RANSAC: 345 inliers / 413, 18 iterations
[INFO] [1790552624.957483596] [pose_estimator]: RPE: trans 0.0538 | rot 0.00319 (0.129 deg)
Matched 457 keypoints
[INFO] [1790552625.087448929] [pose_estimator]: RANSAC: 384 inliers / 457, 17 iterations
[INFO] [1790552625.087657762] [pose_estimator]: RPE: trans 0.3945 | rot 0.01006 (0.407 deg)
Matched 471 keypoints
[INFO] [1790552625.215047596] [pose_estimator]: RANSAC: 410 inliers / 471, 12 iterations
[INFO] [1790552625.215426846] [pose_estimator]: RPE: trans 0.9431 | rot 0.01600 (0.648 deg)
Matched 431 keypoints
[INFO] [1790552625.353441763] [pose_estimator]: RANSAC: 380 inliers / 431, 11 iterations
[INFO] [1790552625.355004596] [pose_estimator]: RPE: trans 0.0557 | rot 0.00212 (0.086 deg)
Matched 429 keypoints
[INFO] [1790552625.484840429] [pose_estimator]: RANSAC: 368 inliers / 429, 14 iterations
[INFO] [1790552625.485019971] [pose_estimator]: RPE: trans 0.0630 | rot 0.00263 (0.106 deg)
Matched 428 keypoints
[INFO] [1790552625.614956471] [pose_estimator]: RANSAC: 351 inliers / 428, 21 iterations
[INFO] [1790552625.615126429] [pose_estimator]: RPE: trans 0.0851 | rot 0.00347 (0.141 deg)
Matched 414 keypoints
[INFO] [1790552625.743712888] [pose_estimator]: RANSAC: 351 inliers / 414, 15 iterations
[INFO] [1790552625.747361179] [pose_estimator]: RPE: trans 0.0408 | rot 0.00132 (0.054 deg)
Matched 423 keypoints
[INFO] [1790552625.886304471] [pose_estimator]: RANSAC: 370 inliers / 423, 12 iterations
[INFO] [1790552625.886525221] [pose_estimator]: RPE: trans 0.0295 | rot 0.00125 (0.051 deg)
Matched 402 keypoints
[INFO] [1790552626.010257846] [pose_estimator]: RANSAC: 327 inliers / 402, 22 iterations
[INFO] [1790552626.010451721] [pose_estimator]: RPE: trans 0.0224 | rot 0.00071 (0.029 deg)
Matched 438 keypoints
[INFO] [1790552626.142566555] [pose_estimator]: RANSAC: 357 inliers / 438, 22 iterations
[INFO] [1790552626.144305180] [pose_estimator]: RPE: trans 0.8813 | rot 0.01612 (0.653 deg)
Matched 360 keypoints
[INFO] [1790552626.272817846] [pose_estimator]: RANSAC: 284 inliers / 360, 29 iterations
[INFO] [1790552626.272982471] [pose_estimator]: RPE: trans 0.0181 | rot 0.00068 (0.027 deg)
Matched 419 keypoints
[INFO] [1790552626.395916096] [pose_estimator]: RANSAC: 360 inliers / 419, 14 iterations
[INFO] [1790552626.396081680] [pose_estimator]: RPE: trans 0.8991 | rot 0.01438 (0.582 deg)
Matched 385 keypoints
[INFO] [1790552626.549374638] [pose_estimator]: RANSAC: 320 inliers / 385, 18 iterations
[INFO] [1790552626.550564888] [pose_estimator]: RPE: trans 0.6699 | rot 0.02038 (0.826 deg)
Matched 343 keypoints
[INFO] [1790552626.683180138] [pose_estimator]: RANSAC: 276 inliers / 343, 24 iterations
[INFO] [1790552626.686525347] [pose_estimator]: RPE: trans 0.0248 | rot 0.00197 (0.080 deg)
Matched 321 keypoints
[INFO] [1790552626.813340805] [pose_estimator]: RANSAC: 283 inliers / 321, 13 iterations
[INFO] [1790552626.813529597] [pose_estimator]: RPE: trans 0.0097 | rot 0.00074 (0.030 deg)
Matched 364 keypoints
[INFO] [1790552626.934298055] [pose_estimator]: RANSAC: 311 inliers / 364, 14 iterations
[INFO] [1790552626.934472763] [pose_estimator]: RPE: trans 0.8977 | rot 0.01542 (0.625 deg)
Matched 327 keypoints
[INFO] [1790552627.053963888] [pose_estimator]: RANSAC: 274 inliers / 327, 17 iterations
[INFO] [1790552627.056015472] [pose_estimator]: RPE: trans 0.0709 | rot 0.00375 (0.152 deg)
Matched 321 keypoints
[INFO] [1790552627.183427722] [pose_estimator]: RANSAC: 266 inliers / 321, 19 iterations
[INFO] [1790552627.183600680] [pose_estimator]: RPE: trans 0.1179 | rot 0.00223 (0.090 deg)
Matched 339 keypoints
[INFO] [1790552627.302665930] [pose_estimator]: RANSAC: 293 inliers / 339, 13 iterations
[INFO] [1790552627.302852972] [pose_estimator]: RPE: trans 1.0530 | rot 0.01908 (0.773 deg)
Matched 314 keypoints
[INFO] [1790552627.421472139] [pose_estimator]: RANSAC: 255 inliers / 314, 29 iterations
[INFO] [1790552627.422012097] [pose_estimator]: RPE: trans 0.0185 | rot 0.00081 (0.033 deg)
Matched 323 keypoints
[INFO] [1790552627.542501555] [pose_estimator]: RANSAC: 261 inliers / 323, 23 iterations
[INFO] [1790552627.542669680] [pose_estimator]: RPE: trans 0.9538 | rot 0.04160 (1.686 deg)
Matched 323 keypoints
[INFO] [1790552627.663335472] [pose_estimator]: RANSAC: 264 inliers / 323, 21 iterations
[INFO] [1790552627.663514972] [pose_estimator]: RPE: trans 0.0249 | rot 0.00102 (0.041 deg)
Matched 312 keypoints
[INFO] [1790552627.783214014] [pose_estimator]: RANSAC: 255 inliers / 312, 21 iterations
[INFO] [1790552627.783396847] [pose_estimator]: RPE: trans 0.2736 | rot 0.00610 (0.247 deg)
Matched 336 keypoints
[INFO] [1790552627.911359055] [pose_estimator]: RANSAC: 284 inliers / 336, 17 iterations
[INFO] [1790552627.914123930] [pose_estimator]: RPE: trans 0.5798 | rot 0.01670 (0.677 deg)
Matched 322 keypoints
[INFO] [1790552628.034900291] [pose_estimator]: RANSAC: 256 inliers / 322, 27 iterations
[INFO] [1790552628.035108791] [pose_estimator]: RPE: trans 0.0402 | rot 0.00156 (0.063 deg)
Matched 332 keypoints
[INFO] [1790552628.155889916] [pose_estimator]: RANSAC: 280 inliers / 332, 16 iterations
[INFO] [1790552628.156062875] [pose_estimator]: RPE: trans 0.0167 | rot 0.00081 (0.033 deg)
Matched 347 keypoints
[INFO] [1790552628.284331625] [pose_estimator]: RANSAC: 287 inliers / 347, 19 iterations
[INFO] [1790552628.284516375] [pose_estimator]: RPE: trans 0.0237 | rot 0.00077 (0.031 deg)
Matched 334 keypoints
[INFO] [1790552628.428888416] [pose_estimator]: RANSAC: 285 inliers / 334, 28 iterations
[INFO] [1790552628.430260833] [pose_estimator]: RPE: trans 0.0331 | rot 0.00088 (0.036 deg)
Matched 322 keypoints
[INFO] [1790552628.561458625] [pose_estimator]: RANSAC: 274 inliers / 322, 15 iterations
[INFO] [1790552628.561629208] [pose_estimator]: RPE: trans 0.0451 | rot 0.00077 (0.031 deg)
Matched 316 keypoints
[INFO] [1790552628.684785750] [pose_estimator]: RANSAC: 271 inliers / 316, 14 iterations
[INFO] [1790552628.684939125] [pose_estimator]: RPE: trans 0.0036 | rot 0.00041 (0.017 deg)
Matched 322 keypoints
[INFO] [1790552628.815434292] [pose_estimator]: RANSAC: 277 inliers / 322, 13 iterations
[INFO] [1790552628.818233250] [pose_estimator]: RPE: trans 0.8638 | rot 0.01380 (0.559 deg)
Matched 319 keypoints
[INFO] [1790552628.940952583] [pose_estimator]: RANSAC: 257 inliers / 319, 24 iterations
[INFO] [1790552628.941166667] [pose_estimator]: RPE: trans 0.7290 | rot 0.03353 (1.359 deg)
Matched 277 keypoints
[INFO] [1790552629.057065333] [pose_estimator]: RANSAC: 238 inliers / 277, 14 iterations
[INFO] [1790552629.057249833] [pose_estimator]: RPE: trans 0.0175 | rot 0.00152 (0.062 deg)
Matched 276 keypoints
[INFO] [1790552629.170915500] [pose_estimator]: RANSAC: 231 inliers / 276, 17 iterations
[INFO] [1790552629.171118375] [pose_estimator]: RPE: trans 0.0169 | rot 0.00056 (0.023 deg)
Matched 287 keypoints
[INFO] [1790552629.289864875] [pose_estimator]: RANSAC: 243 inliers / 287, 16 iterations
[INFO] [1790552629.291855292] [pose_estimator]: RPE: trans 0.8308 | rot 0.01295 (0.525 deg)
Matched 258 keypoints
[INFO] [1790552629.409964292] [pose_estimator]: RANSAC: 214 inliers / 258, 19 iterations
[INFO] [1790552629.410158834] [pose_estimator]: RPE: trans 0.0536 | rot 0.00104 (0.042 deg)
Matched 291 keypoints
[INFO] [1790552629.529087042] [pose_estimator]: RANSAC: 224 inliers / 291, 36 iterations
[INFO] [1790552629.529251834] [pose_estimator]: RPE: trans 0.4155 | rot 0.01082 (0.438 deg)
Matched 261 keypoints
[INFO] [1790552629.647362250] [pose_estimator]: RANSAC: 228 inliers / 261, 12 iterations
[INFO] [1790552629.649388459] [pose_estimator]: RPE: trans 0.0330 | rot 0.00127 (0.052 deg)
Matched 262 keypoints
[INFO] [1790552629.764096250] [pose_estimator]: RANSAC: 215 inliers / 262, 21 iterations
[INFO] [1790552629.764257459] [pose_estimator]: RPE: trans 0.0016 | rot 0.00169 (0.069 deg)
Matched 273 keypoints
[INFO] [1790552629.877910167] [pose_estimator]: RANSAC: 228 inliers / 273, 18 iterations
[INFO] [1790552629.878088459] [pose_estimator]: RPE: trans 0.0137 | rot 0.00087 (0.035 deg)
Matched 240 keypoints
[INFO] [1790552630.002454500] [pose_estimator]: RANSAC: 192 inliers / 240, 26 iterations
[INFO] [1790552630.002648334] [pose_estimator]: RPE: trans 0.0885 | rot 0.00335 (0.136 deg)
Matched 236 keypoints
[INFO] [1790552630.117319459] [pose_estimator]: RANSAC: 204 inliers / 236, 13 iterations
[INFO] [1790552630.117661709] [pose_estimator]: RPE: trans 0.0398 | rot 0.00176 (0.071 deg)
Matched 231 keypoints
[INFO] [1790552630.232527126] [pose_estimator]: RANSAC: 182 inliers / 231, 29 iterations
[INFO] [1790552630.232707584] [pose_estimator]: RPE: trans 0.0533 | rot 0.00196 (0.079 deg)
Matched 240 keypoints
[INFO] [1790552630.341611834] [pose_estimator]: RANSAC: 197 inliers / 240, 20 iterations
[INFO] [1790552630.341779751] [pose_estimator]: RPE: trans 0.0388 | rot 0.00096 (0.039 deg)
Matched 238 keypoints
[INFO] [1790552630.452772709] [pose_estimator]: RANSAC: 197 inliers / 238, 19 iterations
[INFO] [1790552630.452951542] [pose_estimator]: RPE: trans 0.0144 | rot 0.00155 (0.063 deg)
Matched 265 keypoints
[INFO] [1790552630.568155209] [pose_estimator]: RANSAC: 222 inliers / 265, 17 iterations
[INFO] [1790552630.568844959] [pose_estimator]: RPE: trans 0.9413 | rot 0.01577 (0.639 deg)
Matched 259 keypoints
[INFO] [1790552630.684930876] [pose_estimator]: RANSAC: 222 inliers / 259, 14 iterations
[INFO] [1790552630.685118917] [pose_estimator]: RPE: trans 0.9037 | rot 0.01687 (0.683 deg)
Matched 219 keypoints
[INFO] [1790552630.796070251] [pose_estimator]: RANSAC: 190 inliers / 219, 12 iterations
[INFO] [1790552630.796240709] [pose_estimator]: RPE: trans 0.0110 | rot 0.00189 (0.076 deg)
Matched 217 keypoints
[INFO] [1790552630.906435918] [pose_estimator]: RANSAC: 163 inliers / 217, 44 iterations
[INFO] [1790552630.906612751] [pose_estimator]: RPE: trans 0.0553 | rot 0.00252 (0.102 deg)
Matched 221 keypoints
[INFO] [1790552631.020630168] [pose_estimator]: RANSAC: 195 inliers / 221, 11 iterations
[INFO] [1790552631.029938209] [pose_estimator]: RPE: trans 0.8858 | rot 0.01217 (0.493 deg)
Matched 187 keypoints
[INFO] [1790552631.146457626] [pose_estimator]: RANSAC: 145 inliers / 187, 33 iterations
[INFO] [1790552631.146636834] [pose_estimator]: RPE: trans 0.2423 | rot 0.00689 (0.279 deg)
Matched 201 keypoints
[INFO] [1790552631.255279209] [pose_estimator]: RANSAC: 168 inliers / 201, 30 iterations
[INFO] [1790552631.255453209] [pose_estimator]: RPE: trans 0.0150 | rot 0.00094 (0.038 deg)
Matched 191 keypoints
[INFO] [1790552631.362784876] [pose_estimator]: RANSAC: 161 inliers / 191, 16 iterations
[INFO] [1790552631.362943459] [pose_estimator]: RPE: trans 0.0190 | rot 0.00044 (0.018 deg)
Matched 203 keypoints
[INFO] [1790552631.470268751] [pose_estimator]: RANSAC: 162 inliers / 203, 26 iterations
[INFO] [1790552631.472782126] [pose_estimator]: RPE: trans 0.7765 | rot 0.01527 (0.619 deg)
Matched 206 keypoints
[INFO] [1790552631.589570751] [pose_estimator]: RANSAC: 155 inliers / 206, 43 iterations
[INFO] [1790552631.589760210] [pose_estimator]: RPE: trans 0.4219 | rot 0.00974 (0.395 deg)
Matched 195 keypoints
[INFO] [1790552631.696403668] [pose_estimator]: RANSAC: 161 inliers / 195, 19 iterations
[INFO] [1790552631.696578168] [pose_estimator]: RPE: trans 0.0967 | rot 0.00247 (0.100 deg)
Matched 224 keypoints
[INFO] [1790552631.805078460] [pose_estimator]: RANSAC: 169 inliers / 224, 42 iterations
[INFO] [1790552631.805271293] [pose_estimator]: RPE: trans 0.5926 | rot 0.01480 (0.600 deg)
Matched 203 keypoints
[INFO] [1790552631.914434126] [pose_estimator]: RANSAC: 169 inliers / 203, 21 iterations
[INFO] [1790552631.916566501] [pose_estimator]: RPE: trans 1.1056 | rot 0.01676 (0.679 deg)
Matched 225 keypoints
[INFO] [1790552632.043199668] [pose_estimator]: RANSAC: 187 inliers / 225, 18 iterations
[INFO] [1790552632.043372043] [pose_estimator]: RPE: trans 0.3410 | rot 0.00637 (0.258 deg)
Matched 202 keypoints
[INFO] [1790552632.151865418] [pose_estimator]: RANSAC: 165 inliers / 202, 21 iterations
[INFO] [1790552632.152069377] [pose_estimator]: RPE: trans 0.0430 | rot 0.00077 (0.031 deg)
Matched 186 keypoints
[INFO] [1790552632.259144918] [pose_estimator]: RANSAC: 145 inliers / 186, 32 iterations
[INFO] [1790552632.259277418] [pose_estimator]: RPE: trans 0.1232 | rot 0.00443 (0.180 deg)
Matched 214 keypoints
[INFO] [1790552632.393325918] [pose_estimator]: RANSAC: 174 inliers / 214, 22 iterations
[INFO] [1790552632.401113752] [pose_estimator]: RPE: trans 0.5431 | rot 0.01120 (0.454 deg)
Matched 229 keypoints
[INFO] [1790552632.519948418] [pose_estimator]: RANSAC: 191 inliers / 229, 18 iterations
[INFO] [1790552632.520121585] [pose_estimator]: RPE: trans 1.0026 | rot 0.01595 (0.646 deg)
Matched 203 keypoints
[INFO] [1790552632.652649752] [pose_estimator]: RANSAC: 169 inliers / 203, 18 iterations
[INFO] [1790552632.652825252] [pose_estimator]: RPE: trans 0.0116 | rot 0.00123 (0.050 deg)
Matched 221 keypoints
[INFO] [1790552632.761525877] [pose_estimator]: RANSAC: 175 inliers / 221, 28 iterations
[INFO] [1790552632.761688835] [pose_estimator]: RPE: trans 0.0188 | rot 0.00108 (0.044 deg)
Matched 192 keypoints
[INFO] [1790552632.881451419] [pose_estimator]: RANSAC: 164 inliers / 192, 14 iterations
[INFO] [1790552632.886541752] [pose_estimator]: RPE: trans 0.0631 | rot 0.00100 (0.040 deg)
Matched 216 keypoints
[INFO] [1790552633.001333210] [pose_estimator]: RANSAC: 180 inliers / 216, 19 iterations
[INFO] [1790552633.001507544] [pose_estimator]: RPE: trans 0.3358 | rot 0.00791 (0.321 deg)
Matched 226 keypoints
[INFO] [1790552633.110423460] [pose_estimator]: RANSAC: 193 inliers / 226, 14 iterations
[INFO] [1790552633.110594419] [pose_estimator]: RPE: trans 0.0112 | rot 0.00085 (0.034 deg)
Matched 209 keypoints
[INFO] [1790552633.221845919] [pose_estimator]: RANSAC: 180 inliers / 209, 13 iterations
[INFO] [1790552633.222009377] [pose_estimator]: RPE: trans 0.7004 | rot 0.02103 (0.852 deg)
Matched 218 keypoints
[INFO] [1790552633.337298294] [pose_estimator]: RANSAC: 171 inliers / 218, 30 iterations
[INFO] [1790552633.338763877] [pose_estimator]: RPE: trans 0.0341 | rot 0.00220 (0.089 deg)
Matched 197 keypoints
[INFO] [1790552633.447856710] [pose_estimator]: RANSAC: 165 inliers / 197, 17 iterations
[INFO] [1790552633.448029710] [pose_estimator]: RPE: trans 0.6334 | rot 0.00820 (0.332 deg)
Matched 203 keypoints
[INFO] [1790552633.555309419] [pose_estimator]: RANSAC: 171 inliers / 203, 16 iterations
[INFO] [1790552633.555490794] [pose_estimator]: RPE: trans 0.0585 | rot 0.00189 (0.076 deg)
Matched 216 keypoints
[INFO] [1790552633.663877419] [pose_estimator]: RANSAC: 179 inliers / 216, 19 iterations
[INFO] [1790552633.664053752] [pose_estimator]: RPE: trans 1.0600 | rot 0.02283 (0.925 deg)
Matched 184 keypoints
[INFO] [1790552633.775256336] [pose_estimator]: RANSAC: 150 inliers / 184, 22 iterations
[INFO] [1790552633.778097586] [pose_estimator]: RPE: trans 0.0303 | rot 0.00125 (0.051 deg)
Matched 194 keypoints
[INFO] [1790552633.890372877] [pose_estimator]: RANSAC: 157 inliers / 194, 23 iterations
[INFO] [1790552633.890553086] [pose_estimator]: RPE: trans 0.9136 | rot 0.01354 (0.549 deg)
Matched 181 keypoints
[INFO] [1790552633.996430836] [pose_estimator]: RANSAC: 155 inliers / 181, 14 iterations
[INFO] [1790552633.996607627] [pose_estimator]: RPE: trans 0.0244 | rot 0.00056 (0.023 deg)
Matched 203 keypoints
[INFO] [1790552634.104217377] [pose_estimator]: RANSAC: 173 inliers / 203, 15 iterations
[INFO] [1790552634.104405919] [pose_estimator]: RPE: trans 0.8307 | rot 0.01167 (0.473 deg)
Matched 207 keypoints
[INFO] [1790552634.214728211] [pose_estimator]: RANSAC: 182 inliers / 207, 13 iterations
[INFO] [1790552634.215052544] [pose_estimator]: RPE: trans 0.7835 | rot 0.01165 (0.472 deg)
Matched 218 keypoints
[INFO] [1790552634.335058628] [pose_estimator]: RANSAC: 154 inliers / 218, 72 iterations
[INFO] [1790552634.335257211] [pose_estimator]: RPE: trans 0.1622 | rot 0.00575 (0.233 deg)
Matched 201 keypoints
[INFO] [1790552634.444592003] [pose_estimator]: RANSAC: 168 inliers / 201, 28 iterations
[INFO] [1790552634.444783128] [pose_estimator]: RPE: trans 0.0795 | rot 0.00209 (0.085 deg)
Matched 213 keypoints
[INFO] [1790552634.554558544] [pose_estimator]: RANSAC: 172 inliers / 213, 24 iterations
[INFO] [1790552634.554747878] [pose_estimator]: RPE: trans 0.6842 | rot 0.02011 (0.815 deg)
Matched 205 keypoints
[INFO] [1790552634.720711378] [pose_estimator]: RANSAC: 178 inliers / 205, 12 iterations
[INFO] [1790552634.726981086] [pose_estimator]: RPE: trans 0.4831 | rot 0.00656 (0.266 deg)
Matched 183 keypoints
[INFO] [1790552634.842919419] [pose_estimator]: RANSAC: 146 inliers / 183, 26 iterations
[INFO] [1790552634.843100169] [pose_estimator]: RPE: trans 0.0319 | rot 0.00066 (0.027 deg)
Matched 172 keypoints
[INFO] [1790552634.952025253] [pose_estimator]: RANSAC: 133 inliers / 172, 34 iterations
[INFO] [1790552634.952191503] [pose_estimator]: RPE: trans 0.0570 | rot 0.00313 (0.127 deg)
Matched 161 keypoints
[INFO] [1790552635.061391878] [pose_estimator]: RANSAC: 134 inliers / 161, 18 iterations
[INFO] [1790552635.062538211] [pose_estimator]: RPE: trans 0.1272 | rot 0.00404 (0.164 deg)
Matched 156 keypoints
[INFO] [1790552635.171754920] [pose_estimator]: RANSAC: 126 inliers / 156, 24 iterations
[INFO] [1790552635.174029253] [pose_estimator]: RPE: trans 0.1388 | rot 0.00373 (0.151 deg)
Matched 189 keypoints
[INFO] [1790552635.282327211] [pose_estimator]: RANSAC: 144 inliers / 189, 39 iterations
[INFO] [1790552635.282520545] [pose_estimator]: RPE: trans 0.4093 | rot 0.00752 (0.305 deg)
Matched 178 keypoints
[INFO] [1790552635.392932836] [pose_estimator]: RANSAC: 136 inliers / 178, 38 iterations
[INFO] [1790552635.393115253] [pose_estimator]: RPE: trans 0.1256 | rot 0.00242 (0.098 deg)
Matched 191 keypoints
[INFO] [1790552635.502040086] [pose_estimator]: RANSAC: 146 inliers / 191, 41 iterations
[INFO] [1790552635.502213420] [pose_estimator]: RPE: trans 0.4659 | rot 0.01629 (0.660 deg)
Matched 177 keypoints
[INFO] [1790552635.615465128] [pose_estimator]: RANSAC: 122 inliers / 177, 89 iterations
[INFO] [1790552635.622556503] [pose_estimator]: RPE: trans 1.2855 | rot 0.03700 (1.499 deg)
Matched 184 keypoints
[INFO] [1790552635.732028962] [pose_estimator]: RANSAC: 149 inliers / 184, 23 iterations
[INFO] [1790552635.732200795] [pose_estimator]: RPE: trans 0.6513 | rot 0.01756 (0.711 deg)
Matched 181 keypoints
[INFO] [1790552635.839373837] [pose_estimator]: RANSAC: 142 inliers / 181, 30 iterations
[INFO] [1790552635.839544878] [pose_estimator]: RPE: trans 0.3252 | rot 0.01030 (0.417 deg)
Matched 169 keypoints
[INFO] [1790552635.948959545] [pose_estimator]: RANSAC: 131 inliers / 169, 33 iterations
[INFO] [1790552635.949127545] [pose_estimator]: RPE: trans 0.1565 | rot 0.01418 (0.574 deg)
Matched 179 keypoints
[INFO] [1790552636.060881045] [pose_estimator]: RANSAC: 138 inliers / 179, 35 iterations
[INFO] [1790552636.064248253] [pose_estimator]: RPE: trans 0.3973 | rot 0.02207 (0.894 deg)
Matched 197 keypoints
[INFO] [1790552636.179735462] [pose_estimator]: RANSAC: 157 inliers / 197, 26 iterations
[INFO] [1790552636.179907253] [pose_estimator]: RPE: trans 0.3117 | rot 0.01176 (0.476 deg)
Matched 225 keypoints
[INFO] [1790552636.291687712] [pose_estimator]: RANSAC: 175 inliers / 225, 33 iterations
[INFO] [1790552636.291860378] [pose_estimator]: RPE: trans 0.0886 | rot 0.00275 (0.111 deg)
Matched 209 keypoints
[INFO] [1790552636.398601504] [pose_estimator]: RANSAC: 165 inliers / 209, 29 iterations
[INFO] [1790552636.398770295] [pose_estimator]: RPE: trans 0.0782 | rot 0.00244 (0.099 deg)
Matched 213 keypoints
[INFO] [1790552636.515098045] [pose_estimator]: RANSAC: 165 inliers / 213, 36 iterations
[INFO] [1790552636.518421254] [pose_estimator]: RPE: trans 0.5401 | rot 0.01946 (0.789 deg)
Matched 214 keypoints
[INFO] [1790552636.635820670] [pose_estimator]: RANSAC: 160 inliers / 214, 45 iterations
[INFO] [1790552636.636025545] [pose_estimator]: RPE: trans 0.1615 | rot 0.00537 (0.218 deg)
Matched 235 keypoints
[INFO] [1790552636.750041920] [pose_estimator]: RANSAC: 169 inliers / 235, 63 iterations
[INFO] [1790552636.750230212] [pose_estimator]: RPE: trans 0.6162 | rot 0.03473 (1.407 deg)
Matched 188 keypoints
[INFO] [1790552636.859782212] [pose_estimator]: RANSAC: 141 inliers / 188, 44 iterations
[INFO] [1790552636.860805795] [pose_estimator]: RPE: trans 0.0380 | rot 0.00187 (0.076 deg)
Matched 165 keypoints
[INFO] [1790552636.970179420] [pose_estimator]: RANSAC: 122 inliers / 165, 50 iterations
[INFO] [1790552636.970449295] [pose_estimator]: RPE: trans 0.5423 | rot 0.02192 (0.888 deg)
Matched 167 keypoints
[INFO] [1790552637.081534962] [pose_estimator]: RANSAC: 132 inliers / 167, 28 iterations
[INFO] [1790552637.081725796] [pose_estimator]: RPE: trans 0.3897 | rot 0.00721 (0.292 deg)
Matched 124 keypoints
[INFO] [1790552637.183102504] [pose_estimator]: RANSAC: 103 inliers / 124, 18 iterations
[INFO] [1790552637.183272504] [pose_estimator]: RPE: trans 0.1051 | rot 0.00393 (0.159 deg)
Matched 171 keypoints
[INFO] [1790552637.286561296] [pose_estimator]: RANSAC: 135 inliers / 171, 29 iterations
[INFO] [1790552637.286760504] [pose_estimator]: RPE: trans 0.1583 | rot 0.00400 (0.162 deg)
Matched 171 keypoints
[INFO] [1790552637.399986171] [pose_estimator]: RANSAC: 140 inliers / 171, 21 iterations
[INFO] [1790552637.402263379] [pose_estimator]: RPE: trans 0.1108 | rot 0.00363 (0.147 deg)
Matched 182 keypoints
[INFO] [1790552637.515896171] [pose_estimator]: RANSAC: 143 inliers / 182, 30 iterations
[INFO] [1790552637.516080754] [pose_estimator]: RPE: trans 1.0397 | rot 0.01298 (0.526 deg)
Matched 178 keypoints
[INFO] [1790552637.622386046] [pose_estimator]: RANSAC: 158 inliers / 178, 11 iterations
[INFO] [1790552637.622572712] [pose_estimator]: RPE: trans 0.6561 | rot 0.00987 (0.400 deg)
Matched 191 keypoints
[INFO] [1790552637.731552629] [pose_estimator]: RANSAC: 171 inliers / 191, 9 iterations
[INFO] [1790552637.731732754] [pose_estimator]: RPE: trans 0.6686 | rot 0.01823 (0.739 deg)
Matched 161 keypoints
[INFO] [1790552637.841932504] [pose_estimator]: RANSAC: 138 inliers / 161, 14 iterations
[INFO] [1790552637.844049963] [pose_estimator]: RPE: trans 0.1328 | rot 0.00553 (0.224 deg)
Matched 160 keypoints
[INFO] [1790552637.954628921] [pose_estimator]: RANSAC: 134 inliers / 160, 17 iterations
[INFO] [1790552637.954898796] [pose_estimator]: RPE: trans 0.2070 | rot 0.01042 (0.422 deg)
Matched 169 keypoints
[INFO] [1790552638.060241838] [pose_estimator]: RANSAC: 141 inliers / 169, 18 iterations
[INFO] [1790552638.060421546] [pose_estimator]: RPE: trans 0.3109 | rot 0.00836 (0.339 deg)
Matched 136 keypoints
[INFO] [1790552638.165398671] [pose_estimator]: RANSAC: 105 inliers / 136, 35 iterations
[INFO] [1790552638.165556963] [pose_estimator]: RPE: trans 0.3436 | rot 0.01937 (0.785 deg)
Matched 132 keypoints
[INFO] [1790552638.274801546] [pose_estimator]: RANSAC: 107 inliers / 132, 23 iterations
[INFO] [1790552638.276044504] [pose_estimator]: RPE: trans 0.0205 | rot 0.00462 (0.187 deg)
Matched 159 keypoints
[INFO] [1790552638.387138213] [pose_estimator]: RANSAC: 134 inliers / 159, 16 iterations
[INFO] [1790552638.387336463] [pose_estimator]: RPE: trans 0.1734 | rot 0.00261 (0.106 deg)
Matched 135 keypoints
[INFO] [1790552638.487468338] [pose_estimator]: RANSAC: 118 inliers / 135, 12 iterations
[INFO] [1790552638.487648921] [pose_estimator]: RPE: trans 0.1516 | rot 0.00589 (0.239 deg)
Matched 150 keypoints
[INFO] [1790552638.588099046] [pose_estimator]: RANSAC: 125 inliers / 150, 18 iterations
[INFO] [1790552638.588279255] [pose_estimator]: RPE: trans 0.2607 | rot 0.00352 (0.143 deg)
Matched 138 keypoints
[INFO] [1790552638.693263463] [pose_estimator]: RANSAC: 116 inliers / 138, 17 iterations
[INFO] [1790552638.693858796] [pose_estimator]: RPE: trans 0.1000 | rot 0.00287 (0.116 deg)
Matched 131 keypoints
[INFO] [1790552638.827046213] [pose_estimator]: RANSAC: 107 inliers / 131, 21 iterations
[INFO] [1790552638.827226171] [pose_estimator]: RPE: trans 0.2671 | rot 0.00604 (0.245 deg)
Matched 133 keypoints
[INFO] [1790552638.929919671] [pose_estimator]: RANSAC: 118 inliers / 133, 10 iterations
[INFO] [1790552638.930091671] [pose_estimator]: RPE: trans 0.4611 | rot 0.01079 (0.437 deg)
Matched 148 keypoints
[INFO] [1790552639.037295463] [pose_estimator]: RANSAC: 112 inliers / 148, 41 iterations
[INFO] [1790552639.037461338] [pose_estimator]: RPE: trans 0.3119 | rot 0.00832 (0.337 deg)
Matched 152 keypoints
[INFO] [1790552639.144462422] [pose_estimator]: RANSAC: 131 inliers / 152, 15 iterations
[INFO] [1790552639.146533255] [pose_estimator]: RPE: trans 0.3199 | rot 0.00922 (0.374 deg)
Matched 147 keypoints
[INFO] [1790552639.257172547] [pose_estimator]: RANSAC: 124 inliers / 147, 16 iterations
[INFO] [1790552639.257367297] [pose_estimator]: RPE: trans 0.1034 | rot 0.00366 (0.148 deg)
Matched 173 keypoints
[INFO] [1790552639.362884005] [pose_estimator]: RANSAC: 150 inliers / 173, 12 iterations
[INFO] [1790552639.363065547] [pose_estimator]: RPE: trans 0.2804 | rot 0.00803 (0.325 deg)
Matched 140 keypoints
[INFO] [1790552639.467633422] [pose_estimator]: RANSAC: 119 inliers / 140, 15 iterations
[INFO] [1790552639.467803630] [pose_estimator]: RPE: trans 0.1879 | rot 0.00570 (0.231 deg)
Matched 155 keypoints
[INFO] [1790552639.575669755] [pose_estimator]: RANSAC: 116 inliers / 155, 59 iterations
[INFO] [1790552639.576827838] [pose_estimator]: RPE: trans 0.2141 | rot 0.01083 (0.439 deg)
Matched 159 keypoints
[INFO] [1790552639.684939213] [pose_estimator]: RANSAC: 130 inliers / 159, 23 iterations
[INFO] [1790552639.685101380] [pose_estimator]: RPE: trans 0.3957 | rot 0.00663 (0.269 deg)
Matched 143 keypoints
[INFO] [1790552639.793237922] [pose_estimator]: RANSAC: 108 inliers / 143, 42 iterations
[INFO] [1790552639.793426505] [pose_estimator]: RPE: trans 0.2372 | rot 0.01347 (0.546 deg)
Matched 180 keypoints
[INFO] [1790552639.898281880] [pose_estimator]: RANSAC: 144 inliers / 180, 26 iterations
[INFO] [1790552639.899031339] [pose_estimator]: RPE: trans 0.2744 | rot 0.00861 (0.349 deg)
Matched 137 keypoints
[INFO] [1790552640.003226047] [pose_estimator]: RANSAC: 112 inliers / 137, 21 iterations
[INFO] [1790552640.006028339] [pose_estimator]: RPE: trans 0.0659 | rot 0.00386 (0.157 deg)
Matched 169 keypoints
[INFO] [1790552640.125041714] [pose_estimator]: RANSAC: 132 inliers / 169, 31 iterations
[INFO] [1790552640.134997214] [pose_estimator]: RPE: trans 0.6766 | rot 0.01955 (0.792 deg)
Matched 142 keypoints
[INFO] [1790552640.243514339] [pose_estimator]: RANSAC: 115 inliers / 142, 23 iterations
[INFO] [1790552640.243680255] [pose_estimator]: RPE: trans 0.0213 | rot 0.00320 (0.130 deg)
Matched 186 keypoints
[INFO] [1790552640.350870297] [pose_estimator]: RANSAC: 154 inliers / 186, 19 iterations
[INFO] [1790552640.351050339] [pose_estimator]: RPE: trans 1.3416 | rot 0.01894 (0.768 deg)
Matched 174 keypoints
[INFO] [1790552640.466180214] [pose_estimator]: RANSAC: 144 inliers / 174, 19 iterations
[INFO] [1790552640.468421380] [pose_estimator]: RPE: trans 0.3333 | rot 0.01083 (0.439 deg)
Matched 174 keypoints
[INFO] [1790552640.579691047] [pose_estimator]: RANSAC: 149 inliers / 174, 23 iterations
[INFO] [1790552640.583794714] [pose_estimator]: RPE: trans 0.2973 | rot 0.00379 (0.154 deg)
Matched 173 keypoints
[INFO] [1790552640.696990631] [pose_estimator]: RANSAC: 123 inliers / 173, 69 iterations
[INFO] [1790552640.697180172] [pose_estimator]: RPE: trans 0.2021 | rot 0.00637 (0.258 deg)
Matched 140 keypoints
[INFO] [1790552640.802625881] [pose_estimator]: RANSAC: 121 inliers / 140, 13 iterations
[INFO] [1790552640.802818006] [pose_estimator]: RPE: trans 0.0364 | rot 0.00207 (0.084 deg)
Matched 181 keypoints
[INFO] [1790552640.907512006] [pose_estimator]: RANSAC: 148 inliers / 181, 21 iterations
[INFO] [1790552640.912172672] [pose_estimator]: RPE: trans 0.2754 | rot 0.00308 (0.125 deg)
Matched 164 keypoints
[INFO] [1790552641.020847922] [pose_estimator]: RANSAC: 140 inliers / 164, 23 iterations
[INFO] [1790552641.025101089] [pose_estimator]: RPE: trans 0.2770 | rot 0.00402 (0.163 deg)
Matched 190 keypoints
[INFO] [1790552641.136825047] [pose_estimator]: RANSAC: 157 inliers / 190, 19 iterations
[INFO] [1790552641.137096881] [pose_estimator]: RPE: trans 0.3443 | rot 0.00752 (0.305 deg)
Matched 181 keypoints
[INFO] [1790552641.248928464] [pose_estimator]: RANSAC: 151 inliers / 181, 18 iterations
[INFO] [1790552641.249122423] [pose_estimator]: RPE: trans 0.2838 | rot 0.00980 (0.397 deg)
Matched 207 keypoints
[INFO] [1790552641.393756673] [pose_estimator]: RANSAC: 172 inliers / 207, 18 iterations
[INFO] [1790552641.394435881] [pose_estimator]: RPE: trans 0.2560 | rot 0.00283 (0.115 deg)
Matched 187 keypoints
[INFO] [1790552641.504276881] [pose_estimator]: RANSAC: 155 inliers / 187, 19 iterations
[INFO] [1790552641.507197839] [pose_estimator]: RPE: trans 0.1725 | rot 0.00329 (0.133 deg)
Matched 180 keypoints
[INFO] [1790552641.631328298] [pose_estimator]: RANSAC: 163 inliers / 180, 8 iterations
[INFO] [1790552641.631531881] [pose_estimator]: RPE: trans 1.9953 | rot 0.01770 (0.717 deg)
Matched 199 keypoints
[INFO] [1790552641.745023798] [pose_estimator]: RANSAC: 179 inliers / 199, 9 iterations
[INFO] [1790552641.745218048] [pose_estimator]: RPE: trans 1.9650 | rot 0.02464 (0.998 deg)
Matched 212 keypoints
[INFO] [1790552641.855030714] [pose_estimator]: RANSAC: 175 inliers / 212, 19 iterations
[INFO] [1790552641.856193131] [pose_estimator]: RPE: trans 0.2473 | rot 0.01459 (0.591 deg)
Matched 200 keypoints
[INFO] [1790552641.967911340] [pose_estimator]: RANSAC: 174 inliers / 200, 23 iterations
[INFO] [1790552641.968085715] [pose_estimator]: RPE: trans 0.3430 | rot 0.01240 (0.502 deg)
Matched 197 keypoints
[INFO] [1790552642.075316965] [pose_estimator]: RANSAC: 165 inliers / 197, 24 iterations
[INFO] [1790552642.075494548] [pose_estimator]: RPE: trans 0.2230 | rot 0.00744 (0.302 deg)
Matched 216 keypoints
[INFO] [1790552642.182580006] [pose_estimator]: RANSAC: 178 inliers / 216, 20 iterations
[INFO] [1790552642.182758590] [pose_estimator]: RPE: trans 1.9112 | rot 0.01834 (0.743 deg)
Matched 180 keypoints
[INFO] [1790552642.292481465] [pose_estimator]: RANSAC: 150 inliers / 180, 18 iterations
[INFO] [1790552642.295770090] [pose_estimator]: RPE: trans 0.0292 | rot 0.00122 (0.049 deg)
Matched 194 keypoints
[INFO] [1790552642.410380090] [pose_estimator]: RANSAC: 168 inliers / 194, 13 iterations
[INFO] [1790552642.410527881] [pose_estimator]: RPE: trans 0.8069 | rot 0.01640 (0.665 deg)
Matched 212 keypoints
[INFO] [1790552642.516990048] [pose_estimator]: RANSAC: 181 inliers / 212, 14 iterations
[INFO] [1790552642.517169965] [pose_estimator]: RPE: trans 1.5134 | rot 0.01225 (0.496 deg)
Matched 198 keypoints
[INFO] [1790552642.624427048] [pose_estimator]: RANSAC: 173 inliers / 198, 12 iterations
[INFO] [1790552642.624591923] [pose_estimator]: RPE: trans 1.6355 | rot 0.01878 (0.761 deg)
Matched 211 keypoints
[INFO] [1790552642.733599090] [pose_estimator]: RANSAC: 181 inliers / 211, 19 iterations
[INFO] [1790552642.733967465] [pose_estimator]: RPE: trans 1.5983 | rot 0.01485 (0.602 deg)
Matched 196 keypoints
[INFO] [1790552642.843978590] [pose_estimator]: RANSAC: 166 inliers / 196, 15 iterations
[INFO] [1790552642.844155882] [pose_estimator]: RPE: trans 0.2503 | rot 0.00573 (0.232 deg)
Matched 202 keypoints
[INFO] [1790552642.952845382] [pose_estimator]: RANSAC: 170 inliers / 202, 26 iterations
[INFO] [1790552642.952992507] [pose_estimator]: RPE: trans 1.2635 | rot 0.01781 (0.721 deg)
Matched 205 keypoints
[INFO] [1790552643.063520798] [pose_estimator]: RANSAC: 174 inliers / 205, 15 iterations
[INFO] [1790552643.063717757] [pose_estimator]: RPE: trans 0.7414 | rot 0.01084 (0.439 deg)
Matched 201 keypoints
[INFO] [1790552643.177226090] [pose_estimator]: RANSAC: 172 inliers / 201, 14 iterations
[INFO] [1790552643.177753382] [pose_estimator]: RPE: trans 0.9228 | rot 0.01200 (0.486 deg)
Matched 173 keypoints
[INFO] [1790552643.286696340] [pose_estimator]: RANSAC: 145 inliers / 173, 17 iterations
[INFO] [1790552643.286885715] [pose_estimator]: RPE: trans 0.5180 | rot 0.01611 (0.653 deg)
Matched 188 keypoints
[INFO] [1790552643.400266840] [pose_estimator]: RANSAC: 145 inliers / 188, 35 iterations
[INFO] [1790552643.400448507] [pose_estimator]: RPE: trans 0.4992 | rot 0.01831 (0.742 deg)
Matched 215 keypoints
[INFO] [1790552643.512515257] [pose_estimator]: RANSAC: 177 inliers / 215, 20 iterations
[INFO] [1790552643.512697840] [pose_estimator]: RPE: trans 1.1613 | rot 0.02275 (0.922 deg)
Matched 268 keypoints
[INFO] [1790552643.624634840] [pose_estimator]: RANSAC: 220 inliers / 268, 20 iterations
[INFO] [1790552643.624913507] [pose_estimator]: RPE: trans 1.0685 | rot 0.01076 (0.436 deg)
Matched 256 keypoints
[INFO] [1790552643.742589257] [pose_estimator]: RANSAC: 219 inliers / 256, 14 iterations
[INFO] [1790552643.742760424] [pose_estimator]: RPE: trans 0.6652 | rot 0.01175 (0.476 deg)
Matched 247 keypoints
[INFO] [1790552643.855391340] [pose_estimator]: RANSAC: 200 inliers / 247, 23 iterations
[INFO] [1790552643.855562049] [pose_estimator]: RPE: trans 0.7432 | rot 0.01119 (0.453 deg)
Matched 271 keypoints
[INFO] [1790552643.967866382] [pose_estimator]: RANSAC: 222 inliers / 271, 21 iterations
[INFO] [1790552643.968041132] [pose_estimator]: RPE: trans 0.9774 | rot 0.01258 (0.509 deg)
Matched 284 keypoints
[INFO] [1790552644.087936049] [pose_estimator]: RANSAC: 228 inliers / 284, 25 iterations
[INFO] [1790552644.089172924] [pose_estimator]: RPE: trans 1.0806 | rot 0.01353 (0.548 deg)
Matched 250 keypoints
[INFO] [1790552644.204158924] [pose_estimator]: RANSAC: 208 inliers / 250, 18 iterations
[INFO] [1790552644.204338882] [pose_estimator]: RPE: trans 0.7971 | rot 0.01315 (0.533 deg)
Matched 279 keypoints
[INFO] [1790552644.320456007] [pose_estimator]: RANSAC: 224 inliers / 279, 32 iterations
[INFO] [1790552644.320629049] [pose_estimator]: RPE: trans 1.1503 | rot 0.01890 (0.766 deg)
Matched 261 keypoints
[INFO] [1790552644.436580091] [pose_estimator]: RANSAC: 204 inliers / 261, 31 iterations
[INFO] [1790552644.439149049] [pose_estimator]: RPE: trans 1.2011 | rot 0.02160 (0.875 deg)
Matched 265 keypoints
[INFO] [1790552644.559003966] [pose_estimator]: RANSAC: 218 inliers / 265, 20 iterations
[INFO] [1790552644.559175841] [pose_estimator]: RPE: trans 1.1233 | rot 0.01699 (0.688 deg)
Matched 262 keypoints
[INFO] [1790552644.672051591] [pose_estimator]: RANSAC: 210 inliers / 262, 25 iterations
[INFO] [1790552644.672211674] [pose_estimator]: RPE: trans 1.0699 | rot 0.01936 (0.784 deg)
Matched 287 keypoints
[INFO] [1790552644.789440549] [pose_estimator]: RANSAC: 245 inliers / 287, 14 iterations
[INFO] [1790552644.789617841] [pose_estimator]: RPE: trans 1.3219 | rot 0.01026 (0.416 deg)
Matched 287 keypoints
[INFO] [1790552644.905423466] [pose_estimator]: RANSAC: 243 inliers / 287, 16 iterations
[INFO] [1790552644.909344216] [pose_estimator]: RPE: trans 1.3262 | rot 0.03594 (1.456 deg)
Matched 317 keypoints
[INFO] [1790552645.031267341] [pose_estimator]: RANSAC: 261 inliers / 317, 21 iterations
[INFO] [1790552645.031445591] [pose_estimator]: RPE: trans 1.4615 | rot 0.01921 (0.778 deg)
Matched 297 keypoints
[INFO] [1790552645.147633466] [pose_estimator]: RANSAC: 257 inliers / 297, 13 iterations
[INFO] [1790552645.147795591] [pose_estimator]: RPE: trans 1.1497 | rot 0.01791 (0.726 deg)
Matched 359 keypoints
[INFO] [1790552645.267386133] [pose_estimator]: RANSAC: 309 inliers / 359, 23 iterations
[INFO] [1790552645.267542549] [pose_estimator]: RPE: trans 1.5492 | rot 0.01552 (0.629 deg)
Matched 373 keypoints
[INFO] [1790552645.396001758] [pose_estimator]: RANSAC: 317 inliers / 373, 15 iterations
[INFO] [1790552645.398247758] [pose_estimator]: RPE: trans 1.3047 | rot 0.01052 (0.426 deg)
Matched 374 keypoints
[INFO] [1790552645.523238425] [pose_estimator]: RANSAC: 320 inliers / 374, 16 iterations
[INFO] [1790552645.523441383] [pose_estimator]: RPE: trans 1.4005 | rot 0.01677 (0.679 deg)
Matched 432 keypoints
[INFO] [1790552645.647091675] [pose_estimator]: RANSAC: 362 inliers / 432, 17 iterations
[INFO] [1790552645.647267258] [pose_estimator]: RPE: trans 1.7263 | rot 0.01626 (0.659 deg)
Matched 403 keypoints
[INFO] [1790552645.776618633] [pose_estimator]: RANSAC: 321 inliers / 403, 27 iterations
[INFO] [1790552645.778840508] [pose_estimator]: RPE: trans 1.0189 | rot 0.01688 (0.684 deg)
Matched 431 keypoints
[INFO] [1790552645.907740216] [pose_estimator]: RANSAC: 378 inliers / 431, 11 iterations
[INFO] [1790552645.907915466] [pose_estimator]: RPE: trans 1.7551 | rot 0.01900 (0.770 deg)
Matched 408 keypoints
[INFO] [1790552646.034397966] [pose_estimator]: RANSAC: 355 inliers / 408, 14 iterations
[INFO] [1790552646.034625258] [pose_estimator]: RPE: trans 1.1421 | rot 0.01525 (0.618 deg)
Matched 389 keypoints
[INFO] [1790552646.166047425] [pose_estimator]: RANSAC: 325 inliers / 389, 17 iterations
[INFO] [1790552646.168281675] [pose_estimator]: RPE: trans 1.6017 | rot 0.00996 (0.404 deg)
Matched 382 keypoints
[INFO] [1790552646.295435842] [pose_estimator]: RANSAC: 320 inliers / 382, 17 iterations
[INFO] [1790552646.299143175] [pose_estimator]: RPE: trans 0.6274 | rot 0.01056 (0.428 deg)
Matched 361 keypoints
[INFO] [1790552646.431188717] [pose_estimator]: RANSAC: 299 inliers / 361, 19 iterations
[INFO] [1790552646.431347758] [pose_estimator]: RPE: trans 1.5860 | rot 0.01184 (0.480 deg)
Matched 400 keypoints
[INFO] [1790552646.560291675] [pose_estimator]: RANSAC: 348 inliers / 400, 12 iterations
[INFO] [1790552646.561944675] [pose_estimator]: RPE: trans 0.9898 | rot 0.01286 (0.521 deg)
Matched 390 keypoints
[INFO] [1790552646.702490675] [pose_estimator]: RANSAC: 322 inliers / 390, 19 iterations
[INFO] [1790552646.705188008] [pose_estimator]: RPE: trans 0.7055 | rot 0.00817 (0.331 deg)
Matched 392 keypoints
[INFO] [1790552646.831850967] [pose_estimator]: RANSAC: 343 inliers / 392, 11 iterations
[INFO] [1790552646.832028384] [pose_estimator]: RPE: trans 0.5515 | rot 0.01306 (0.529 deg)
Matched 420 keypoints
[INFO] [1790552646.956992634] [pose_estimator]: RANSAC: 363 inliers / 420, 15 iterations
[INFO] [1790552646.957170509] [pose_estimator]: RPE: trans 1.7538 | rot 0.01469 (0.595 deg)
Matched 423 keypoints
[INFO] [1790552647.080625175] [pose_estimator]: RANSAC: 369 inliers / 423, 17 iterations
[INFO] [1790552647.082521259] [pose_estimator]: RPE: trans 0.9871 | rot 0.01011 (0.410 deg)
Matched 458 keypoints
[INFO] [1790552647.213655050] [pose_estimator]: RANSAC: 408 inliers / 458, 10 iterations
[INFO] [1790552647.213846634] [pose_estimator]: RPE: trans 0.8692 | rot 0.00739 (0.300 deg)
Matched 448 keypoints
[INFO] [1790552647.338871384] [pose_estimator]: RANSAC: 396 inliers / 448, 10 iterations
[INFO] [1790552647.339050800] [pose_estimator]: RPE: trans 1.0006 | rot 0.01516 (0.614 deg)
Matched 409 keypoints
[INFO] [1790552647.467806175] [pose_estimator]: RANSAC: 357 inliers / 409, 12 iterations
[INFO] [1790552647.469735884] [pose_estimator]: RPE: trans 0.4824 | rot 0.00718 (0.291 deg)
Matched 422 keypoints
[INFO] [1790552647.597738426] [pose_estimator]: RANSAC: 377 inliers / 422, 9 iterations
[INFO] [1790552647.597910551] [pose_estimator]: RPE: trans 1.6299 | rot 0.01529 (0.620 deg)
Matched 426 keypoints
[INFO] [1790552647.721322467] [pose_estimator]: RANSAC: 365 inliers / 426, 14 iterations
[INFO] [1790552647.721475592] [pose_estimator]: RPE: trans 0.7157 | rot 0.01490 (0.604 deg)
Matched 428 keypoints
[INFO] [1790552647.847491926] [pose_estimator]: RANSAC: 372 inliers / 428, 12 iterations
[INFO] [1790552647.847680884] [pose_estimator]: RPE: trans 0.5109 | rot 0.01183 (0.479 deg)
Matched 395 keypoints
[INFO] [1790552647.975642217] [pose_estimator]: RANSAC: 337 inliers / 395, 14 iterations
[INFO] [1790552647.977895551] [pose_estimator]: RPE: trans 1.3519 | rot 0.01424 (0.577 deg)
Matched 389 keypoints
[INFO] [1790552648.111693509] [pose_estimator]: RANSAC: 330 inliers / 389, 15 iterations
[INFO] [1790552648.111892092] [pose_estimator]: RPE: trans 1.4450 | rot 0.01403 (0.568 deg)
Matched 374 keypoints
[INFO] [1790552648.234890509] [pose_estimator]: RANSAC: 320 inliers / 374, 14 iterations
[INFO] [1790552648.235050718] [pose_estimator]: RPE: trans 1.2494 | rot 0.03066 (1.242 deg)
Matched 396 keypoints
[INFO] [1790552648.359064801] [pose_estimator]: RANSAC: 328 inliers / 396, 19 iterations
[INFO] [1790552648.366284593] [pose_estimator]: RPE: trans 1.4320 | rot 0.01698 (0.688 deg)
Matched 398 keypoints
[INFO] [1790552648.495051801] [pose_estimator]: RANSAC: 339 inliers / 398, 22 iterations
[INFO] [1790552648.495216593] [pose_estimator]: RPE: trans 0.6363 | rot 0.00635 (0.257 deg)
Matched 384 keypoints
[INFO] [1790552648.616569884] [pose_estimator]: RANSAC: 315 inliers / 384, 21 iterations
[INFO] [1790552648.616755801] [pose_estimator]: RPE: trans 0.6575 | rot 0.01973 (0.799 deg)
Matched 390 keypoints
[INFO] [1790552648.738849676] [pose_estimator]: RANSAC: 329 inliers / 390, 16 iterations
[INFO] [1790552648.740091926] [pose_estimator]: RPE: trans 0.8839 | rot 0.01219 (0.494 deg)
Matched 407 keypoints
[INFO] [1790552648.869533676] [pose_estimator]: RANSAC: 337 inliers / 407, 19 iterations
[INFO] [1790552648.870604634] [pose_estimator]: RPE: trans 0.5896 | rot 0.01509 (0.611 deg)
Matched 428 keypoints
[INFO] [1790552649.004567426] [pose_estimator]: RANSAC: 355 inliers / 428, 19 iterations
[INFO] [1790552649.004760135] [pose_estimator]: RPE: trans 0.7818 | rot 0.00825 (0.334 deg)
Matched 370 keypoints
[INFO] [1790552649.129597885] [pose_estimator]: RANSAC: 324 inliers / 370, 16 iterations
[INFO] [1790552649.129773260] [pose_estimator]: RPE: trans 0.2458 | rot 0.00502 (0.203 deg)
Matched 432 keypoints
[INFO] [1790552649.256769843] [pose_estimator]: RANSAC: 365 inliers / 432, 18 iterations
[INFO] [1790552649.257547468] [pose_estimator]: RPE: trans 0.5235 | rot 0.01065 (0.432 deg)
Matched 346 keypoints
[INFO] [1790552649.390404385] [pose_estimator]: RANSAC: 285 inliers / 346, 30 iterations
[INFO] [1790552649.390597301] [pose_estimator]: RPE: trans 0.0438 | rot 0.00603 (0.244 deg)
Matched 377 keypoints
[INFO] [1790552649.538375093] [pose_estimator]: RANSAC: 304 inliers / 377, 24 iterations
[INFO] [1790552649.538552593] [pose_estimator]: RPE: trans 0.0116 | rot 0.00163 (0.066 deg)
Matched 405 keypoints
[INFO] [1790552649.663454843] [pose_estimator]: RANSAC: 337 inliers / 405, 18 iterations
[INFO] [1790552649.663894635] [pose_estimator]: RPE: trans 0.1141 | rot 0.00684 (0.277 deg)
Matched 366 keypoints
[INFO] [1790552649.792136927] [pose_estimator]: RANSAC: 320 inliers / 366, 13 iterations
[INFO] [1790552649.792321677] [pose_estimator]: RPE: trans 0.1453 | rot 0.00741 (0.300 deg)
Matched 419 keypoints
[INFO] [1790552649.936322885] [pose_estimator]: RANSAC: 376 inliers / 419, 10 iterations
[INFO] [1790552649.936541802] [pose_estimator]: RPE: trans 0.1494 | rot 0.01530 (0.620 deg)
Matched 383 keypoints
[INFO] [1790552650.055778635] [pose_estimator]: RANSAC: 333 inliers / 383, 12 iterations
[INFO] [1790552650.057042343] [pose_estimator]: RPE: trans 0.0853 | rot 0.00372 (0.151 deg)
Matched 364 keypoints
[INFO] [1790552650.187634177] [pose_estimator]: RANSAC: 318 inliers / 364, 12 iterations
[INFO] [1790552650.189445010] [pose_estimator]: RPE: trans 0.4358 | rot 0.00450 (0.182 deg)
Matched 358 keypoints
[INFO] [1790552650.316721968] [pose_estimator]: RANSAC: 316 inliers / 358, 11 iterations
[INFO] [1790552650.316885885] [pose_estimator]: RPE: trans 0.1749 | rot 0.00430 (0.174 deg)
Matched 336 keypoints
[INFO] [1790552650.433872719] [pose_estimator]: RANSAC: 290 inliers / 336, 13 iterations
[INFO] [1790552650.434069719] [pose_estimator]: RPE: trans 0.1516 | rot 0.00531 (0.215 deg)
Matched 263 keypoints
[INFO] [1790552650.553409885] [pose_estimator]: RANSAC: 213 inliers / 263, 23 iterations
[INFO] [1790552650.554570302] [pose_estimator]: RPE: trans 0.1515 | rot 0.00956 (0.387 deg)
Matched 341 keypoints
[INFO] [1790552650.671313427] [pose_estimator]: RANSAC: 303 inliers / 341, 10 iterations
[INFO] [1790552650.671484344] [pose_estimator]: RPE: trans 0.6696 | rot 0.01424 (0.577 deg)
Matched 274 keypoints
[INFO] [1790552650.804953094] [pose_estimator]: RANSAC: 232 inliers / 274, 24 iterations
[INFO] [1790552650.805137385] [pose_estimator]: RPE: trans 0.1503 | rot 0.00521 (0.211 deg)
Matched 262 keypoints
[INFO] [1790552650.927634594] [pose_estimator]: RANSAC: 214 inliers / 262, 21 iterations
[INFO] [1790552650.928886302] [pose_estimator]: RPE: trans 0.1352 | rot 0.00651 (0.264 deg)
Matched 290 keypoints
[INFO] [1790552651.049371261] [pose_estimator]: RANSAC: 249 inliers / 290, 14 iterations
[INFO] [1790552651.052708011] [pose_estimator]: RPE: trans 0.1829 | rot 0.00331 (0.134 deg)
Matched 254 keypoints
[INFO] [1790552651.175604011] [pose_estimator]: RANSAC: 210 inliers / 254, 19 iterations
[INFO] [1790552651.175778636] [pose_estimator]: RPE: trans 0.1245 | rot 0.00740 (0.300 deg)
Matched 315 keypoints
[INFO] [1790552651.330495011] [pose_estimator]: RANSAC: 279 inliers / 315, 10 iterations
[INFO] [1790552651.330657511] [pose_estimator]: RPE: trans 0.4292 | rot 0.00846 (0.343 deg)
Matched 305 keypoints
[INFO] [1790552651.447940802] [pose_estimator]: RANSAC: 265 inliers / 305, 12 iterations
[INFO] [1790552651.448674511] [pose_estimator]: RPE: trans 0.1577 | rot 0.00370 (0.150 deg)
Matched 301 keypoints
[INFO] [1790552651.603388969] [pose_estimator]: RANSAC: 255 inliers / 301, 17 iterations
[INFO] [1790552651.603580219] [pose_estimator]: RPE: trans 0.2422 | rot 0.00729 (0.295 deg)
Matched 262 keypoints
[INFO] [1790552651.720618052] [pose_estimator]: RANSAC: 204 inliers / 262, 32 iterations
[INFO] [1790552651.720816969] [pose_estimator]: RPE: trans 0.5440 | rot 0.02239 (0.907 deg)
Matched 319 keypoints
[INFO] [1790552651.839508261] [pose_estimator]: RANSAC: 275 inliers / 319, 13 iterations
[INFO] [1790552651.843982719] [pose_estimator]: RPE: trans 0.4081 | rot 0.00949 (0.385 deg)
Matched 241 keypoints
[INFO] [1790552651.965304094] [pose_estimator]: RANSAC: 196 inliers / 241, 22 iterations
[INFO] [1790552651.965465386] [pose_estimator]: RPE: trans 0.0719 | rot 0.00126 (0.051 deg)
Matched 273 keypoints
[INFO] [1790552652.081303969] [pose_estimator]: RANSAC: 217 inliers / 273, 27 iterations
[INFO] [1790552652.081487469] [pose_estimator]: RPE: trans 0.1058 | rot 0.00462 (0.187 deg)
Matched 226 keypoints
[INFO] [1790552652.200743386] [pose_estimator]: RANSAC: 173 inliers / 226, 37 iterations
[INFO] [1790552652.200929678] [pose_estimator]: RPE: trans 0.1221 | rot 0.00153 (0.062 deg)
Matched 245 keypoints
[INFO] [1790552652.316050303] [pose_estimator]: RANSAC: 209 inliers / 245, 16 iterations
[INFO] [1790552652.319215094] [pose_estimator]: RPE: trans 0.0416 | rot 0.00494 (0.200 deg)
Matched 251 keypoints
[INFO] [1790552652.444044303] [pose_estimator]: RANSAC: 214 inliers / 251, 15 iterations
[INFO] [1790552652.444292470] [pose_estimator]: RPE: trans 0.0528 | rot 0.00165 (0.067 deg)
Matched 260 keypoints
[INFO] [1790552652.562396053] [pose_estimator]: RANSAC: 219 inliers / 260, 16 iterations
[INFO] [1790552652.562546553] [pose_estimator]: RPE: trans 0.0898 | rot 0.00823 (0.333 deg)
Matched 266 keypoints
[INFO] [1790552652.677288595] [pose_estimator]: RANSAC: 218 inliers / 266, 21 iterations
[INFO] [1790552652.687704720] [pose_estimator]: RPE: trans 0.1425 | rot 0.00936 (0.379 deg)
Matched 245 keypoints
[INFO] [1790552652.806249428] [pose_estimator]: RANSAC: 207 inliers / 245, 16 iterations
[INFO] [1790552652.808158011] [pose_estimator]: RPE: trans 0.0834 | rot 0.00446 (0.181 deg)
Matched 237 keypoints
[INFO] [1790552652.928559636] [pose_estimator]: RANSAC: 195 inliers / 237, 20 iterations
[INFO] [1790552652.928733595] [pose_estimator]: RPE: trans 0.0637 | rot 0.00168 (0.068 deg)
Matched 260 keypoints
[INFO] [1790552653.049726720] [pose_estimator]: RANSAC: 227 inliers / 260, 12 iterations
[INFO] [1790552653.049896428] [pose_estimator]: RPE: trans 0.5417 | rot 0.00867 (0.351 deg)
Matched 223 keypoints
[INFO] [1790552653.161098095] [pose_estimator]: RANSAC: 186 inliers / 223, 18 iterations
[INFO] [1790552653.161628470] [pose_estimator]: RPE: trans 0.0714 | rot 0.00585 (0.237 deg)
Matched 280 keypoints
[INFO] [1790552653.276848720] [pose_estimator]: RANSAC: 248 inliers / 280, 10 iterations
[INFO] [1790552653.277032762] [pose_estimator]: RPE: trans 0.6566 | rot 0.01308 (0.530 deg)
Matched 265 keypoints
[INFO] [1790552653.391877512] [pose_estimator]: RANSAC: 228 inliers / 265, 13 iterations
[INFO] [1790552653.392053428] [pose_estimator]: RPE: trans 0.2908 | rot 0.01157 (0.469 deg)
Matched 298 keypoints
[INFO] [1790552653.508636262] [pose_estimator]: RANSAC: 253 inliers / 298, 20 iterations
[INFO] [1790552653.508817512] [pose_estimator]: RPE: trans 0.1251 | rot 0.00422 (0.171 deg)
Matched 228 keypoints
[INFO] [1790552653.628654470] [pose_estimator]: RANSAC: 198 inliers / 228, 12 iterations
[INFO] [1790552653.629257928] [pose_estimator]: RPE: trans 0.0670 | rot 0.00312 (0.126 deg)
Matched 246 keypoints
[INFO] [1790552653.753678053] [pose_estimator]: RANSAC: 202 inliers / 246, 20 iterations
[INFO] [1790552653.753833553] [pose_estimator]: RPE: trans 0.1214 | rot 0.00210 (0.085 deg)
Matched 286 keypoints
[INFO] [1790552653.870310679] [pose_estimator]: RANSAC: 252 inliers / 286, 11 iterations
[INFO] [1790552653.870463054] [pose_estimator]: RPE: trans 0.0166 | rot 0.00447 (0.181 deg)
Matched 275 keypoints
[INFO] [1790552653.986002220] [pose_estimator]: RANSAC: 234 inliers / 275, 22 iterations
[INFO] [1790552653.988744304] [pose_estimator]: RPE: trans 0.0936 | rot 0.00305 (0.124 deg)
Matched 253 keypoints
[INFO] [1790552654.114777679] [pose_estimator]: RANSAC: 209 inliers / 253, 19 iterations
[INFO] [1790552654.114985554] [pose_estimator]: RPE: trans 0.0977 | rot 0.00648 (0.262 deg)
Matched 303 keypoints
[INFO] [1790552654.246745637] [pose_estimator]: RANSAC: 256 inliers / 303, 20 iterations
[INFO] [1790552654.246929220] [pose_estimator]: RPE: trans 0.2399 | rot 0.00798 (0.323 deg)
Matched 264 keypoints
[INFO] [1790552654.361547012] [pose_estimator]: RANSAC: 228 inliers / 264, 13 iterations
[INFO] [1790552654.361716845] [pose_estimator]: RPE: trans 0.2270 | rot 0.00562 (0.228 deg)
Matched 256 keypoints
[INFO] [1790552654.480021929] [pose_estimator]: RANSAC: 212 inliers / 256, 28 iterations
[INFO] [1790552654.480552595] [pose_estimator]: RPE: trans 0.2479 | rot 0.01137 (0.461 deg)
Matched 282 keypoints
[INFO] [1790552654.613353387] [pose_estimator]: RANSAC: 231 inliers / 282, 21 iterations
[INFO] [1790552654.613538679] [pose_estimator]: RPE: trans 0.1602 | rot 0.00897 (0.363 deg)
Matched 252 keypoints
[INFO] [1790552654.738343971] [pose_estimator]: RANSAC: 217 inliers / 252, 19 iterations
[INFO] [1790552654.738523137] [pose_estimator]: RPE: trans 0.1339 | rot 0.00501 (0.203 deg)
Matched 252 keypoints
[INFO] [1790552654.862014637] [pose_estimator]: RANSAC: 211 inliers / 252, 17 iterations
[INFO] [1790552654.863242971] [pose_estimator]: RPE: trans 0.1825 | rot 0.00521 (0.211 deg)
Matched 262 keypoints
[INFO] [1790552654.983239929] [pose_estimator]: RANSAC: 213 inliers / 262, 22 iterations
[INFO] [1790552654.983429804] [pose_estimator]: RPE: trans 0.1504 | rot 0.00208 (0.084 deg)
Matched 230 keypoints
[INFO] [1790552655.101021971] [pose_estimator]: RANSAC: 183 inliers / 230, 27 iterations
[INFO] [1790552655.101200096] [pose_estimator]: RPE: trans 0.2485 | rot 0.02051 (0.831 deg)
Matched 259 keypoints
[INFO] [1790552655.218967887] [pose_estimator]: RANSAC: 203 inliers / 259, 30 iterations
[INFO] [1790552655.219121762] [pose_estimator]: RPE: trans 0.2224 | rot 0.00793 (0.321 deg)
Matched 221 keypoints
[INFO] [1790552655.343266638] [pose_estimator]: RANSAC: 168 inliers / 221, 39 iterations
[INFO] [1790552655.345568263] [pose_estimator]: RPE: trans 0.0793 | rot 0.00308 (0.125 deg)
Matched 230 keypoints
[INFO] [1790552655.466600679] [pose_estimator]: RANSAC: 169 inliers / 230, 52 iterations
[INFO] [1790552655.466781138] [pose_estimator]: RPE: trans 0.1030 | rot 0.00409 (0.166 deg)
Matched 245 keypoints
[INFO] [1790552655.583088346] [pose_estimator]: RANSAC: 180 inliers / 245, 52 iterations
[INFO] [1790552655.583300096] [pose_estimator]: RPE: trans 1.3421 | rot 0.03516 (1.425 deg)
Matched 234 keypoints
[INFO] [1790552655.701255346] [pose_estimator]: RANSAC: 190 inliers / 234, 42 iterations
[INFO] [1790552655.702150888] [pose_estimator]: RPE: trans 0.1765 | rot 0.00870 (0.353 deg)
Matched 217 keypoints
[INFO] [1790552655.824156263] [pose_estimator]: RANSAC: 163 inliers / 217, 44 iterations
[INFO] [1790552655.824390721] [pose_estimator]: RPE: trans 0.2104 | rot 0.00828 (0.336 deg)
Matched 288 keypoints
[INFO] [1790552655.943808138] [pose_estimator]: RANSAC: 242 inliers / 288, 17 iterations
[INFO] [1790552655.943978180] [pose_estimator]: RPE: trans 0.3180 | rot 0.00642 (0.260 deg)
Matched 211 keypoints
[INFO] [1790552656.061181513] [pose_estimator]: RANSAC: 166 inliers / 211, 30 iterations
[INFO] [1790552656.061363346] [pose_estimator]: RPE: trans 0.0338 | rot 0.00140 (0.057 deg)
Matched 241 keypoints
[INFO] [1790552656.183585805] [pose_estimator]: RANSAC: 177 inliers / 241, 53 iterations
[INFO] [1790552656.187908221] [pose_estimator]: RPE: trans 0.1969 | rot 0.01095 (0.444 deg)
Matched 203 keypoints
[INFO] [1790552656.318522763] [pose_estimator]: RANSAC: 149 inliers / 203, 53 iterations
[INFO] [1790552656.321437888] [pose_estimator]: RPE: trans 0.1708 | rot 0.01383 (0.560 deg)
Matched 238 keypoints
[INFO] [1790552656.447473846] [pose_estimator]: RANSAC: 176 inliers / 238, 50 iterations
[INFO] [1790552656.447658721] [pose_estimator]: RPE: trans 1.4602 | rot 0.06170 (2.500 deg)
Matched 212 keypoints
[INFO] [1790552656.586380763] [pose_estimator]: RANSAC: 163 inliers / 212, 36 iterations
[INFO] [1790552656.587201388] [pose_estimator]: RPE: trans 0.2031 | rot 0.00614 (0.249 deg)
Matched 213 keypoints
[INFO] [1790552656.721614472] [pose_estimator]: RANSAC: 147 inliers / 213, 90 iterations
[INFO] [1790552656.721784222] [pose_estimator]: RPE: trans 0.4070 | rot 0.01910 (0.774 deg)
Matched 226 keypoints
[INFO] [1790552656.838322305] [pose_estimator]: RANSAC: 186 inliers / 226, 41 iterations
[INFO] [1790552656.838511680] [pose_estimator]: RPE: trans 0.5922 | rot 0.02626 (1.064 deg)
Matched 203 keypoints
[INFO] [1790552656.953963097] [pose_estimator]: RANSAC: 149 inliers / 203, 53 iterations
[INFO] [1790552656.954154430] [pose_estimator]: RPE: trans 0.1109 | rot 0.00439 (0.178 deg)
Matched 243 keypoints
[INFO] [1790552657.074753347] [pose_estimator]: RANSAC: 172 inliers / 243, 71 iterations
[INFO] [1790552657.075252305] [pose_estimator]: RPE: trans 0.2919 | rot 0.01118 (0.453 deg)
Matched 343 keypoints
[INFO] [1790552657.202841263] [pose_estimator]: RANSAC: 277 inliers / 343, 24 iterations
[INFO] [1790552657.203036180] [pose_estimator]: RPE: trans 0.5603 | rot 0.01187 (0.481 deg)
Matched 270 keypoints
[INFO] [1790552657.330413472] [pose_estimator]: RANSAC: 196 inliers / 270, 58 iterations
[INFO] [1790552657.330581180] [pose_estimator]: RPE: trans 0.2718 | rot 0.00874 (0.354 deg)
Matched 290 keypoints
[INFO] [1790552657.455811055] [pose_estimator]: RANSAC: 216 inliers / 290, 61 iterations
[INFO] [1790552657.456806347] [pose_estimator]: RPE: trans 0.4949 | rot 0.01875 (0.760 deg)
Matched 313 keypoints
[INFO] [1790552657.588606347] [pose_estimator]: RANSAC: 235 inliers / 313, 44 iterations
[INFO] [1790552657.588812305] [pose_estimator]: RPE: trans 0.4525 | rot 0.01198 (0.486 deg)
Matched 295 keypoints
[INFO] [1790552657.717933847] [pose_estimator]: RANSAC: 234 inliers / 295, 28 iterations
[INFO] [1790552657.718920305] [pose_estimator]: RPE: trans 0.4262 | rot 0.01374 (0.557 deg)
Matched 295 keypoints
[INFO] [1790552657.840569014] [pose_estimator]: RANSAC: 232 inliers / 295, 30 iterations
[INFO] [1790552657.841203639] [pose_estimator]: RPE: trans 0.1117 | rot 0.00269 (0.109 deg)
Matched 344 keypoints
[INFO] [1790552657.973036250] [pose_estimator]: RANSAC: 279 inliers / 344, 23 iterations
[INFO] [1790552657.975646833] [pose_estimator]: RPE: trans 0.1051 | rot 0.00210 (0.085 deg)
Matched 343 keypoints
[INFO] [1790552658.100784375] [pose_estimator]: RANSAC: 282 inliers / 343, 20 iterations
[INFO] [1790552658.100956708] [pose_estimator]: RPE: trans 0.4092 | rot 0.01154 (0.468 deg)
Matched 276 keypoints
[INFO] [1790552658.224133208] [pose_estimator]: RANSAC: 198 inliers / 276, 64 iterations
[INFO] [1790552658.224334083] [pose_estimator]: RPE: trans 0.1991 | rot 0.00928 (0.376 deg)
Matched 335 keypoints
[INFO] [1790552658.357005500] [pose_estimator]: RANSAC: 278 inliers / 335, 19 iterations
[INFO] [1790552658.360404375] [pose_estimator]: RPE: trans 0.4069 | rot 0.01068 (0.433 deg)
Matched 295 keypoints
[INFO] [1790552658.488542166] [pose_estimator]: RANSAC: 216 inliers / 295, 54 iterations
[INFO] [1790552658.488730791] [pose_estimator]: RPE: trans 0.1602 | rot 0.00592 (0.240 deg)
Matched 333 keypoints
[INFO] [1790552658.613263875] [pose_estimator]: RANSAC: 278 inliers / 333, 18 iterations
[INFO] [1790552658.613459833] [pose_estimator]: RPE: trans 0.1295 | rot 0.00148 (0.060 deg)
Matched 331 keypoints
[INFO] [1790552658.741402250] [pose_estimator]: RANSAC: 255 inliers / 331, 35 iterations
[INFO] [1790552658.741579500] [pose_estimator]: RPE: trans 0.6015 | rot 0.02427 (0.983 deg)
Matched 335 keypoints
[INFO] [1790552658.869687167] [pose_estimator]: RANSAC: 248 inliers / 335, 49 iterations
[INFO] [1790552658.874211708] [pose_estimator]: RPE: trans 0.1855 | rot 0.00871 (0.353 deg)
Matched 333 keypoints
[INFO] [1790552659.007298750] [pose_estimator]: RANSAC: 271 inliers / 333, 28 iterations
[INFO] [1790552659.007476917] [pose_estimator]: RPE: trans 0.0678 | rot 0.00174 (0.070 deg)
Matched 342 keypoints
[INFO] [1790552659.136755000] [pose_estimator]: RANSAC: 282 inliers / 342, 20 iterations
[INFO] [1790552659.137640875] [pose_estimator]: RPE: trans 0.1826 | rot 0.00739 (0.299 deg)
Matched 364 keypoints
[INFO] [1790552659.269670000] [pose_estimator]: RANSAC: 298 inliers / 364, 21 iterations
[INFO] [1790552659.270828125] [pose_estimator]: RPE: trans 0.0701 | rot 0.00368 (0.149 deg)
Matched 371 keypoints
[INFO] [1790552659.393480625] [pose_estimator]: RANSAC: 311 inliers / 371, 17 iterations
[INFO] [1790552659.393683959] [pose_estimator]: RPE: trans 0.0434 | rot 0.00118 (0.048 deg)
Matched 368 keypoints
[INFO] [1790552659.518457542] [pose_estimator]: RANSAC: 322 inliers / 368, 11 iterations
[INFO] [1790552659.518615042] [pose_estimator]: RPE: trans 0.0262 | rot 0.00223 (0.090 deg)
Matched 422 keypoints
[INFO] [1790552659.656850375] [pose_estimator]: RANSAC: 359 inliers / 422, 15 iterations
[INFO] [1790552659.656997375] [pose_estimator]: RPE: trans 0.1585 | rot 0.00300 (0.121 deg)
Matched 396 keypoints
[INFO] [1790552659.781664459] [pose_estimator]: RANSAC: 339 inliers / 396, 14 iterations
[INFO] [1790552659.781837875] [pose_estimator]: RPE: trans 0.0720 | rot 0.00158 (0.064 deg)
Matched 474 keypoints
[INFO] [1790552659.907935875] [pose_estimator]: RANSAC: 403 inliers / 474, 15 iterations
[INFO] [1790552659.908120792] [pose_estimator]: RPE: trans 0.8541 | rot 0.01667 (0.675 deg)
Matched 454 keypoints
[INFO] [1790552660.042856334] [pose_estimator]: RANSAC: 393 inliers / 454, 15 iterations
[INFO] [1790552660.047491125] [pose_estimator]: RPE: trans 0.4809 | rot 0.01315 (0.533 deg)
Matched 481 keypoints
[INFO] [1790552660.211881001] [pose_estimator]: RANSAC: 420 inliers / 481, 12 iterations
[INFO] [1790552660.212076751] [pose_estimator]: RPE: trans 0.2202 | rot 0.00529 (0.214 deg)
Matched 494 keypoints
[INFO] [1790552660.343658542] [pose_estimator]: RANSAC: 421 inliers / 494, 18 iterations
[INFO] [1790552660.343844209] [pose_estimator]: RPE: trans 0.2021 | rot 0.00488 (0.198 deg)
Matched 470 keypoints
[INFO] [1790552660.477852501] [pose_estimator]: RANSAC: 390 inliers / 470, 19 iterations
[INFO] [1790552660.478349167] [pose_estimator]: RPE: trans 0.0723 | rot 0.00256 (0.104 deg)
Matched 502 keypoints
[INFO] [1790552660.614718209] [pose_estimator]: RANSAC: 430 inliers / 502, 14 iterations
[INFO] [1790552660.614908126] [pose_estimator]: RPE: trans 0.5885 | rot 0.01690 (0.684 deg)
Matched 507 keypoints
[INFO] [1790552660.748367584] [pose_estimator]: RANSAC: 427 inliers / 507, 17 iterations
[INFO] [1790552660.748550542] [pose_estimator]: RPE: trans 0.0416 | rot 0.00176 (0.071 deg)
Matched 467 keypoints
[INFO] [1790552660.880614376] [pose_estimator]: RANSAC: 397 inliers / 467, 15 iterations
[INFO] [1790552660.883287126] [pose_estimator]: RPE: trans 0.1675 | rot 0.00332 (0.135 deg)
Matched 482 keypoints
[INFO] [1790552661.032773709] [pose_estimator]: RANSAC: 414 inliers / 482, 14 iterations
[INFO] [1790552661.032956543] [pose_estimator]: RPE: trans 0.6727 | rot 0.02515 (1.019 deg)
Matched 508 keypoints
[INFO] [1790552661.171878043] [pose_estimator]: RANSAC: 440 inliers / 508, 13 iterations
[INFO] [1790552661.172058293] [pose_estimator]: RPE: trans 0.3010 | rot 0.00647 (0.262 deg)
Matched 458 keypoints
[INFO] [1790552661.313517959] [pose_estimator]: RANSAC: 385 inliers / 458, 17 iterations
[INFO] [1790552661.315884084] [pose_estimator]: RPE: trans 0.0807 | rot 0.00212 (0.086 deg)
Matched 474 keypoints
[INFO] [1790552661.451147834] [pose_estimator]: RANSAC: 412 inliers / 474, 12 iterations
[INFO] [1790552661.451323334] [pose_estimator]: RPE: trans 0.0581 | rot 0.00276 (0.112 deg)
Matched 571 keypoints
[INFO] [1790552661.588767918] [pose_estimator]: RANSAC: 495 inliers / 571, 12 iterations
[INFO] [1790552661.588985418] [pose_estimator]: RPE: trans 0.0983 | rot 0.00272 (0.110 deg)
Matched 533 keypoints
[INFO] [1790552661.734322293] [pose_estimator]: RANSAC: 444 inliers / 533, 21 iterations
[INFO] [1790552661.734600960] [pose_estimator]: RPE: trans 0.4656 | rot 0.01255 (0.508 deg)
Matched 478 keypoints
[INFO] [1790552661.874499543] [pose_estimator]: RANSAC: 417 inliers / 478, 15 iterations
[INFO] [1790552661.877747251] [pose_estimator]: RPE: trans 0.1354 | rot 0.01163 (0.471 deg)
Matched 483 keypoints
[INFO] [1790552662.016130210] [pose_estimator]: RANSAC: 407 inliers / 483, 31 iterations
[INFO] [1790552662.016303835] [pose_estimator]: RPE: trans 0.2198 | rot 0.00845 (0.342 deg)
Matched 542 keypoints
[INFO] [1790552662.150763793] [pose_estimator]: RANSAC: 479 inliers / 542, 10 iterations
[INFO] [1790552662.163279585] [pose_estimator]: RPE: trans 0.2192 | rot 0.00364 (0.148 deg)
Matched 542 keypoints
[INFO] [1790552662.320628793] [pose_estimator]: RANSAC: 466 inliers / 542, 13 iterations
[INFO] [1790552662.326041002] [pose_estimator]: RPE: trans 0.0625 | rot 0.00211 (0.085 deg)
Matched 510 keypoints
[INFO] [1790552662.489769043] [pose_estimator]: RANSAC: 451 inliers / 510, 11 iterations
[INFO] [1790552662.489974085] [pose_estimator]: RPE: trans 0.1132 | rot 0.00702 (0.284 deg)
Matched 552 keypoints
[INFO] [1790552662.630298793] [pose_estimator]: RANSAC: 467 inliers / 552, 16 iterations
[INFO] [1790552662.634402043] [pose_estimator]: RPE: trans 0.2684 | rot 0.00322 (0.130 deg)
Matched 532 keypoints
[INFO] [1790552662.776452043] [pose_estimator]: RANSAC: 463 inliers / 532, 12 iterations
[INFO] [1790552662.776642168] [pose_estimator]: RPE: trans 0.1018 | rot 0.00399 (0.162 deg)
Matched 547 keypoints
[INFO] [1790552662.911769169] [pose_estimator]: RANSAC: 473 inliers / 547, 13 iterations
[INFO] [1790552662.911951627] [pose_estimator]: RPE: trans 0.1051 | rot 0.00395 (0.160 deg)
Matched 482 keypoints
[INFO] [1790552663.044178585] [pose_estimator]: RANSAC: 427 inliers / 482, 10 iterations
[INFO] [1790552663.054944335] [pose_estimator]: RPE: trans 0.0793 | rot 0.00231 (0.094 deg)
Matched 487 keypoints
[INFO] [1790552663.197500835] [pose_estimator]: RANSAC: 408 inliers / 487, 17 iterations
[INFO] [1790552663.197682127] [pose_estimator]: RPE: trans 0.2564 | rot 0.01729 (0.700 deg)
Matched 542 keypoints
[INFO] [1790552663.331213502] [pose_estimator]: RANSAC: 480 inliers / 542, 10 iterations
[INFO] [1790552663.331412419] [pose_estimator]: RPE: trans 0.1377 | rot 0.00600 (0.243 deg)
Matched 557 keypoints
[INFO] [1790552663.473468377] [pose_estimator]: RANSAC: 511 inliers / 557, 7 iterations
[INFO] [1790552663.486048044] [pose_estimator]: RPE: trans 0.1992 | rot 0.00328 (0.133 deg)
Matched 531 keypoints
[INFO] [1790552663.629446544] [pose_estimator]: RANSAC: 460 inliers / 531, 13 iterations
[INFO] [1790552663.629602169] [pose_estimator]: RPE: trans 0.2682 | rot 0.00946 (0.383 deg)
Matched 565 keypoints
[INFO] [1790552663.765263794] [pose_estimator]: RANSAC: 504 inliers / 565, 9 iterations
[INFO] [1790552663.765433336] [pose_estimator]: RPE: trans 0.3659 | rot 0.00788 (0.319 deg)
Matched 496 keypoints
[INFO] [1790552663.898667794] [pose_estimator]: RANSAC: 446 inliers / 496, 9 iterations
[INFO] [1790552663.898910752] [pose_estimator]: RPE: trans 0.1430 | rot 0.00642 (0.260 deg)
Matched 481 keypoints
[INFO] [1790552664.033601211] [pose_estimator]: RANSAC: 420 inliers / 481, 12 iterations
[INFO] [1790552664.033812669] [pose_estimator]: RPE: trans 0.3470 | rot 0.00534 (0.217 deg)
Matched 435 keypoints
[INFO] [1790552664.162317336] [pose_estimator]: RANSAC: 378 inliers / 435, 12 iterations
[INFO] [1790552664.162489169] [pose_estimator]: RPE: trans 0.2749 | rot 0.00545 (0.221 deg)
Matched 527 keypoints
[INFO] [1790552664.288929378] [pose_estimator]: RANSAC: 481 inliers / 527, 8 iterations
[INFO] [1790552664.289221753] [pose_estimator]: RPE: trans 0.4444 | rot 0.00661 (0.268 deg)
Matched 429 keypoints
[INFO] [1790552664.417239336] [pose_estimator]: RANSAC: 360 inliers / 429, 17 iterations
[INFO] [1790552664.417413461] [pose_estimator]: RPE: trans 0.2756 | rot 0.00549 (0.223 deg)
Matched 394 keypoints
[INFO] [1790552664.543183836] [pose_estimator]: RANSAC: 337 inliers / 394, 14 iterations
[INFO] [1790552664.543364336] [pose_estimator]: RPE: trans 0.1013 | rot 0.00342 (0.139 deg)
Matched 404 keypoints
[INFO] [1790552664.676199794] [pose_estimator]: RANSAC: 363 inliers / 404, 9 iterations
[INFO] [1790552664.676401503] [pose_estimator]: RPE: trans 0.3168 | rot 0.01361 (0.552 deg)
Matched 392 keypoints
[INFO] [1790552664.805819419] [pose_estimator]: RANSAC: 343 inliers / 392, 11 iterations
[INFO] [1790552664.807763794] [pose_estimator]: RPE: trans 0.0426 | rot 0.00281 (0.114 deg)
Matched 428 keypoints
[INFO] [1790552664.935939753] [pose_estimator]: RANSAC: 375 inliers / 428, 13 iterations
[INFO] [1790552664.936130711] [pose_estimator]: RPE: trans 0.0625 | rot 0.00272 (0.110 deg)
Matched 410 keypoints
[INFO] [1790552665.065157670] [pose_estimator]: RANSAC: 366 inliers / 410, 10 iterations
[INFO] [1790552665.065341753] [pose_estimator]: RPE: trans 0.2048 | rot 0.00509 (0.206 deg)
Matched 409 keypoints
[INFO] [1790552665.199626753] [pose_estimator]: RANSAC: 360 inliers / 409, 11 iterations
[INFO] [1790552665.200602461] [pose_estimator]: RPE: trans 0.0374 | rot 0.01567 (0.635 deg)
Matched 358 keypoints
[INFO] [1790552665.324959878] [pose_estimator]: RANSAC: 319 inliers / 358, 10 iterations
[INFO] [1790552665.325128336] [pose_estimator]: RPE: trans 0.4042 | rot 0.01676 (0.679 deg)
Matched 398 keypoints
[INFO] [1790552665.446847086] [pose_estimator]: RANSAC: 350 inliers / 398, 11 iterations
[INFO] [1790552665.447052253] [pose_estimator]: RPE: trans 1.1356 | rot 0.01560 (0.632 deg)
Matched 360 keypoints
[INFO] [1790552665.571672670] [pose_estimator]: RANSAC: 316 inliers / 360, 11 iterations
[INFO] [1790552665.571924420] [pose_estimator]: RPE: trans 0.0103 | rot 0.00866 (0.351 deg)
Matched 356 keypoints
[INFO] [1790552665.699534962] [pose_estimator]: RANSAC: 310 inliers / 356, 12 iterations
[INFO] [1790552665.700057378] [pose_estimator]: RPE: trans 0.3378 | rot 0.01132 (0.458 deg)
Matched 347 keypoints
[INFO] [1790552665.818911712] [pose_estimator]: RANSAC: 298 inliers / 347, 16 iterations
[INFO] [1790552665.819090920] [pose_estimator]: RPE: trans 0.2315 | rot 0.01013 (0.410 deg)
Matched 328 keypoints
[INFO] [1790552665.939094878] [pose_estimator]: RANSAC: 278 inliers / 328, 15 iterations
[INFO] [1790552665.939271545] [pose_estimator]: RPE: trans 0.4516 | rot 0.01704 (0.690 deg)
Matched 320 keypoints
[INFO] [1790552666.073146878] [pose_estimator]: RANSAC: 263 inliers / 320, 22 iterations
[INFO] [1790552666.076024337] [pose_estimator]: RPE: trans 0.2036 | rot 0.00588 (0.238 deg)
Matched 377 keypoints
[INFO] [1790552666.200553170] [pose_estimator]: RANSAC: 341 inliers / 377, 9 iterations
[INFO] [1790552666.200731462] [pose_estimator]: RPE: trans 0.4196 | rot 0.00653 (0.264 deg)
Matched 356 keypoints
[INFO] [1790552666.319598878] [pose_estimator]: RANSAC: 306 inliers / 356, 14 iterations
[INFO] [1790552666.319774337] [pose_estimator]: RPE: trans 0.7411 | rot 0.01062 (0.430 deg)
Matched 399 keypoints
[INFO] [1790552666.441912629] [pose_estimator]: RANSAC: 367 inliers / 399, 7 iterations
[INFO] [1790552666.442099879] [pose_estimator]: RPE: trans 0.5863 | rot 0.01235 (0.500 deg)
Matched 379 keypoints
[INFO] [1790552666.573628795] [pose_estimator]: RANSAC: 336 inliers / 379, 10 iterations
[INFO] [1790552666.580584295] [pose_estimator]: RPE: trans 0.4828 | rot 0.01595 (0.646 deg)
Matched 351 keypoints
[INFO] [1790552666.708874379] [pose_estimator]: RANSAC: 313 inliers / 351, 10 iterations
[INFO] [1790552666.709053087] [pose_estimator]: RPE: trans 0.2088 | rot 0.00603 (0.244 deg)
Matched 361 keypoints
[INFO] [1790552666.830164587] [pose_estimator]: RANSAC: 292 inliers / 361, 23 iterations
[INFO] [1790552666.830333754] [pose_estimator]: RPE: trans 0.0568 | rot 0.00155 (0.063 deg)
Matched 363 keypoints
[INFO] [1790552666.949419629] [pose_estimator]: RANSAC: 328 inliers / 363, 8 iterations
[INFO] [1790552666.950934254] [pose_estimator]: RPE: trans 0.2235 | rot 0.00700 (0.284 deg)
Matched 359 keypoints
[INFO] [1790552667.084502462] [pose_estimator]: RANSAC: 317 inliers / 359, 10 iterations
[INFO] [1790552667.084932587] [pose_estimator]: RPE: trans 0.2728 | rot 0.01170 (0.474 deg)
Matched 335 keypoints
[INFO] [1790552667.225233796] [pose_estimator]: RANSAC: 277 inliers / 335, 19 iterations
[INFO] [1790552667.225544837] [pose_estimator]: RPE: trans 0.1738 | rot 0.00292 (0.118 deg)
Matched 367 keypoints
[INFO] [1790552667.365982837] [pose_estimator]: RANSAC: 331 inliers / 367, 8 iterations
[INFO] [1790552667.367591379] [pose_estimator]: RPE: trans 1.9742 | rot 0.01330 (0.539 deg)
Matched 344 keypoints
[INFO] [1790552667.546617171] [pose_estimator]: RANSAC: 288 inliers / 344, 17 iterations
[INFO] [1790552667.546784546] [pose_estimator]: RPE: trans 1.9714 | rot 0.02362 (0.957 deg)
Matched 311 keypoints
[INFO] [1790552667.676834962] [pose_estimator]: RANSAC: 275 inliers / 311, 10 iterations
[INFO] [1790552667.677047962] [pose_estimator]: RPE: trans 0.2709 | rot 0.00994 (0.403 deg)
Matched 386 keypoints
[INFO] [1790552667.804277504] [pose_estimator]: RANSAC: 352 inliers / 386, 10 iterations
[INFO] [1790552667.805922296] [pose_estimator]: RPE: trans 0.0783 | rot 0.00333 (0.135 deg)
Matched 380 keypoints
[INFO] [1790552667.928670754] [pose_estimator]: RANSAC: 351 inliers / 380, 7 iterations
[INFO] [1790552667.931667379] [pose_estimator]: RPE: trans 0.1796 | rot 0.00266 (0.108 deg)
Matched 352 keypoints
[INFO] [1790552668.057852546] [pose_estimator]: RANSAC: 316 inliers / 352, 9 iterations
[INFO] [1790552668.058036921] [pose_estimator]: RPE: trans 0.0687 | rot 0.00132 (0.053 deg)
Matched 420 keypoints
[INFO] [1790552668.180195504] [pose_estimator]: RANSAC: 379 inliers / 420, 9 iterations
[INFO] [1790552668.180450129] [pose_estimator]: RPE: trans 0.3101 | rot 0.00521 (0.211 deg)
Matched 394 keypoints
[INFO] [1790552668.336256838] [pose_estimator]: RANSAC: 362 inliers / 394, 8 iterations
[INFO] [1790552668.338641838] [pose_estimator]: RPE: trans 0.0719 | rot 0.00098 (0.040 deg)
Matched 361 keypoints
[INFO] [1790552668.464918380] [pose_estimator]: RANSAC: 320 inliers / 361, 10 iterations
[INFO] [1790552668.465094421] [pose_estimator]: RPE: trans 0.0622 | rot 0.00281 (0.114 deg)
Matched 478 keypoints
[INFO] [1790552668.602023671] [pose_estimator]: RANSAC: 438 inliers / 478, 7 iterations
[INFO] [1790552668.602200046] [pose_estimator]: RPE: trans 0.5159 | rot 0.00663 (0.269 deg)
Matched 431 keypoints
[INFO] [1790552668.728250255] [pose_estimator]: RANSAC: 389 inliers / 431, 8 iterations
[INFO] [1790552668.728448963] [pose_estimator]: RPE: trans 0.1819 | rot 0.00259 (0.105 deg)
Matched 465 keypoints
[INFO] [1790552668.882535130] [pose_estimator]: RANSAC: 425 inliers / 465, 10 iterations
[INFO] [1790552668.882814046] [pose_estimator]: RPE: trans 1.7429 | rot 0.01468 (0.595 deg)
Matched 342 keypoints
[INFO] [1790552669.014828046] [pose_estimator]: RANSAC: 298 inliers / 342, 16 iterations
[INFO] [1790552669.015002546] [pose_estimator]: RPE: trans 0.0274 | rot 0.00121 (0.049 deg)
Matched 461 keypoints
[INFO] [1790552669.144583630] [pose_estimator]: RANSAC: 414 inliers / 461, 9 iterations
[INFO] [1790552669.146277922] [pose_estimator]: RPE: trans 0.3594 | rot 0.00730 (0.296 deg)
Matched 374 keypoints
[INFO] [1790552669.267918880] [pose_estimator]: RANSAC: 326 inliers / 374, 12 iterations
[INFO] [1790552669.269027422] [pose_estimator]: RPE: trans 0.1263 | rot 0.00579 (0.235 deg)
Matched 421 keypoints
[INFO] [1790552669.407681380] [pose_estimator]: RANSAC: 383 inliers / 421, 8 iterations
[INFO] [1790552669.407850880] [pose_estimator]: RPE: trans 0.4439 | rot 0.01489 (0.603 deg)
Matched 343 keypoints
[INFO] [1790552669.539506172] [pose_estimator]: RANSAC: 306 inliers / 343, 9 iterations
[INFO] [1790552669.539706047] [pose_estimator]: RPE: trans 0.1390 | rot 0.00647 (0.262 deg)
Matched 349 keypoints
[INFO] [1790552669.660431547] [pose_estimator]: RANSAC: 319 inliers / 349, 7 iterations
[INFO] [1790552669.661299672] [pose_estimator]: RPE: trans 0.1105 | rot 0.00630 (0.255 deg)
Matched 375 keypoints
[INFO] [1790552669.786574172] [pose_estimator]: RANSAC: 351 inliers / 375, 6 iterations
[INFO] [1790552669.786776838] [pose_estimator]: RPE: trans 0.0497 | rot 0.01077 (0.436 deg)
Matched 301 keypoints
[INFO] [1790552669.905915005] [pose_estimator]: RANSAC: 252 inliers / 301, 20 iterations
[INFO] [1790552669.906098630] [pose_estimator]: RPE: trans 0.0858 | rot 0.00257 (0.104 deg)
Matched 344 keypoints
[INFO] [1790552670.030166797] [pose_estimator]: RANSAC: 300 inliers / 344, 12 iterations
[INFO] [1790552670.033402839] [pose_estimator]: RPE: trans 1.9766 | rot 0.02064 (0.836 deg)
Matched 314 keypoints
[INFO] [1790552670.156555089] [pose_estimator]: RANSAC: 271 inliers / 314, 16 iterations
[INFO] [1790552670.157809047] [pose_estimator]: RPE: trans 0.0321 | rot 0.00305 (0.124 deg)
Matched 396 keypoints
[INFO] [1790552670.280121505] [pose_estimator]: RANSAC: 362 inliers / 396, 7 iterations
[INFO] [1790552670.280304380] [pose_estimator]: RPE: trans 0.1512 | rot 0.00382 (0.155 deg)
Matched 393 keypoints
[INFO] [1790552670.401016297] [pose_estimator]: RANSAC: 356 inliers / 393, 12 iterations
[INFO] [1790552670.401157630] [pose_estimator]: RPE: trans 0.5406 | rot 0.01666 (0.675 deg)
Matched 333 keypoints
[INFO] [1790552670.523915589] [pose_estimator]: RANSAC: 301 inliers / 333, 8 iterations
[INFO] [1790552670.526600672] [pose_estimator]: RPE: trans 0.1630 | rot 0.00523 (0.212 deg)
Matched 369 keypoints
[INFO] [1790552670.656794047] [pose_estimator]: RANSAC: 321 inliers / 369, 12 iterations
[INFO] [1790552670.657002881] [pose_estimator]: RPE: trans 0.1709 | rot 0.00540 (0.219 deg)
Matched 323 keypoints
[INFO] [1790552670.779643339] [pose_estimator]: RANSAC: 264 inliers / 323, 21 iterations
[INFO] [1790552670.779815589] [pose_estimator]: RPE: trans 0.1496 | rot 0.01059 (0.429 deg)
Matched 417 keypoints
[INFO] [1790552670.905324339] [pose_estimator]: RANSAC: 378 inliers / 417, 8 iterations
[INFO] [1790552670.905503881] [pose_estimator]: RPE: trans 0.5861 | rot 0.01223 (0.495 deg)
Matched 429 keypoints
[INFO] [1790552671.032009964] [pose_estimator]: RANSAC: 388 inliers / 429, 8 iterations
[INFO] [1790552671.032181797] [pose_estimator]: RPE: trans 0.2976 | rot 0.00632 (0.256 deg)
Matched 393 keypoints
[INFO] [1790552671.154918922] [pose_estimator]: RANSAC: 357 inliers / 393, 9 iterations
[INFO] [1790552671.155112756] [pose_estimator]: RPE: trans 0.2419 | rot 0.00908 (0.368 deg)
Matched 359 keypoints
[INFO] [1790552671.280960089] [pose_estimator]: RANSAC: 313 inliers / 359, 12 iterations
[INFO] [1790552671.281120256] [pose_estimator]: RPE: trans 0.0595 | rot 0.00044 (0.018 deg)
Matched 432 keypoints
[INFO] [1790552671.423743548] [pose_estimator]: RANSAC: 393 inliers / 432, 8 iterations
[INFO] [1790552671.429493464] [pose_estimator]: RPE: trans 0.2207 | rot 0.01444 (0.585 deg)
Matched 354 keypoints
[INFO] [1790552671.556176006] [pose_estimator]: RANSAC: 317 inliers / 354, 9 iterations
[INFO] [1790552671.558644756] [pose_estimator]: RPE: trans 0.0358 | rot 0.00651 (0.264 deg)
Matched 385 keypoints
[INFO] [1790552671.688542964] [pose_estimator]: RANSAC: 338 inliers / 385, 11 iterations
[INFO] [1790552671.688728964] [pose_estimator]: RPE: trans 0.0590 | rot 0.00178 (0.072 deg)
Matched 293 keypoints
[INFO] [1790552671.808311964] [pose_estimator]: RANSAC: 249 inliers / 293, 15 iterations
[INFO] [1790552671.809450506] [pose_estimator]: RPE: trans 0.0484 | rot 0.00223 (0.090 deg)
Matched 354 keypoints
[INFO] [1790552671.953992423] [pose_estimator]: RANSAC: 300 inliers / 354, 15 iterations
[INFO] [1790552671.954153673] [pose_estimator]: RPE: trans 0.0683 | rot 0.00395 (0.160 deg)
Matched 330 keypoints
[INFO] [1790552672.086632215] [pose_estimator]: RANSAC: 277 inliers / 330, 17 iterations
[INFO] [1790552672.086798798] [pose_estimator]: RPE: trans 0.0535 | rot 0.00148 (0.060 deg)
Matched 295 keypoints
[INFO] [1790552672.202809840] [pose_estimator]: RANSAC: 257 inliers / 295, 12 iterations
[INFO] [1790552672.202970006] [pose_estimator]: RPE: trans 0.0211 | rot 0.00251 (0.102 deg)
Matched 405 keypoints
[INFO] [1790552672.328489756] [pose_estimator]: RANSAC: 347 inliers / 405, 14 iterations
[INFO] [1790552672.332438090] [pose_estimator]: RPE: trans 0.2388 | rot 0.00322 (0.130 deg)
Matched 334 keypoints
[INFO] [1790552672.469983006] [pose_estimator]: RANSAC: 291 inliers / 334, 12 iterations
[INFO] [1790552672.471270590] [pose_estimator]: RPE: trans 0.0970 | rot 0.00796 (0.323 deg)
Matched 411 keypoints
[INFO] [1790552672.609336423] [pose_estimator]: RANSAC: 359 inliers / 411, 13 iterations
[INFO] [1790552672.609517298] [pose_estimator]: RPE: trans 0.3161 | rot 0.00634 (0.257 deg)
Matched 358 keypoints
[INFO] [1790552672.730279548] [pose_estimator]: RANSAC: 308 inliers / 358, 14 iterations
[INFO] [1790552672.732799923] [pose_estimator]: RPE: trans 0.2139 | rot 0.00736 (0.298 deg)
Matched 367 keypoints
[INFO] [1790552672.860644382] [pose_estimator]: RANSAC: 325 inliers / 367, 10 iterations
[INFO] [1790552672.860792215] [pose_estimator]: RPE: trans 0.1299 | rot 0.00197 (0.080 deg)
Matched 343 keypoints
[INFO] [1790552672.980126548] [pose_estimator]: RANSAC: 293 inliers / 343, 14 iterations
[INFO] [1790552672.980290340] [pose_estimator]: RPE: trans 0.0966 | rot 0.00256 (0.104 deg)
Matched 424 keypoints
[INFO] [1790552673.112591715] [pose_estimator]: RANSAC: 362 inliers / 424, 14 iterations
[INFO] [1790552673.113822507] [pose_estimator]: RPE: trans 0.6739 | rot 0.01744 (0.707 deg)
Matched 329 keypoints
[INFO] [1790552673.257862673] [pose_estimator]: RANSAC: 287 inliers / 329, 12 iterations
[INFO] [1790552673.258386673] [pose_estimator]: RPE: trans 0.0448 | rot 0.00275 (0.111 deg)
Matched 350 keypoints
[INFO] [1790552673.379017132] [pose_estimator]: RANSAC: 305 inliers / 350, 14 iterations
[INFO] [1790552673.379212882] [pose_estimator]: RPE: trans 0.0166 | rot 0.00311 (0.126 deg)
Matched 350 keypoints
[INFO] [1790552673.510011632] [pose_estimator]: RANSAC: 286 inliers / 350, 30 iterations
[INFO] [1790552673.510168757] [pose_estimator]: RPE: trans 0.0875 | rot 0.00136 (0.055 deg)
Matched 299 keypoints
[INFO] [1790552673.675678715] [pose_estimator]: RANSAC: 253 inliers / 299, 16 iterations
[INFO] [1790552673.677201382] [pose_estimator]: RPE: trans 0.0689 | rot 0.00328 (0.133 deg)
Matched 373 keypoints
[INFO] [1790552673.802053299] [pose_estimator]: RANSAC: 320 inliers / 373, 14 iterations
[INFO] [1790552673.802223090] [pose_estimator]: RPE: trans 0.0502 | rot 0.00544 (0.220 deg)
Matched 416 keypoints
[INFO] [1790552673.929719090] [pose_estimator]: RANSAC: 364 inliers / 416, 11 iterations
[INFO] [1790552673.929867007] [pose_estimator]: RPE: trans 0.1100 | rot 0.00046 (0.019 deg)
Matched 443 keypoints
[INFO] [1790552674.061026716] [pose_estimator]: RANSAC: 394 inliers / 443, 10 iterations
[INFO] [1790552674.067372591] [pose_estimator]: RPE: trans 0.1089 | rot 0.00417 (0.169 deg)
Matched 417 keypoints
[INFO] [1790552674.206155382] [pose_estimator]: RANSAC: 353 inliers / 417, 16 iterations
[INFO] [1790552674.211409591] [pose_estimator]: RPE: trans 0.0357 | rot 0.00060 (0.025 deg)
Matched 420 keypoints
[INFO] [1790552674.344105132] [pose_estimator]: RANSAC: 354 inliers / 420, 16 iterations
[INFO] [1790552674.344284257] [pose_estimator]: RPE: trans 0.0883 | rot 0.00360 (0.146 deg)
Matched 426 keypoints
[INFO] [1790552674.481972966] [pose_estimator]: RANSAC: 355 inliers / 426, 18 iterations
[INFO] [1790552674.484645049] [pose_estimator]: RPE: trans 0.1368 | rot 0.00295 (0.120 deg)
Matched 488 keypoints
[INFO] [1790552674.673855466] [pose_estimator]: RANSAC: 408 inliers / 488, 17 iterations
[INFO] [1790552674.674003549] [pose_estimator]: RPE: trans 0.0446 | rot 0.00799 (0.324 deg)
Matched 541 keypoints
[INFO] [1790552674.801619216] [pose_estimator]: RANSAC: 476 inliers / 541, 11 iterations
[INFO] [1790552674.801796508] [pose_estimator]: RPE: trans 0.1286 | rot 0.00367 (0.148 deg)
Matched 470 keypoints
[INFO] [1790552674.945670424] [pose_estimator]: RANSAC: 406 inliers / 470, 13 iterations
[INFO] [1790552674.954388799] [pose_estimator]: RPE: trans 0.0343 | rot 0.00231 (0.093 deg)
Matched 546 keypoints
[INFO] [1790552675.123395008] [pose_estimator]: RANSAC: 485 inliers / 546, 10 iterations
[INFO] [1790552675.123605466] [pose_estimator]: RPE: trans 0.1776 | rot 0.00666 (0.270 deg)
Matched 511 keypoints
[INFO] [1790552675.266758299] [pose_estimator]: RANSAC: 419 inliers / 511, 23 iterations
[INFO] [1790552675.266948424] [pose_estimator]: RPE: trans 1.9869 | rot 0.03844 (1.557 deg)
Matched 467 keypoints
[INFO] [1790552675.407692966] [pose_estimator]: RANSAC: 393 inliers / 467, 31 iterations
[INFO] [1790552675.409001841] [pose_estimator]: RPE: trans 0.0323 | rot 0.00431 (0.175 deg)
Matched 457 keypoints
[INFO] [1790552675.542862091] [pose_estimator]: RANSAC: 394 inliers / 457, 13 iterations
[INFO] [1790552675.543034883] [pose_estimator]: RPE: trans 0.1045 | rot 0.00543 (0.220 deg)
Matched 451 keypoints
[INFO] [1790552675.668548050] [pose_estimator]: RANSAC: 391 inliers / 451, 12 iterations
[INFO] [1790552675.668729050] [pose_estimator]: RPE: trans 0.0820 | rot 0.00427 (0.173 deg)
Matched 520 keypoints
[INFO] [1790552675.801225425] [pose_estimator]: RANSAC: 449 inliers / 520, 13 iterations
[INFO] [1790552675.808324925] [pose_estimator]: RPE: trans 0.2841 | rot 0.00248 (0.101 deg)
Matched 499 keypoints
[INFO] [1790552675.956975550] [pose_estimator]: RANSAC: 432 inliers / 499, 18 iterations
[INFO] [1790552675.957151466] [pose_estimator]: RPE: trans 0.3282 | rot 0.01636 (0.663 deg)
Matched 453 keypoints
[INFO] [1790552676.084510591] [pose_estimator]: RANSAC: 399 inliers / 453, 11 iterations
[INFO] [1790552676.084671425] [pose_estimator]: RPE: trans 0.2364 | rot 0.00927 (0.376 deg)
Matched 464 keypoints
[INFO] [1790552676.218721008] [pose_estimator]: RANSAC: 411 inliers / 464, 11 iterations
[INFO] [1790552676.221335425] [pose_estimator]: RPE: trans 0.1400 | rot 0.00696 (0.282 deg)
Matched 483 keypoints
[INFO] [1790552676.358994383] [pose_estimator]: RANSAC: 436 inliers / 483, 10 iterations
[INFO] [1790552676.362876883] [pose_estimator]: RPE: trans 0.1554 | rot 0.00508 (0.206 deg)
Matched 462 keypoints
[INFO] [1790552676.506253550] [pose_estimator]: RANSAC: 423 inliers / 462, 7 iterations
[INFO] [1790552676.506437342] [pose_estimator]: RPE: trans 0.1277 | rot 0.00627 (0.254 deg)
Matched 398 keypoints
[INFO] [1790552676.632455133] [pose_estimator]: RANSAC: 348 inliers / 398, 12 iterations
[INFO] [1790552676.633435800] [pose_estimator]: RPE: trans 0.0137 | rot 0.00113 (0.046 deg)
Matched 465 keypoints
[INFO] [1790552676.771066633] [pose_estimator]: RANSAC: 403 inliers / 465, 13 iterations
[INFO] [1790552676.771250342] [pose_estimator]: RPE: trans 0.1717 | rot 0.00526 (0.213 deg)
Matched 467 keypoints
[INFO] [1790552676.908545717] [pose_estimator]: RANSAC: 432 inliers / 467, 6 iterations
[INFO] [1790552676.908723009] [pose_estimator]: RPE: trans 0.0820 | rot 0.00447 (0.181 deg)
Matched 524 keypoints
[INFO] [1790552677.048481009] [pose_estimator]: RANSAC: 479 inliers / 524, 7 iterations
[INFO] [1790552677.049721759] [pose_estimator]: RPE: trans 0.0271 | rot 0.00872 (0.353 deg)
Matched 500 keypoints
[INFO] [1790552677.187304675] [pose_estimator]: RANSAC: 443 inliers / 500, 10 iterations
[INFO] [1790552677.189588842] [pose_estimator]: RPE: trans 0.0790 | rot 0.00640 (0.259 deg)
Matched 531 keypoints
[INFO] [1790552677.323976342] [pose_estimator]: RANSAC: 471 inliers / 531, 10 iterations
[INFO] [1790552677.324160592] [pose_estimator]: RPE: trans 0.0105 | rot 0.00201 (0.081 deg)
Matched 569 keypoints
[INFO] [1790552677.457789717] [pose_estimator]: RANSAC: 516 inliers / 569, 8 iterations
[INFO] [1790552677.457978800] [pose_estimator]: RPE: trans 0.2111 | rot 0.00730 (0.296 deg)
Matched 510 keypoints
[INFO] [1790552677.591928176] [pose_estimator]: RANSAC: 445 inliers / 510, 15 iterations
[INFO] [1790552677.592395759] [pose_estimator]: RPE: trans 0.0410 | rot 0.00347 (0.140 deg)
Matched 497 keypoints
[INFO] [1790552677.729233926] [pose_estimator]: RANSAC: 437 inliers / 497, 11 iterations
[INFO] [1790552677.729842134] [pose_estimator]: RPE: trans 0.0918 | rot 0.00171 (0.069 deg)
Matched 529 keypoints
[INFO] [1790552677.869228842] [pose_estimator]: RANSAC: 482 inliers / 529, 8 iterations
[INFO] [1790552677.869427342] [pose_estimator]: RPE: trans 0.1050 | rot 0.00795 (0.322 deg)
Matched 412 keypoints
[INFO] [1790552678.002718259] [pose_estimator]: RANSAC: 361 inliers / 412, 11 iterations
[INFO] [1790552678.003507592] [pose_estimator]: RPE: trans 0.0237 | rot 0.00031 (0.012 deg)
Matched 455 keypoints
[INFO] [1790552678.139982426] [pose_estimator]: RANSAC: 399 inliers / 455, 11 iterations
[INFO] [1790552678.141880509] [pose_estimator]: RPE: trans 0.1679 | rot 0.00466 (0.189 deg)
Matched 382 keypoints
[INFO] [1790552678.273389926] [pose_estimator]: RANSAC: 321 inliers / 382, 17 iterations
[INFO] [1790552678.273584259] [pose_estimator]: RPE: trans 0.0577 | rot 0.00602 (0.244 deg)
Matched 455 keypoints
[INFO] [1790552678.397926801] [pose_estimator]: RANSAC: 415 inliers / 455, 12 iterations
[INFO] [1790552678.399090759] [pose_estimator]: RPE: trans 0.2476 | rot 0.00881 (0.357 deg)
Matched 372 keypoints
[INFO] [1790552678.526861051] [pose_estimator]: RANSAC: 306 inliers / 372, 20 iterations
[INFO] [1790552678.530285259] [pose_estimator]: RPE: trans 0.0512 | rot 0.00342 (0.139 deg)
Matched 408 keypoints
[INFO] [1790552678.659669218] [pose_estimator]: RANSAC: 358 inliers / 408, 11 iterations
[INFO] [1790552678.659855051] [pose_estimator]: RPE: trans 0.0861 | rot 0.00336 (0.136 deg)
Matched 435 keypoints
[INFO] [1790552678.802230343] [pose_estimator]: RANSAC: 387 inliers / 435, 10 iterations
[INFO] [1790552678.804545634] [pose_estimator]: RPE: trans 0.1739 | rot 0.00671 (0.272 deg)
Matched 374 keypoints
[INFO] [1790552678.933747301] [pose_estimator]: RANSAC: 316 inliers / 374, 16 iterations
[INFO] [1790552678.935715760] [pose_estimator]: RPE: trans 0.1294 | rot 0.00888 (0.360 deg)
Matched 358 keypoints
[INFO] [1790552679.061049885] [pose_estimator]: RANSAC: 316 inliers / 358, 11 iterations
[INFO] [1790552679.061288343] [pose_estimator]: RPE: trans 0.1353 | rot 0.00467 (0.189 deg)
Matched 419 keypoints
[INFO] [1790552679.186068885] [pose_estimator]: RANSAC: 373 inliers / 419, 10 iterations
[INFO] [1790552679.186254468] [pose_estimator]: RPE: trans 0.1892 | rot 0.00748 (0.303 deg)
Matched 346 keypoints
[INFO] [1790552679.308857135] [pose_estimator]: RANSAC: 281 inliers / 346, 22 iterations
[INFO] [1790552679.311377593] [pose_estimator]: RPE: trans 0.0766 | rot 0.00076 (0.031 deg)
Matched 322 keypoints
[INFO] [1790552679.455967676] [pose_estimator]: RANSAC: 274 inliers / 322, 15 iterations
[INFO] [1790552679.456184343] [pose_estimator]: RPE: trans 0.2460 | rot 0.00422 (0.171 deg)
Matched 328 keypoints
[INFO] [1790552679.575683135] [pose_estimator]: RANSAC: 264 inliers / 328, 24 iterations
[INFO] [1790552680.413909969] [pose_estimator]: RPE: trans 0.1815 | rot 0.00232 (0.094 deg)
Matched 154 keypoints
[INFO] [1790552680.546826052] [pose_estimator]: RANSAC: 106 inliers / 154, 90 iterations
[INFO] [1790552680.548995469] [pose_estimator]: RPE: trans 0.0439 | rot 0.00482 (0.195 deg)
Matched 320 keypoints
[INFO] [1790552680.671797719] [pose_estimator]: RANSAC: 282 inliers / 320, 11 iterations
[INFO] [1790552680.674141594] [pose_estimator]: RPE: trans 0.0657 | rot 0.00532 (0.215 deg)
Matched 316 keypoints
[INFO] [1790552680.806085344] [pose_estimator]: RANSAC: 261 inliers / 316, 19 iterations
[INFO] [1790552680.806266135] [pose_estimator]: RPE: trans 0.1670 | rot 0.01565 (0.634 deg)
Matched 357 keypoints
[INFO] [1790552680.920886344] [pose_estimator]: RANSAC: 327 inliers / 357, 7 iterations
[INFO] [1790552680.921068927] [pose_estimator]: RPE: trans 0.1630 | rot 0.00346 (0.140 deg)
Matched 319 keypoints
[INFO] [1790552681.042602052] [pose_estimator]: RANSAC: 285 inliers / 319, 9 iterations
[INFO] [1790552681.049094594] [pose_estimator]: RPE: trans 0.0207 | rot 0.00113 (0.046 deg)
Matched 343 keypoints
[INFO] [1790552681.181205969] [pose_estimator]: RANSAC: 311 inliers / 343, 8 iterations
[INFO] [1790552681.181388719] [pose_estimator]: RPE: trans 0.0463 | rot 0.00549 (0.222 deg)
Matched 274 keypoints
[INFO] [1790552681.296789636] [pose_estimator]: RANSAC: 229 inliers / 274, 17 iterations
[INFO] [1790552681.297006594] [pose_estimator]: RPE: trans 0.0930 | rot 0.00897 (0.364 deg)
Matched 295 keypoints
[INFO] [1790552681.411911219] [pose_estimator]: RANSAC: 260 inliers / 295, 11 iterations
[INFO] [1790552681.413086052] [pose_estimator]: RPE: trans 0.0299 | rot 0.00701 (0.284 deg)
Matched 310 keypoints
[INFO] [1790552681.538079886] [pose_estimator]: RANSAC: 285 inliers / 310, 7 iterations
[INFO] [1790552681.539740261] [pose_estimator]: RPE: trans 0.0927 | rot 0.00228 (0.093 deg)
Matched 307 keypoints
[INFO] [1790552681.664485594] [pose_estimator]: RANSAC: 293 inliers / 307, 4 iterations
[INFO] [1790552681.664673844] [pose_estimator]: RPE: trans 0.0816 | rot 0.00446 (0.180 deg)
Matched 332 keypoints
[INFO] [1790552681.787648344] [pose_estimator]: RANSAC: 300 inliers / 332, 8 iterations
[INFO] [1790552681.787845219] [pose_estimator]: RPE: trans 0.0770 | rot 0.00353 (0.143 deg)
Matched 366 keypoints
[INFO] [1790552681.907869511] [pose_estimator]: RANSAC: 341 inliers / 366, 6 iterations
[INFO] [1790552681.909540303] [pose_estimator]: RPE: trans 0.3442 | rot 0.00910 (0.369 deg)
Matched 349 keypoints
[INFO] [1790552682.030995053] [pose_estimator]: RANSAC: 321 inliers / 349, 7 iterations
[INFO] [1790552682.031197469] [pose_estimator]: RPE: trans 0.1927 | rot 0.00586 (0.238 deg)
Matched 356 keypoints
[INFO] [1790552682.174444469] [pose_estimator]: RANSAC: 333 inliers / 356, 7 iterations
[INFO] [1790552682.174637678] [pose_estimator]: RPE: trans 0.4989 | rot 0.01349 (0.547 deg)
Matched 350 keypoints
[INFO] [1790552682.296058719] [pose_estimator]: RANSAC: 323 inliers / 350, 7 iterations
[INFO] [1790552682.296873886] [pose_estimator]: RPE: trans 0.4398 | rot 0.00728 (0.295 deg)
Matched 371 keypoints
[INFO] [1790552682.416391219] [pose_estimator]: RANSAC: 330 inliers / 371, 10 iterations
[INFO] [1790552682.416667636] [pose_estimator]: RPE: trans 1.7096 | rot 0.01176 (0.477 deg)
Matched 366 keypoints
[INFO] [1790552682.536257678] [pose_estimator]: RANSAC: 330 inliers / 366, 9 iterations
[INFO] [1790552682.536433220] [pose_estimator]: RPE: trans 1.3509 | rot 0.01117 (0.453 deg)
Matched 380 keypoints
[INFO] [1790552682.666750053] [pose_estimator]: RANSAC: 350 inliers / 380, 9 iterations
[INFO] [1790552682.666899595] [pose_estimator]: RPE: trans 1.5560 | rot 0.01751 (0.710 deg)
Matched 387 keypoints
[INFO] [1790552682.790262636] [pose_estimator]: RANSAC: 352 inliers / 387, 8 iterations
[INFO] [1790552682.790834470] [pose_estimator]: RPE: trans 1.5226 | rot 0.01268 (0.514 deg)
Matched 381 keypoints
[INFO] [1790552682.912637428] [pose_estimator]: RANSAC: 365 inliers / 381, 4 iterations
[INFO] [1790552682.912848511] [pose_estimator]: RPE: trans 0.2803 | rot 0.00869 (0.352 deg)
Matched 418 keypoints
[INFO] [1790552683.074181636] [pose_estimator]: RANSAC: 376 inliers / 418, 9 iterations
[INFO] [1790552683.074367261] [pose_estimator]: RPE: trans 0.5889 | rot 0.01690 (0.685 deg)
Matched 405 keypoints
[INFO] [1790552683.248511178] [pose_estimator]: RANSAC: 383 inliers / 405, 5 iterations
[INFO] [1790552683.249055637] [pose_estimator]: RPE: trans 1.7518 | rot 0.01449 (0.587 deg)
Matched 361 keypoints
[INFO] [1790552683.375534262] [pose_estimator]: RANSAC: 323 inliers / 361, 9 iterations
[INFO] [1790552683.375741803] [pose_estimator]: RPE: trans 0.0833 | rot 0.00499 (0.202 deg)
Matched 365 keypoints
[INFO] [1790552683.494416178] [pose_estimator]: RANSAC: 324 inliers / 365, 10 iterations
[INFO] [1790552683.494574595] [pose_estimator]: RPE: trans 0.1332 | rot 0.00832 (0.337 deg)
Matched 338 keypoints
[INFO] [1790552683.613677303] [pose_estimator]: RANSAC: 290 inliers / 338, 14 iterations
[INFO] [1790552683.616262345] [pose_estimator]: RPE: trans 0.3036 | rot 0.00562 (0.228 deg)
Matched 363 keypoints
[INFO] [1790552683.739434470] [pose_estimator]: RANSAC: 334 inliers / 363, 9 iterations
[INFO] [1790552683.739620470] [pose_estimator]: RPE: trans 0.4375 | rot 0.01355 (0.549 deg)
Matched 353 keypoints
[INFO] [1790552683.860014012] [pose_estimator]: RANSAC: 322 inliers / 353, 8 iterations
[INFO] [1790552683.860172929] [pose_estimator]: RPE: trans 0.2081 | rot 0.01261 (0.511 deg)
Matched 372 keypoints
[INFO] [1790552684.001039554] [pose_estimator]: RANSAC: 341 inliers / 372, 7 iterations
[INFO] [1790552684.001191345] [pose_estimator]: RPE: trans 1.8224 | rot 0.01945 (0.788 deg)
Matched 355 keypoints
[INFO] [1790552684.133098179] [pose_estimator]: RANSAC: 324 inliers / 355, 8 iterations
[INFO] [1790552684.143160845] [pose_estimator]: RPE: trans 0.3105 | rot 0.01006 (0.408 deg)
Matched 326 keypoints
[INFO] [1790552684.264634054] [pose_estimator]: RANSAC: 287 inliers / 326, 11 iterations
[INFO] [1790552684.264810179] [pose_estimator]: RPE: trans 0.2230 | rot 0.00565 (0.229 deg)
Matched 350 keypoints
[INFO] [1790552684.387833512] [pose_estimator]: RANSAC: 324 inliers / 350, 6 iterations
[INFO] [1790552684.388018595] [pose_estimator]: RPE: trans 1.9552 | rot 0.01887 (0.765 deg)
Matched 314 keypoints
[INFO] [1790552684.505875179] [pose_estimator]: RANSAC: 291 inliers / 314, 12 iterations
[INFO] [1790552684.508264220] [pose_estimator]: RPE: trans 0.0282 | rot 0.00490 (0.199 deg)
Matched 332 keypoints
[INFO] [1790552684.632709512] [pose_estimator]: RANSAC: 314 inliers / 332, 5 iterations
[INFO] [1790552684.633045512] [pose_estimator]: RPE: trans 0.1948 | rot 0.01019 (0.413 deg)
Matched 378 keypoints
[INFO] [1790552684.753436679] [pose_estimator]: RANSAC: 346 inliers / 378, 7 iterations
[INFO] [1790552684.753610346] [pose_estimator]: RPE: trans 0.1327 | rot 0.00339 (0.137 deg)
Matched 326 keypoints
[INFO] [1790552684.867642429] [pose_estimator]: RANSAC: 291 inliers / 326, 9 iterations
[INFO] [1790552684.867794387] [pose_estimator]: RPE: trans 0.1114 | rot 0.00760 (0.308 deg)
Matched 400 keypoints
[INFO] [1790552684.989534304] [pose_estimator]: RANSAC: 368 inliers / 400, 7 iterations
[INFO] [1790552684.991133762] [pose_estimator]: RPE: trans 1.8751 | rot 0.01515 (0.614 deg)
Matched 387 keypoints
[INFO] [1790552685.122151179] [pose_estimator]: RANSAC: 346 inliers / 387, 9 iterations
[INFO] [1790552685.122312054] [pose_estimator]: RPE: trans 0.0982 | rot 0.00750 (0.304 deg)
Matched 340 keypoints
[INFO] [1790552685.239112096] [pose_estimator]: RANSAC: 302 inliers / 340, 10 iterations
[INFO] [1790552685.239320054] [pose_estimator]: RPE: trans 0.1399 | rot 0.00338 (0.137 deg)
Matched 332 keypoints
[INFO] [1790552685.361628221] [pose_estimator]: RANSAC: 300 inliers / 332, 8 iterations
[INFO] [1790552685.361792096] [pose_estimator]: RPE: trans 0.1691 | rot 0.01056 (0.428 deg)
Matched 339 keypoints
[INFO] [1790552685.488527721] [pose_estimator]: RANSAC: 297 inliers / 339, 11 iterations
[INFO] [1790552685.489307471] [pose_estimator]: RPE: trans 0.0435 | rot 0.00242 (0.098 deg)
Matched 265 keypoints
[INFO] [1790552685.613674596] [pose_estimator]: RANSAC: 240 inliers / 265, 8 iterations
[INFO] [1790552685.613857763] [pose_estimator]: RPE: trans 0.1297 | rot 0.00435 (0.176 deg)
Matched 322 keypoints
[INFO] [1790552685.735409763] [pose_estimator]: RANSAC: 303 inliers / 322, 6 iterations
[INFO] [1790552685.735608929] [pose_estimator]: RPE: trans 0.3208 | rot 0.00801 (0.325 deg)
Matched 249 keypoints
[INFO] [1790552685.854315804] [pose_estimator]: RANSAC: 200 inliers / 249, 25 iterations
[INFO] [1790552685.855388763] [pose_estimator]: RPE: trans 0.2910 | rot 0.02373 (0.961 deg)
Matched 309 keypoints
[INFO] [1790552685.978802638] [pose_estimator]: RANSAC: 273 inliers / 309, 10 iterations
[INFO] [1790552685.978961721] [pose_estimator]: RPE: trans 0.4166 | rot 0.00858 (0.348 deg)
Matched 310 keypoints
[INFO] [1790552686.096372388] [pose_estimator]: RANSAC: 277 inliers / 310, 9 iterations
[INFO] [1790552686.096552888] [pose_estimator]: RPE: trans 0.2575 | rot 0.00460 (0.186 deg)
Matched 322 keypoints
[INFO] [1790552686.213131096] [pose_estimator]: RANSAC: 278 inliers / 322, 13 iterations
[INFO] [1790552686.213277513] [pose_estimator]: RPE: trans 0.3652 | rot 0.01324 (0.536 deg)
Matched 255 keypoints
[INFO] [1790552686.327068430] [pose_estimator]: RANSAC: 224 inliers / 255, 11 iterations
[INFO] [1790552686.331630721] [pose_estimator]: RPE: trans 0.3802 | rot 0.01195 (0.484 deg)
Matched 323 keypoints
[INFO] [1790552686.450787930] [pose_estimator]: RANSAC: 282 inliers / 323, 12 iterations
[INFO] [1790552686.450975305] [pose_estimator]: RPE: trans 1.8173 | rot 0.01579 (0.640 deg)
Matched 358 keypoints
[INFO] [1790552686.571785055] [pose_estimator]: RANSAC: 328 inliers / 358, 7 iterations
[INFO] [1790552686.571972263] [pose_estimator]: RPE: trans 0.3886 | rot 0.00598 (0.242 deg)
Matched 311 keypoints
[INFO] [1790552686.692425180] [pose_estimator]: RANSAC: 272 inliers / 311, 11 iterations
[INFO] [1790552686.692601513] [pose_estimator]: RPE: trans 0.2717 | rot 0.01013 (0.411 deg)
Matched 355 keypoints
[INFO] [1790552686.816554972] [pose_estimator]: RANSAC: 298 inliers / 355, 17 iterations
[INFO] [1790552686.816718722] [pose_estimator]: RPE: trans 0.6936 | rot 0.02408 (0.975 deg)
Matched 287 keypoints
[INFO] [1790552686.933114930] [pose_estimator]: RANSAC: 255 inliers / 287, 10 iterations
[INFO] [1790552686.933283138] [pose_estimator]: RPE: trans 0.2410 | rot 0.00353 (0.143 deg)
Matched 312 keypoints
[INFO] [1790552687.051851513] [pose_estimator]: RANSAC: 276 inliers / 312, 11 iterations
[INFO] [1790552687.052009972] [pose_estimator]: RPE: trans 0.3335 | rot 0.00733 (0.297 deg)
Matched 263 keypoints
[INFO] [1790552687.161972472] [pose_estimator]: RANSAC: 215 inliers / 263, 21 iterations
[INFO] [1790552687.163846638] [pose_estimator]: RPE: trans 0.1444 | rot 0.00622 (0.252 deg)
Matched 318 keypoints
[INFO] [1790552687.278342930] [pose_estimator]: RANSAC: 279 inliers / 318, 13 iterations
[INFO] [1790552687.280528972] [pose_estimator]: RPE: trans 0.2473 | rot 0.00537 (0.218 deg)
Matched 299 keypoints
[INFO] [1790552687.400167180] [pose_estimator]: RANSAC: 257 inliers / 299, 14 iterations
[INFO] [1790552687.400324722] [pose_estimator]: RPE: trans 0.1761 | rot 0.00414 (0.168 deg)
Matched 333 keypoints
[INFO] [1790552687.515581930] [pose_estimator]: RANSAC: 303 inliers / 333, 8 iterations
[INFO] [1790552687.515745097] [pose_estimator]: RPE: trans 0.4009 | rot 0.00793 (0.321 deg)
Matched 357 keypoints
[INFO] [1790552687.640318847] [pose_estimator]: RANSAC: 323 inliers / 357, 8 iterations
[INFO] [1790552687.641044097] [pose_estimator]: RPE: trans 0.0686 | rot 0.00361 (0.146 deg)
Matched 303 keypoints
[INFO] [1790552687.770191305] [pose_estimator]: RANSAC: 253 inliers / 303, 26 iterations
[INFO] [1790552687.772149097] [pose_estimator]: RPE: trans 0.1124 | rot 0.00637 (0.258 deg)
Matched 369 keypoints
[INFO] [1790552687.905350347] [pose_estimator]: RANSAC: 327 inliers / 369, 10 iterations
[INFO] [1790552687.905554764] [pose_estimator]: RPE: trans 0.7384 | rot 0.02015 (0.816 deg)
Matched 348 keypoints
[INFO] [1790552688.029996333] [pose_estimator]: RANSAC: 302 inliers / 348, 15 iterations
[INFO] [1790552688.030178416] [pose_estimator]: RPE: trans 0.2293 | rot 0.00877 (0.355 deg)
Matched 357 keypoints
[INFO] [1790552688.159919625] [pose_estimator]: RANSAC: 314 inliers / 357, 11 iterations
[INFO] [1790552688.170484833] [pose_estimator]: RPE: trans 0.2045 | rot 0.00525 (0.213 deg)
Matched 298 keypoints
[INFO] [1790552688.289033041] [pose_estimator]: RANSAC: 261 inliers / 298, 11 iterations
[INFO] [1790552688.289570541] [pose_estimator]: RPE: trans 0.0762 | rot 0.00520 (0.211 deg)
Matched 317 keypoints
[INFO] [1790552688.404776583] [pose_estimator]: RANSAC: 258 inliers / 317, 22 iterations
[INFO] [1790552688.404955791] [pose_estimator]: RPE: trans 0.0870 | rot 0.00136 (0.055 deg)
Matched 332 keypoints
[INFO] [1790552688.525153291] [pose_estimator]: RANSAC: 284 inliers / 332, 14 iterations
[INFO] [1790552688.537620083] [pose_estimator]: RPE: trans 0.0674 | rot 0.00167 (0.068 deg)
Matched 316 keypoints
[INFO] [1790552688.660699333] [pose_estimator]: RANSAC: 265 inliers / 316, 17 iterations
[INFO] [1790552688.660883583] [pose_estimator]: RPE: trans 0.1771 | rot 0.00507 (0.205 deg)
Matched 283 keypoints
[INFO] [1790552688.781553542] [pose_estimator]: RANSAC: 245 inliers / 283, 13 iterations
[INFO] [1790552688.781729750] [pose_estimator]: RPE: trans 0.0748 | rot 0.00574 (0.233 deg)
Matched 352 keypoints
[INFO] [1790552688.900361083] [pose_estimator]: RANSAC: 317 inliers / 352, 11 iterations
[INFO] [1790552688.900548708] [pose_estimator]: RPE: trans 1.9319 | rot 0.01329 (0.538 deg)
Matched 300 keypoints
[INFO] [1790552689.084741708] [pose_estimator]: RANSAC: 264 inliers / 300, 11 iterations
[INFO] [1790552689.086139875] [pose_estimator]: RPE: trans 0.1717 | rot 0.00091 (0.037 deg)
Matched 340 keypoints
[INFO] [1790552689.234086042] [pose_estimator]: RANSAC: 286 inliers / 340, 16 iterations
[INFO] [1790552689.234289333] [pose_estimator]: RPE: trans 0.1801 | rot 0.00616 (0.249 deg)
Matched 293 keypoints
[INFO] [1790552689.351635750] [pose_estimator]: RANSAC: 256 inliers / 293, 12 iterations
[INFO] [1790552689.351804333] [pose_estimator]: RPE: trans 0.0602 | rot 0.00326 (0.132 deg)
Matched 364 keypoints
[INFO] [1790552689.486275250] [pose_estimator]: RANSAC: 309 inliers / 364, 15 iterations
[INFO] [1790552689.490017084] [pose_estimator]: RPE: trans 0.1348 | rot 0.01003 (0.406 deg)
Matched 355 keypoints
[INFO] [1790552689.612147834] [pose_estimator]: RANSAC: 313 inliers / 355, 14 iterations
[INFO] [1790552689.612310417] [pose_estimator]: RPE: trans 0.0734 | rot 0.00349 (0.142 deg)
Matched 397 keypoints
[INFO] [1790552689.772206917] [pose_estimator]: RANSAC: 363 inliers / 397, 7 iterations
[INFO] [1790552689.772363375] [pose_estimator]: RPE: trans 0.4138 | rot 0.00799 (0.324 deg)
Matched 312 keypoints
[INFO] [1790552689.914697000] [pose_estimator]: RANSAC: 275 inliers / 312, 11 iterations
[INFO] [1790552689.936956917] [pose_estimator]: RPE: trans 0.0712 | rot 0.00481 (0.195 deg)
Matched 325 keypoints
[INFO] [1790552690.061930709] [pose_estimator]: RANSAC: 278 inliers / 325, 14 iterations
[INFO] [1790552690.062118542] [pose_estimator]: RPE: trans 0.2390 | rot 0.00585 (0.237 deg)
Matched 396 keypoints
[INFO] [1790552690.191150667] [pose_estimator]: RANSAC: 316 inliers / 396, 26 iterations
[INFO] [1790552690.191365542] [pose_estimator]: RPE: trans 1.7116 | rot 0.03216 (1.303 deg)
Matched 366 keypoints
[INFO] [1790552690.316679917] [pose_estimator]: RANSAC: 321 inliers / 366, 11 iterations
[INFO] [1790552690.321141876] [pose_estimator]: RPE: trans 0.2099 | rot 0.01383 (0.560 deg)
Matched 381 keypoints
[INFO] [1790552690.450892042] [pose_estimator]: RANSAC: 344 inliers / 381, 8 iterations
[INFO] [1790552690.454951459] [pose_estimator]: RPE: trans 0.2333 | rot 0.00805 (0.326 deg)
Matched 394 keypoints
[INFO] [1790552690.588530917] [pose_estimator]: RANSAC: 342 inliers / 394, 12 iterations
[INFO] [1790552690.588922042] [pose_estimator]: RPE: trans 0.0982 | rot 0.00324 (0.131 deg)
Matched 451 keypoints
[INFO] [1790552690.759760751] [pose_estimator]: RANSAC: 402 inliers / 451, 12 iterations
[INFO] [1790552690.784675751] [pose_estimator]: RPE: trans 0.0784 | rot 0.00242 (0.098 deg)
Matched 434 keypoints
[INFO] [1790552690.946759168] [pose_estimator]: RANSAC: 393 inliers / 434, 8 iterations
[INFO] [1790552690.969826668] [pose_estimator]: RPE: trans 0.2515 | rot 0.00979 (0.397 deg)
Matched 379 keypoints
[INFO] [1790552691.127877043] [pose_estimator]: RANSAC: 329 inliers / 379, 12 iterations
[INFO] [1790552691.144014543] [pose_estimator]: RPE: trans 0.0471 | rot 0.00224 (0.091 deg)
Matched 438 keypoints
[INFO] [1790552691.306029334] [pose_estimator]: RANSAC: 367 inliers / 438, 18 iterations
[INFO] [1790552691.307105334] [pose_estimator]: RPE: trans 0.0289 | rot 0.00142 (0.057 deg)
Matched 439 keypoints
[INFO] [1790552691.437420043] [pose_estimator]: RANSAC: 368 inliers / 439, 17 iterations
[INFO] [1790552691.442626126] [pose_estimator]: RPE: trans 0.0737 | rot 0.00410 (0.166 deg)
Matched 439 keypoints
[INFO] [1790552691.584944960] [pose_estimator]: RANSAC: 366 inliers / 439, 22 iterations
[INFO] [1790552691.585289918] [pose_estimator]: RPE: trans 0.0697 | rot 0.00372 (0.151 deg)
Matched 436 keypoints
[INFO] [1790552691.725226126] [pose_estimator]: RANSAC: 365 inliers / 436, 17 iterations
[INFO] [1790552691.726392710] [pose_estimator]: RPE: trans 0.0903 | rot 0.00310 (0.126 deg)
Matched 492 keypoints
[INFO] [1790552691.874865085] [pose_estimator]: RANSAC: 415 inliers / 492, 16 iterations
[INFO] [1790552691.875172168] [pose_estimator]: RPE: trans 0.2540 | rot 0.00974 (0.395 deg)
Matched 497 keypoints
[INFO] [1790552692.021481001] [pose_estimator]: RANSAC: 434 inliers / 497, 12 iterations
[INFO] [1790552692.021655001] [pose_estimator]: RPE: trans 0.0267 | rot 0.00073 (0.029 deg)
Matched 480 keypoints
[INFO] [1790552692.166748293] [pose_estimator]: RANSAC: 404 inliers / 480, 21 iterations
[INFO] [1790552692.168911877] [pose_estimator]: RPE: trans 0.1599 | rot 0.00635 (0.257 deg)
Matched 453 keypoints
[INFO] [1790552692.311816002] [pose_estimator]: RANSAC: 395 inliers / 453, 12 iterations
[INFO] [1790552692.312036960] [pose_estimator]: RPE: trans 0.1274 | rot 0.00431 (0.175 deg)
Matched 440 keypoints
[INFO] [1790552692.450202710] [pose_estimator]: RANSAC: 389 inliers / 440, 10 iterations
[INFO] [1790552692.450365168] [pose_estimator]: RPE: trans 0.3379 | rot 0.00591 (0.239 deg)
Matched 455 keypoints
[INFO] [1790552692.578217627] [pose_estimator]: RANSAC: 390 inliers / 455, 14 iterations
[INFO] [1790552692.578393793] [pose_estimator]: RPE: trans 0.1827 | rot 0.00480 (0.194 deg)
Matched 427 keypoints
[INFO] [1790552692.709709585] [pose_estimator]: RANSAC: 357 inliers / 427, 17 iterations
[INFO] [1790552692.713762043] [pose_estimator]: RPE: trans 0.1036 | rot 0.00217 (0.088 deg)
Matched 415 keypoints
[INFO] [1790552692.851868877] [pose_estimator]: RANSAC: 376 inliers / 415, 8 iterations
[INFO] [1790552692.852071835] [pose_estimator]: RPE: trans 0.2964 | rot 0.00769 (0.312 deg)
Matched 408 keypoints
[INFO] [1790552692.979894252] [pose_estimator]: RANSAC: 344 inliers / 408, 28 iterations
[INFO] [1790552692.980082002] [pose_estimator]: RPE: trans 0.0528 | rot 0.00280 (0.114 deg)
Matched 461 keypoints
[INFO] [1790552693.117716710] [pose_estimator]: RANSAC: 423 inliers / 461, 7 iterations
[INFO] [1790552693.122957877] [pose_estimator]: RPE: trans 0.4920 | rot 0.00578 (0.234 deg)
Matched 440 keypoints
[INFO] [1790552693.250925335] [pose_estimator]: RANSAC: 378 inliers / 440, 14 iterations
[INFO] [1790552693.251108127] [pose_estimator]: RPE: trans 0.2863 | rot 0.01007 (0.408 deg)
Matched 448 keypoints
[INFO] [1790552693.388673669] [pose_estimator]: RANSAC: 377 inliers / 448, 16 iterations
[INFO] [1790552693.388878294] [pose_estimator]: RPE: trans 0.1572 | rot 0.00461 (0.187 deg)
Matched 437 keypoints
[INFO] [1790552693.515908210] [pose_estimator]: RANSAC: 383 inliers / 437, 11 iterations
[INFO] [1790552693.518417252] [pose_estimator]: RPE: trans 0.0223 | rot 0.00108 (0.044 deg)
Matched 452 keypoints
[INFO] [1790552693.645213127] [pose_estimator]: RANSAC: 396 inliers / 452, 11 iterations
[INFO] [1790552693.645383502] [pose_estimator]: RPE: trans 0.4093 | rot 0.01028 (0.416 deg)
Matched 495 keypoints
[INFO] [1790552693.776688627] [pose_estimator]: RANSAC: 444 inliers / 495, 13 iterations
[INFO] [1790552693.776862461] [pose_estimator]: RPE: trans 0.5468 | rot 0.00919 (0.372 deg)
Matched 460 keypoints
[INFO] [1790552693.908264752] [pose_estimator]: RANSAC: 395 inliers / 460, 15 iterations
[INFO] [1790552693.910718336] [pose_estimator]: RPE: trans 0.0144 | rot 0.00113 (0.046 deg)
Matched 473 keypoints
[INFO] [1790552694.054685002] [pose_estimator]: RANSAC: 398 inliers / 473, 16 iterations
[INFO] [1790552694.054866586] [pose_estimator]: RPE: trans 0.0209 | rot 0.00025 (0.010 deg)
Matched 469 keypoints
[INFO] [1790552694.188942044] [pose_estimator]: RANSAC: 390 inliers / 469, 18 iterations
[INFO] [1790552694.189128836] [pose_estimator]: RPE: trans 0.1474 | rot 0.00342 (0.139 deg)
Matched 500 keypoints
[INFO] [1790552694.325866961] [pose_estimator]: RANSAC: 423 inliers / 500, 16 iterations
[INFO] [1790552694.326052003] [pose_estimator]: RPE: trans 0.0860 | rot 0.00152 (0.061 deg)
Matched 453 keypoints
[INFO] [1790552694.466335044] [pose_estimator]: RANSAC: 384 inliers / 453, 15 iterations
[INFO] [1790552694.478155794] [pose_estimator]: RPE: trans 0.0688 | rot 0.00256 (0.104 deg)
Matched 435 keypoints
[INFO] [1790552694.632410294] [pose_estimator]: RANSAC: 352 inliers / 435, 23 iterations
[INFO] [1790552694.632631961] [pose_estimator]: RPE: trans 1.2644 | rot 0.08067 (3.269 deg)
Matched 420 keypoints
[INFO] [1790552694.764873461] [pose_estimator]: RANSAC: 381 inliers / 420, 8 iterations
[INFO] [1790552694.765041378] [pose_estimator]: RPE: trans 0.0882 | rot 0.00180 (0.073 deg)
Matched 441 keypoints
[INFO] [1790552694.897045294] [pose_estimator]: RANSAC: 373 inliers / 441, 16 iterations
[INFO] [1790552694.900365669] [pose_estimator]: RPE: trans 0.0971 | rot 0.00197 (0.080 deg)
Matched 410 keypoints
[INFO] [1790552695.046505461] [pose_estimator]: RANSAC: 328 inliers / 410, 30 iterations
[INFO] [1790552695.046687336] [pose_estimator]: RPE: trans 0.0964 | rot 0.00349 (0.141 deg)
Matched 419 keypoints
[INFO] [1790552695.174987753] [pose_estimator]: RANSAC: 369 inliers / 419, 11 iterations
[INFO] [1790552695.175133920] [pose_estimator]: RPE: trans 0.0217 | rot 0.00088 (0.035 deg)
Matched 461 keypoints
[INFO] [1790552695.303047628] [pose_estimator]: RANSAC: 390 inliers / 461, 16 iterations
[INFO] [1790552695.303333086] [pose_estimator]: RPE: trans 0.0233 | rot 0.00137 (0.055 deg)
Matched 445 keypoints
[INFO] [1790552695.433851920] [pose_estimator]: RANSAC: 391 inliers / 445, 16 iterations
[INFO] [1790552695.434034586] [pose_estimator]: RPE: trans 0.0382 | rot 0.00084 (0.034 deg)
Matched 417 keypoints
[INFO] [1790552695.556072420] [pose_estimator]: RANSAC: 374 inliers / 417, 9 iterations
[INFO] [1790552695.556236711] [pose_estimator]: RPE: trans 0.1722 | rot 0.00323 (0.131 deg)
Matched 449 keypoints
[INFO] [1790552695.683789837] [pose_estimator]: RANSAC: 383 inliers / 449, 15 iterations
[INFO] [1790552695.684877128] [pose_estimator]: RPE: trans 0.0438 | rot 0.00054 (0.022 deg)
Matched 425 keypoints
[INFO] [1790552695.812983003] [pose_estimator]: RANSAC: 377 inliers / 425, 11 iterations
[INFO] [1790552695.813151378] [pose_estimator]: RPE: trans 0.0089 | rot 0.00079 (0.032 deg)
Matched 400 keypoints
[INFO] [1790552695.942274712] [pose_estimator]: RANSAC: 350 inliers / 400, 13 iterations
[INFO] [1790552695.942443628] [pose_estimator]: RPE: trans 0.3545 | rot 0.01171 (0.474 deg)
Matched 427 keypoints
[INFO] [1790552696.085421253] [pose_estimator]: RANSAC: 363 inliers / 427, 15 iterations
[INFO] [1790552696.085626712] [pose_estimator]: RPE: trans 0.0860 | rot 0.00218 (0.088 deg)
Matched 413 keypoints
[INFO] [1790552696.230721045] [pose_estimator]: RANSAC: 365 inliers / 413, 11 iterations
[INFO] [1790552696.232688045] [pose_estimator]: RPE: trans 0.0480 | rot 0.00057 (0.023 deg)
Matched 434 keypoints
[INFO] [1790552696.363112254] [pose_estimator]: RANSAC: 381 inliers / 434, 11 iterations
[INFO] [1790552696.363299420] [pose_estimator]: RPE: trans 0.0270 | rot 0.00080 (0.032 deg)
Matched 392 keypoints
[INFO] [1790552696.495232087] [pose_estimator]: RANSAC: 333 inliers / 392, 15 iterations
[INFO] [1790552696.495423754] [pose_estimator]: RPE: trans 0.0541 | rot 0.00217 (0.088 deg)
Matched 417 keypoints
[INFO] [1790552696.627265337] [pose_estimator]: RANSAC: 370 inliers / 417, 10 iterations
[INFO] [1790552696.647046045] [pose_estimator]: RPE: trans 0.1630 | rot 0.00404 (0.164 deg)
Matched 427 keypoints
[INFO] [1790552696.779788837] [pose_estimator]: RANSAC: 372 inliers / 427, 12 iterations
[INFO] [1790552696.779958837] [pose_estimator]: RPE: trans 0.0641 | rot 0.00157 (0.064 deg)
Matched 432 keypoints
[INFO] [1790552696.911045170] [pose_estimator]: RANSAC: 370 inliers / 432, 14 iterations
[INFO] [1790552696.911198170] [pose_estimator]: RPE: trans 0.0743 | rot 0.00235 (0.095 deg)
Matched 467 keypoints
[INFO] [1790552697.056026379] [pose_estimator]: RANSAC: 412 inliers / 467, 13 iterations
[INFO] [1790552697.075653587] [pose_estimator]: RPE: trans 0.8155 | rot 0.02615 (1.059 deg)
Matched 400 keypoints
[INFO] [1790552697.215085587] [pose_estimator]: RANSAC: 336 inliers / 400, 17 iterations
[INFO] [1790552697.217396712] [pose_estimator]: RPE: trans 0.0506 | rot 0.00282 (0.114 deg)
Matched 446 keypoints
[INFO] [1790552697.348471254] [pose_estimator]: RANSAC: 384 inliers / 446, 13 iterations
[INFO] [1790552697.348644587] [pose_estimator]: RPE: trans 0.3991 | rot 0.00492 (0.199 deg)
Matched 383 keypoints
[INFO] [1790552697.474067004] [pose_estimator]: RANSAC: 326 inliers / 383, 15 iterations
[INFO] [1790552697.476530421] [pose_estimator]: RPE: trans 0.0338 | rot 0.00221 (0.089 deg)
Matched 421 keypoints
[INFO] [1790552697.601994629] [pose_estimator]: RANSAC: 353 inliers / 421, 17 iterations
[INFO] [1790552697.602171629] [pose_estimator]: RPE: trans 0.6435 | rot 0.01617 (0.655 deg)
Matched 405 keypoints
[INFO] [1790552697.730198212] [pose_estimator]: RANSAC: 352 inliers / 405, 12 iterations
[INFO] [1790552697.730395671] [pose_estimator]: RPE: trans 0.0221 | rot 0.00161 (0.065 deg)
Matched 413 keypoints
[INFO] [1790552697.856044546] [pose_estimator]: RANSAC: 360 inliers / 413, 12 iterations
[INFO] [1790552697.863928796] [pose_estimator]: RPE: trans 0.0308 | rot 0.00159 (0.064 deg)
Matched 457 keypoints
[INFO] [1790552698.022024213] [pose_estimator]: RANSAC: 376 inliers / 457, 20 iterations
[INFO] [1790552698.024872171] [pose_estimator]: RPE: trans 0.0601 | rot 0.00186 (0.075 deg)
Matched 428 keypoints
[INFO] [1790552698.151562421] [pose_estimator]: RANSAC: 373 inliers / 428, 13 iterations
[INFO] [1790552698.151728338] [pose_estimator]: RPE: trans 0.0679 | rot 0.00138 (0.056 deg)
Matched 460 keypoints
[INFO] [1790552698.281649671] [pose_estimator]: RANSAC: 388 inliers / 460, 16 iterations
[INFO] [1790552698.283440421] [pose_estimator]: RPE: trans 0.0521 | rot 0.00335 (0.136 deg)
Matched 385 keypoints
[INFO] [1790552698.413150046] [pose_estimator]: RANSAC: 339 inliers / 385, 11 iterations
[INFO] [1790552698.414964921] [pose_estimator]: RPE: trans 0.0240 | rot 0.00135 (0.055 deg)
Matched 405 keypoints
[INFO] [1790552698.538995630] [pose_estimator]: RANSAC: 365 inliers / 405, 9 iterations
[INFO] [1790552698.539160755] [pose_estimator]: RPE: trans 0.0498 | rot 0.00132 (0.054 deg)
Matched 388 keypoints
[INFO] [1790552698.660983338] [pose_estimator]: RANSAC: 323 inliers / 388, 18 iterations
[INFO] [1790552698.661148171] [pose_estimator]: RPE: trans 0.0461 | rot 0.00295 (0.119 deg)
Matched 403 keypoints
[INFO] [1790552698.794055963] [pose_estimator]: RANSAC: 340 inliers / 403, 19 iterations
[INFO] [1790552698.795869713] [pose_estimator]: RPE: trans 0.1852 | rot 0.00375 (0.152 deg)
Matched 372 keypoints
[INFO] [1790552698.924559921] [pose_estimator]: RANSAC: 288 inliers / 372, 34 iterations
[INFO] [1790552698.927305463] [pose_estimator]: RPE: trans 0.0501 | rot 0.00199 (0.081 deg)
Matched 418 keypoints
[INFO] [1790552699.053782671] [pose_estimator]: RANSAC: 356 inliers / 418, 15 iterations
[INFO] [1790552699.053972880] [pose_estimator]: RPE: trans 0.0258 | rot 0.00148 (0.060 deg)
Matched 418 keypoints
[INFO] [1790552699.191906255] [pose_estimator]: RANSAC: 360 inliers / 418, 14 iterations
[INFO] [1790552699.194156755] [pose_estimator]: RPE: trans 0.0505 | rot 0.00141 (0.057 deg)
Matched 357 keypoints
[INFO] [1790552699.322131005] [pose_estimator]: RANSAC: 298 inliers / 357, 18 iterations
[INFO] [1790552699.326075547] [pose_estimator]: RPE: trans 0.0291 | rot 0.00165 (0.067 deg)
Matched 408 keypoints
[INFO] [1790552699.455269213] [pose_estimator]: RANSAC: 349 inliers / 408, 15 iterations
[INFO] [1790552699.455428963] [pose_estimator]: RPE: trans 0.1397 | rot 0.00242 (0.098 deg)
Matched 400 keypoints
[INFO] [1790552699.581857922] [pose_estimator]: RANSAC: 338 inliers / 400, 16 iterations
[INFO] [1790552699.582042463] [pose_estimator]: RPE: trans 0.2413 | rot 0.00521 (0.211 deg)
Matched 383 keypoints
[INFO] [1790552699.706223130] [pose_estimator]: RANSAC: 332 inliers / 383, 12 iterations
[INFO] [1790552699.708553963] [pose_estimator]: RPE: trans 0.0160 | rot 0.00246 (0.099 deg)
Matched 375 keypoints
[INFO] [1790552699.834554963] [pose_estimator]: RANSAC: 315 inliers / 375, 18 iterations
[INFO] [1790552699.834754547] [pose_estimator]: RPE: trans 0.0887 | rot 0.00413 (0.167 deg)
Matched 364 keypoints
[INFO] [1790552699.956243005] [pose_estimator]: RANSAC: 315 inliers / 364, 13 iterations
[INFO] [1790552699.956416464] [pose_estimator]: RPE: trans 0.0775 | rot 0.00399 (0.162 deg)
Matched 442 keypoints
[INFO] [1790552700.104383505] [pose_estimator]: RANSAC: 393 inliers / 442, 12 iterations
[INFO] [1790552700.115152880] [pose_estimator]: RPE: trans 0.4826 | rot 0.00697 (0.282 deg)
Matched 398 keypoints
[INFO] [1790552700.252485755] [pose_estimator]: RANSAC: 328 inliers / 398, 20 iterations
[INFO] [1790552700.253245380] [pose_estimator]: RPE: trans 0.0856 | rot 0.00399 (0.161 deg)
Matched 437 keypoints
[INFO] [1790552700.378010714] [pose_estimator]: RANSAC: 367 inliers / 437, 17 iterations
[INFO] [1790552700.378203880] [pose_estimator]: RPE: trans 0.0758 | rot 0.00154 (0.062 deg)
Matched 423 keypoints
[INFO] [1790552700.516232464] [pose_estimator]: RANSAC: 359 inliers / 423, 16 iterations
[INFO] [1790552700.518852089] [pose_estimator]: RPE: trans 1.0837 | rot 0.02565 (1.039 deg)
Matched 385 keypoints
[INFO] [1790552700.659468631] [pose_estimator]: RANSAC: 329 inliers / 385, 14 iterations
[INFO] [1790552700.667226631] [pose_estimator]: RPE: trans 0.0404 | rot 0.00182 (0.074 deg)
Matched 414 keypoints
[INFO] [1790552700.795243131] [pose_estimator]: RANSAC: 328 inliers / 414, 28 iterations
[INFO] [1790552700.795428339] [pose_estimator]: RPE: trans 0.0601 | rot 0.00232 (0.094 deg)
Matched 404 keypoints
[INFO] [1790552700.922997464] [pose_estimator]: RANSAC: 338 inliers / 404, 17 iterations
[INFO] [1790552700.937885464] [pose_estimator]: RPE: trans 0.2317 | rot 0.00540 (0.219 deg)
Matched 364 keypoints
[INFO] [1790552701.064995506] [pose_estimator]: RANSAC: 309 inliers / 364, 15 iterations
[INFO] [1790552701.069428506] [pose_estimator]: RPE: trans 0.0373 | rot 0.00094 (0.038 deg)
Matched 371 keypoints
[INFO] [1790552701.201701672] [pose_estimator]: RANSAC: 321 inliers / 371, 14 iterations
[INFO] [1790552701.201903547] [pose_estimator]: RPE: trans 0.0103 | rot 0.00064 (0.026 deg)
Matched 363 keypoints
[INFO] [1790552701.321402506] [pose_estimator]: RANSAC: 287 inliers / 363, 28 iterations
[INFO] [1790552701.321564839] [pose_estimator]: RPE: trans 0.0310 | rot 0.00169 (0.069 deg)
Matched 379 keypoints
[INFO] [1790552701.444286131] [pose_estimator]: RANSAC: 320 inliers / 379, 16 iterations
[INFO] [1790552701.444952006] [pose_estimator]: RPE: trans 0.0672 | rot 0.00344 (0.139 deg)
Matched 396 keypoints
[INFO] [1790552701.578861964] [pose_estimator]: RANSAC: 335 inliers / 396, 16 iterations
[INFO] [1790552701.594337964] [pose_estimator]: RPE: trans 0.0585 | rot 0.00169 (0.069 deg)
Matched 412 keypoints
[INFO] [1790552701.722726881] [pose_estimator]: RANSAC: 346 inliers / 412, 17 iterations
[INFO] [1790552701.722881756] [pose_estimator]: RPE: trans 0.1706 | rot 0.00416 (0.169 deg)
Matched 389 keypoints
[INFO] [1790552701.844573006] [pose_estimator]: RANSAC: 331 inliers / 389, 15 iterations
[INFO] [1790552701.844740381] [pose_estimator]: RPE: trans 0.0746 | rot 0.00165 (0.067 deg)
Matched 387 keypoints
[INFO] [1790552701.970452256] [pose_estimator]: RANSAC: 350 inliers / 387, 15 iterations
[INFO] [1790552701.972807965] [pose_estimator]: RPE: trans 0.1827 | rot 0.00435 (0.176 deg)
Matched 414 keypoints
[INFO] [1790552702.106674673] [pose_estimator]: RANSAC: 359 inliers / 414, 12 iterations
[INFO] [1790552702.106872215] [pose_estimator]: RPE: trans 0.0744 | rot 0.00093 (0.038 deg)
Matched 340 keypoints
[INFO] [1790552702.224459756] [pose_estimator]: RANSAC: 277 inliers / 340, 23 iterations
[INFO] [1790552702.224645673] [pose_estimator]: RPE: trans 0.0342 | rot 0.00231 (0.094 deg)
Matched 412 keypoints
[INFO] [1790552702.349524590] [pose_estimator]: RANSAC: 371 inliers / 412, 11 iterations
[INFO] [1790552702.353787715] [pose_estimator]: RPE: trans 0.2624 | rot 0.00369 (0.149 deg)
Matched 370 keypoints
[INFO] [1790552702.495784923] [pose_estimator]: RANSAC: 314 inliers / 370, 18 iterations
[INFO] [1790552702.495981173] [pose_estimator]: RPE: trans 0.2484 | rot 0.01076 (0.436 deg)
Matched 346 keypoints
[INFO] [1790552702.617718798] [pose_estimator]: RANSAC: 308 inliers / 346, 11 iterations
[INFO] [1790552702.617894090] [pose_estimator]: RPE: trans 0.2792 | rot 0.00960 (0.389 deg)
Matched 371 keypoints
[INFO] [1790552702.742207882] [pose_estimator]: RANSAC: 334 inliers / 371, 9 iterations
[INFO] [1790552702.742810173] [pose_estimator]: RPE: trans 0.2042 | rot 0.00383 (0.155 deg)
Matched 336 keypoints
[INFO] [1790552702.874442382] [pose_estimator]: RANSAC: 296 inliers / 336, 11 iterations
[INFO] [1790552702.874999923] [pose_estimator]: RPE: trans 0.2431 | rot 0.00958 (0.388 deg)
Matched 338 keypoints
[INFO] [1790552703.013847465] [pose_estimator]: RANSAC: 299 inliers / 338, 10 iterations
[INFO] [1790552703.014033673] [pose_estimator]: RPE: trans 0.2916 | rot 0.00584 (0.237 deg)
Matched 340 keypoints
[INFO] [1790552703.152340173] [pose_estimator]: RANSAC: 312 inliers / 340, 7 iterations
[INFO] [1790552703.155335007] [pose_estimator]: RPE: trans 0.2306 | rot 0.00673 (0.273 deg)
Matched 337 keypoints
[INFO] [1790552703.277920757] [pose_estimator]: RANSAC: 298 inliers / 337, 10 iterations
[INFO] [1790552703.278099798] [pose_estimator]: RPE: trans 0.3055 | rot 0.00798 (0.323 deg)
Matched 375 keypoints
[INFO] [1790552703.417956882] [pose_estimator]: RANSAC: 325 inliers / 375, 13 iterations
[INFO] [1790552703.418138674] [pose_estimator]: RPE: trans 0.4211 | rot 0.00779 (0.316 deg)
Matched 347 keypoints
[INFO] [1790552703.574195465] [pose_estimator]: RANSAC: 294 inliers / 347, 15 iterations
[INFO] [1790552703.576397715] [pose_estimator]: RPE: trans 0.1574 | rot 0.00454 (0.184 deg)
Matched 348 keypoints
[INFO] [1790552703.697791799] [pose_estimator]: RANSAC: 307 inliers / 348, 11 iterations
[INFO] [1790552703.699560674] [pose_estimator]: RPE: trans 0.3503 | rot 0.00598 (0.242 deg)
Matched 320 keypoints
[INFO] [1790552703.826873174] [pose_estimator]: RANSAC: 280 inliers / 320, 14 iterations
[INFO] [1790552703.827039632] [pose_estimator]: RPE: trans 0.2510 | rot 0.00728 (0.295 deg)
Matched 360 keypoints
[INFO] [1790552703.945029049] [pose_estimator]: RANSAC: 330 inliers / 360, 8 iterations
[INFO] [1790552703.950336757] [pose_estimator]: RPE: trans 0.5264 | rot 0.00686 (0.278 deg)
Matched 337 keypoints
[INFO] [1790552704.077575841] [pose_estimator]: RANSAC: 297 inliers / 337, 13 iterations
[INFO] [1790552704.085795466] [pose_estimator]: RPE: trans 0.1184 | rot 0.00373 (0.151 deg)
Matched 328 keypoints
[INFO] [1790552704.223124424] [pose_estimator]: RANSAC: 271 inliers / 328, 19 iterations
[INFO] [1790552704.223290632] [pose_estimator]: RPE: trans 0.5311 | rot 0.02572 (1.042 deg)
Matched 356 keypoints
[INFO] [1790552704.342076174] [pose_estimator]: RANSAC: 316 inliers / 356, 10 iterations
[INFO] [1790552704.342262716] [pose_estimator]: RPE: trans 0.5106 | rot 0.01060 (0.430 deg)
Matched 327 keypoints
[INFO] [1790552704.471898882] [pose_estimator]: RANSAC: 297 inliers / 327, 10 iterations
[INFO] [1790552704.475997591] [pose_estimator]: RPE: trans 0.2750 | rot 0.00689 (0.279 deg)
Matched 360 keypoints
[INFO] [1790552704.602096716] [pose_estimator]: RANSAC: 328 inliers / 360, 8 iterations
[INFO] [1790552704.602334174] [pose_estimator]: RPE: trans 0.3739 | rot 0.00786 (0.319 deg)
Matched 376 keypoints
[INFO] [1790552704.760269466] [pose_estimator]: RANSAC: 340 inliers / 376, 8 iterations
[INFO] [1790552704.760457591] [pose_estimator]: RPE: trans 0.5070 | rot 0.01335 (0.541 deg)
Matched 364 keypoints
[INFO] [1790552704.880817591] [pose_estimator]: RANSAC: 331 inliers / 364, 8 iterations
[INFO] [1790552704.883105133] [pose_estimator]: RPE: trans 0.3591 | rot 0.00793 (0.321 deg)
Matched 355 keypoints
[INFO] [1790552705.026492299] [pose_estimator]: RANSAC: 315 inliers / 355, 12 iterations
[INFO] [1790552705.031847133] [pose_estimator]: RPE: trans 0.3517 | rot 0.00917 (0.371 deg)
Matched 361 keypoints
[INFO] [1790552705.169373133] [pose_estimator]: RANSAC: 318 inliers / 361, 11 iterations
[INFO] [1790552705.169545549] [pose_estimator]: RPE: trans 0.6450 | rot 0.00832 (0.337 deg)
Matched 339 keypoints
[INFO] [1790552705.315218966] [pose_estimator]: RANSAC: 303 inliers / 339, 9 iterations
[INFO] [1790552705.316779383] [pose_estimator]: RPE: trans 0.8170 | rot 0.01331 (0.539 deg)
Matched 324 keypoints
[INFO] [1790552705.445782508] [pose_estimator]: RANSAC: 283 inliers / 324, 12 iterations
[INFO] [1790552705.445949508] [pose_estimator]: RPE: trans 0.0845 | rot 0.00134 (0.054 deg)
Matched 327 keypoints
[INFO] [1790552705.564700341] [pose_estimator]: RANSAC: 286 inliers / 327, 11 iterations
[INFO] [1790552705.564862425] [pose_estimator]: RPE: trans 0.0386 | rot 0.00059 (0.024 deg)
Matched 348 keypoints
[INFO] [1790552705.680858091] [pose_estimator]: RANSAC: 301 inliers / 348, 13 iterations
[INFO] [1790552705.683009216] [pose_estimator]: RPE: trans 0.2331 | rot 0.00229 (0.093 deg)
Matched 339 keypoints
[INFO] [1790552705.805839758] [pose_estimator]: RANSAC: 283 inliers / 339, 18 iterations
[INFO] [1790552705.808682341] [pose_estimator]: RPE: trans 0.6369 | rot 0.00710 (0.288 deg)
Matched 317 keypoints
[INFO] [1790552705.954594800] [pose_estimator]: RANSAC: 278 inliers / 317, 11 iterations
[INFO] [1790552705.954874550] [pose_estimator]: RPE: trans 0.0575 | rot 0.00040 (0.016 deg)
Matched 315 keypoints
[INFO] [1790552706.075589675] [pose_estimator]: RANSAC: 279 inliers / 315, 10 iterations
[INFO] [1790552706.075888383] [pose_estimator]: RPE: trans 0.6699 | rot 0.01153 (0.467 deg)
Matched 301 keypoints
[INFO] [1790552706.220082967] [pose_estimator]: RANSAC: 263 inliers / 301, 12 iterations
[INFO] [1790552706.223258258] [pose_estimator]: RPE: trans 0.2271 | rot 0.00410 (0.166 deg)
Matched 292 keypoints
[INFO] [1790552706.350570175] [pose_estimator]: RANSAC: 259 inliers / 292, 10 iterations
[INFO] [1790552706.350771717] [pose_estimator]: RPE: trans 0.0670 | rot 0.00271 (0.110 deg)
Matched 314 keypoints
[INFO] [1790552706.497840300] [pose_estimator]: RANSAC: 273 inliers / 314, 12 iterations
[INFO] [1790552706.498260258] [pose_estimator]: RPE: trans 0.4929 | rot 0.00875 (0.354 deg)
Matched 278 keypoints
[INFO] [1790552706.626383300] [pose_estimator]: RANSAC: 226 inliers / 278, 22 iterations
[INFO] [1790552706.632783383] [pose_estimator]: RPE: trans 0.2873 | rot 0.01079 (0.437 deg)
Matched 282 keypoints
[INFO] [1790552706.757078675] [pose_estimator]: RANSAC: 251 inliers / 282, 10 iterations
[INFO] [1790552706.757412967] [pose_estimator]: RPE: trans 0.0606 | rot 0.00179 (0.072 deg)
Matched 291 keypoints
[INFO] [1790552706.876526300] [pose_estimator]: RANSAC: 261 inliers / 291, 9 iterations
[INFO] [1790552706.876798925] [pose_estimator]: RPE: trans 0.5970 | rot 0.01445 (0.585 deg)
Matched 249 keypoints
[INFO] [1790552706.994883300] [pose_estimator]: RANSAC: 226 inliers / 249, 8 iterations
[INFO] [1790552706.997199259] [pose_estimator]: RPE: trans 0.0126 | rot 0.00098 (0.040 deg)
Matched 241 keypoints
[INFO] [1790552707.111800175] [pose_estimator]: RANSAC: 214 inliers / 241, 10 iterations
[INFO] [1790552707.112242509] [pose_estimator]: RPE: trans 0.0401 | rot 0.00092 (0.037 deg)
Matched 281 keypoints
[INFO] [1790552707.227851759] [pose_estimator]: RANSAC: 254 inliers / 281, 8 iterations
[INFO] [1790552707.228029550] [pose_estimator]: RPE: trans 0.0111 | rot 0.00087 (0.035 deg)
Matched 282 keypoints
[INFO] [1790552707.343895550] [pose_estimator]: RANSAC: 250 inliers / 282, 10 iterations
[INFO] [1790552707.344067717] [pose_estimator]: RPE: trans 0.0396 | rot 0.00115 (0.047 deg)
Matched 297 keypoints
[INFO] [1790552707.460960009] [pose_estimator]: RANSAC: 268 inliers / 297, 8 iterations
[INFO] [1790552707.463272592] [pose_estimator]: RPE: trans 0.0554 | rot 0.00139 (0.056 deg)
Matched 303 keypoints
[INFO] [1790552707.579170301] [pose_estimator]: RANSAC: 263 inliers / 303, 12 iterations
[INFO] [1790552707.579336176] [pose_estimator]: RPE: trans 0.4972 | rot 0.00699 (0.283 deg)
Matched 283 keypoints
[INFO] [1790552707.694670009] [pose_estimator]: RANSAC: 255 inliers / 283, 9 iterations
[INFO] [1790552707.695612467] [pose_estimator]: RPE: trans 0.0628 | rot 0.00187 (0.076 deg)
Matched 295 keypoints
[INFO] [1790552707.831221801] [pose_estimator]: RANSAC: 255 inliers / 295, 13 iterations
[INFO] [1790552707.841955467] [pose_estimator]: RPE: trans 0.0970 | rot 0.00196 (0.079 deg)
Matched 270 keypoints
[INFO] [1790552707.965527342] [pose_estimator]: RANSAC: 251 inliers / 270, 6 iterations
[INFO] [1790552707.968525509] [pose_estimator]: RPE: trans 0.3866 | rot 0.00814 (0.330 deg)
Matched 289 keypoints
[INFO] [1790552708.088735051] [pose_estimator]: RANSAC: 259 inliers / 289, 9 iterations
[INFO] [1790552708.088940134] [pose_estimator]: RPE: trans 0.0572 | rot 0.00178 (0.072 deg)
Matched 248 keypoints
[INFO] [1790552708.203501217] [pose_estimator]: RANSAC: 218 inliers / 248, 11 iterations
[INFO] [1790552708.203705717] [pose_estimator]: RPE: trans 0.1062 | rot 0.00469 (0.190 deg)
Matched 270 keypoints
[INFO] [1790552708.322004593] [pose_estimator]: RANSAC: 238 inliers / 270, 11 iterations
[INFO] [1790552708.326099843] [pose_estimator]: RPE: trans 0.4494 | rot 0.01036 (0.420 deg)
Matched 273 keypoints
[INFO] [1790552708.447119259] [pose_estimator]: RANSAC: 232 inliers / 273, 15 iterations
[INFO] [1790552708.447285634] [pose_estimator]: RPE: trans 0.0900 | rot 0.00224 (0.091 deg)
Matched 236 keypoints
[INFO] [1790552708.559012676] [pose_estimator]: RANSAC: 204 inliers / 236, 13 iterations
[INFO] [1790552708.559170718] [pose_estimator]: RPE: trans 0.0315 | rot 0.00180 (0.073 deg)
Matched 273 keypoints
[INFO] [1790552708.676080176] [pose_estimator]: RANSAC: 248 inliers / 273, 8 iterations
[INFO] [1790552708.678592926] [pose_estimator]: RPE: trans 0.5633 | rot 0.01341 (0.543 deg)
Matched 272 keypoints
[INFO] [1790552708.799915968] [pose_estimator]: RANSAC: 234 inliers / 272, 13 iterations
[INFO] [1790552708.802497551] [pose_estimator]: RPE: trans 0.4624 | rot 0.01071 (0.434 deg)
Matched 273 keypoints
[INFO] [1790552708.923323176] [pose_estimator]: RANSAC: 240 inliers / 273, 11 iterations
[INFO] [1790552708.923511676] [pose_estimator]: RPE: trans 0.4382 | rot 0.00996 (0.404 deg)
Matched 279 keypoints
[INFO] [1790552709.039507176] [pose_estimator]: RANSAC: 243 inliers / 279, 12 iterations
[INFO] [1790552709.039792635] [pose_estimator]: RPE: trans 0.4689 | rot 0.01080 (0.437 deg)
Matched 235 keypoints
[INFO] [1790552709.164743593] [pose_estimator]: RANSAC: 202 inliers / 235, 14 iterations
[INFO] [1790552709.173020343] [pose_estimator]: RPE: trans 0.2134 | rot 0.00667 (0.270 deg)
Matched 261 keypoints
[INFO] [1790552709.294835926] [pose_estimator]: RANSAC: 233 inliers / 261, 9 iterations
[INFO] [1790552709.295110010] [pose_estimator]: RPE: trans 0.7919 | rot 0.01085 (0.439 deg)
Matched 252 keypoints
[INFO] [1790552709.414533218] [pose_estimator]: RANSAC: 227 inliers / 252, 9 iterations
[INFO] [1790552709.414712260] [pose_estimator]: RPE: trans 0.8966 | rot 0.02488 (1.008 deg)
Matched 234 keypoints
[INFO] [1790552709.525044760] [pose_estimator]: RANSAC: 194 inliers / 234, 19 iterations
[INFO] [1790552709.525214176] [pose_estimator]: RPE: trans 0.4712 | rot 0.01839 (0.745 deg)
Matched 243 keypoints
[INFO] [1790552709.651770593] [pose_estimator]: RANSAC: 216 inliers / 243, 10 iterations
[INFO] [1790552709.654499760] [pose_estimator]: RPE: trans 0.6796 | rot 0.01271 (0.515 deg)
Matched 234 keypoints
[INFO] [1790552709.773073010] [pose_estimator]: RANSAC: 202 inliers / 234, 13 iterations
[INFO] [1790552709.773216635] [pose_estimator]: RPE: trans 0.2213 | rot 0.00573 (0.232 deg)
Matched 230 keypoints
[INFO] [1790552709.883311177] [pose_estimator]: RANSAC: 198 inliers / 230, 13 iterations
[INFO] [1790552709.883513135] [pose_estimator]: RPE: trans 0.0614 | rot 0.00178 (0.072 deg)
Matched 213 keypoints
[INFO] [1790552709.994921968] [pose_estimator]: RANSAC: 172 inliers / 213, 24 iterations
[INFO] [1790552709.995952052] [pose_estimator]: RPE: trans 0.1746 | rot 0.00998 (0.404 deg)
Matched 210 keypoints
[INFO] [1790552710.112569885] [pose_estimator]: RANSAC: 175 inliers / 210, 20 iterations
[INFO] [1790552710.123184385] [pose_estimator]: RPE: trans 0.2250 | rot 0.00853 (0.346 deg)
Matched 177 keypoints
[INFO] [1790552710.260812718] [pose_estimator]: RANSAC: 149 inliers / 177, 16 iterations
[INFO] [1790552710.260984510] [pose_estimator]: RPE: trans 0.0272 | rot 0.00345 (0.140 deg)
Matched 214 keypoints
[INFO] [1790552710.368355510] [pose_estimator]: RANSAC: 177 inliers / 214, 19 iterations
[INFO] [1790552710.368526302] [pose_estimator]: RPE: trans 0.2613 | rot 0.00653 (0.264 deg)
Matched 215 keypoints
[INFO] [1790552710.481469260] [pose_estimator]: RANSAC: 191 inliers / 215, 10 iterations
[INFO] [1790552710.490844552] [pose_estimator]: RPE: trans 1.1116 | rot 0.02073 (0.840 deg)
Matched 179 keypoints
[INFO] [1790552710.611837010] [pose_estimator]: RANSAC: 150 inliers / 179, 17 iterations
[INFO] [1790552710.617992052] [pose_estimator]: RPE: trans 0.1793 | rot 0.00707 (0.286 deg)
Matched 191 keypoints
[INFO] [1790552710.727286469] [pose_estimator]: RANSAC: 168 inliers / 191, 11 iterations
[INFO] [1790552710.727484427] [pose_estimator]: RPE: trans 0.3811 | rot 0.01024 (0.415 deg)
Matched 186 keypoints
[INFO] [1790552710.836562719] [pose_estimator]: RANSAC: 161 inliers / 186, 13 iterations
[INFO] [1790552710.841567177] [pose_estimator]: RPE: trans 0.1935 | rot 0.00467 (0.189 deg)
Matched 186 keypoints
[INFO] [1790552710.967580219] [pose_estimator]: RANSAC: 152 inliers / 186, 21 iterations
[INFO] [1790552710.969764385] [pose_estimator]: RPE: trans 0.1033 | rot 0.00384 (0.156 deg)
Matched 203 keypoints
[INFO] [1790552711.091251052] [pose_estimator]: RANSAC: 162 inliers / 203, 26 iterations
[INFO] [1790552711.091458469] [pose_estimator]: RPE: trans 0.4654 | rot 0.01535 (0.622 deg)
Matched 210 keypoints
[INFO] [1790552711.199119969] [pose_estimator]: RANSAC: 190 inliers / 210, 8 iterations
[INFO] [1790552711.199303136] [pose_estimator]: RPE: trans 0.9818 | rot 0.01865 (0.755 deg)
Matched 180 keypoints
[INFO] [1790552711.305645719] [pose_estimator]: RANSAC: 137 inliers / 180, 39 iterations
[INFO] [1790552711.306147969] [pose_estimator]: RPE: trans 0.1152 | rot 0.00236 (0.096 deg)
Matched 133 keypoints
[INFO] [1790552711.416619594] [pose_estimator]: RANSAC: 120 inliers / 133, 9 iterations
[INFO] [1790552711.416817469] [pose_estimator]: RPE: trans 0.2021 | rot 0.00750 (0.304 deg)
Matched 154 keypoints
[INFO] [1790552711.524248427] [pose_estimator]: RANSAC: 119 inliers / 154, 34 iterations
[INFO] [1790552711.524398761] [pose_estimator]: RPE: trans 0.5494 | rot 0.01960 (0.794 deg)
Matched 147 keypoints
[INFO] [1790552711.634538386] [pose_estimator]: RANSAC: 125 inliers / 147, 15 iterations
[INFO] [1790552711.634736302] [pose_estimator]: RPE: trans 0.2421 | rot 0.00469 (0.190 deg)
Matched 142 keypoints
[INFO] [1790552711.739265803] [pose_estimator]: RANSAC: 114 inliers / 142, 32 iterations
[INFO] [1790552711.743178386] [pose_estimator]: RPE: trans 0.0244 | rot 0.00379 (0.154 deg)
Matched 153 keypoints
[INFO] [1790552711.855827803] [pose_estimator]: RANSAC: 127 inliers / 153, 19 iterations
[INFO] [1790552711.856641553] [pose_estimator]: RPE: trans 0.4508 | rot 0.01118 (0.453 deg)
Matched 151 keypoints
[INFO] [1790552711.967226094] [pose_estimator]: RANSAC: 126 inliers / 151, 18 iterations
[INFO] [1790552711.967405428] [pose_estimator]: RPE: trans 1.2672 | rot 0.06418 (2.600 deg)
Matched 150 keypoints
[INFO] [1790552712.072168886] [pose_estimator]: RANSAC: 128 inliers / 150, 16 iterations
[INFO] [1790552712.072368803] [pose_estimator]: RPE: trans 0.0769 | rot 0.00390 (0.158 deg)
Matched 150 keypoints
[INFO] [1790552712.181459386] [pose_estimator]: RANSAC: 134 inliers / 150, 9 iterations
[INFO] [1790552712.182836344] [pose_estimator]: RPE: trans 0.1688 | rot 0.00902 (0.365 deg)
Matched 161 keypoints
[INFO] [1790552712.310862219] [pose_estimator]: RANSAC: 129 inliers / 161, 25 iterations
[INFO] [1790552712.313679719] [pose_estimator]: RPE: trans 0.2142 | rot 0.00875 (0.354 deg)
Matched 182 keypoints
[INFO] [1790552712.426073428] [pose_estimator]: RANSAC: 138 inliers / 182, 40 iterations
[INFO] [1790552712.426269303] [pose_estimator]: RPE: trans 0.4071 | rot 0.01023 (0.414 deg)
Matched 153 keypoints
[INFO] [1790552712.534165678] [pose_estimator]: RANSAC: 114 inliers / 153, 47 iterations
[INFO] [1790552712.534621928] [pose_estimator]: RPE: trans 0.9876 | rot 0.09812 (3.976 deg)
Matched 135 keypoints
[INFO] [1790552712.653961886] [pose_estimator]: RANSAC: 99 inliers / 135, 53 iterations
[INFO] [1790552712.662624595] [pose_estimator]: RPE: trans 0.2488 | rot 0.00791 (0.320 deg)
Matched 150 keypoints
[INFO] [1790552712.772429220] [pose_estimator]: RANSAC: 125 inliers / 150, 18 iterations
[INFO] [1790552712.772611928] [pose_estimator]: RPE: trans 0.9648 | rot 0.05112 (2.071 deg)
Matched 177 keypoints
[INFO] [1790552712.879853970] [pose_estimator]: RANSAC: 147 inliers / 177, 18 iterations
[INFO] [1790552712.880013220] [pose_estimator]: RPE: trans 0.1352 | rot 0.00280 (0.113 deg)
Matched 205 keypoints
[INFO] [1790552712.999331011] [pose_estimator]: RANSAC: 162 inliers / 205, 28 iterations
[INFO] [1790552713.000600470] [pose_estimator]: RPE: trans 1.0326 | rot 0.06218 (2.519 deg)
Matched 161 keypoints
[INFO] [1790552713.109533845] [pose_estimator]: RANSAC: 134 inliers / 161, 18 iterations
[INFO] [1790552713.113497053] [pose_estimator]: RPE: trans 0.4861 | rot 0.01805 (0.731 deg)
Matched 177 keypoints
[INFO] [1790552713.229751053] [pose_estimator]: RANSAC: 139 inliers / 177, 30 iterations
[INFO] [1790552713.229922720] [pose_estimator]: RPE: trans 0.8421 | rot 0.03356 (1.360 deg)
Matched 168 keypoints
[INFO] [1790552713.336247262] [pose_estimator]: RANSAC: 138 inliers / 168, 27 iterations
[INFO] [1790552713.336439887] [pose_estimator]: RPE: trans 0.4454 | rot 0.01540 (0.624 deg)
Matched 182 keypoints
[INFO] [1790552713.446889845] [pose_estimator]: RANSAC: 150 inliers / 182, 20 iterations
[INFO] [1790552713.449716095] [pose_estimator]: RPE: trans 0.2833 | rot 0.00899 (0.364 deg)
Matched 218 keypoints
[INFO] [1790552713.562395178] [pose_estimator]: RANSAC: 182 inliers / 218, 18 iterations
[INFO] [1790552713.565255262] [pose_estimator]: RPE: trans 0.8255 | rot 0.02671 (1.082 deg)
Matched 202 keypoints
[INFO] [1790552713.677237512] [pose_estimator]: RANSAC: 162 inliers / 202, 25 iterations
[INFO] [1790552713.677416303] [pose_estimator]: RPE: trans 0.9602 | rot 0.03548 (1.437 deg)
Matched 204 keypoints
[INFO] [1790552713.789983053] [pose_estimator]: RANSAC: 161 inliers / 204, 29 iterations
[INFO] [1790552713.795986595] [pose_estimator]: RPE: trans 1.0813 | rot 0.04789 (1.940 deg)
Matched 201 keypoints
[INFO] [1790552713.928820637] [pose_estimator]: RANSAC: 148 inliers / 201, 57 iterations
[INFO] [1790552713.933898970] [pose_estimator]: RPE: trans 1.1883 | rot 0.05282 (2.140 deg)
Matched 179 keypoints
[INFO] [1790552714.059165554] [pose_estimator]: RANSAC: 142 inliers / 179, 27 iterations
[INFO] [1790552714.061738179] [pose_estimator]: RPE: trans 0.9947 | rot 0.05883 (2.384 deg)
Matched 220 keypoints
[INFO] [1790552714.172073220] [pose_estimator]: RANSAC: 170 inliers / 220, 34 iterations
[INFO] [1790552714.172264845] [pose_estimator]: RPE: trans 0.5120 | rot 0.01067 (0.432 deg)
Matched 191 keypoints
[INFO] [1790552714.286708470] [pose_estimator]: RANSAC: 154 inliers / 191, 24 iterations
[INFO] [1790552714.293029512] [pose_estimator]: RPE: trans 0.6842 | rot 0.02203 (0.893 deg)
Matched 201 keypoints
[INFO] [1790552714.427737679] [pose_estimator]: RANSAC: 155 inliers / 201, 45 iterations
[INFO] [1790552714.428270304] [pose_estimator]: RPE: trans 1.0696 | rot 0.03008 (1.219 deg)
Matched 251 keypoints
[INFO] [1790552714.549267387] [pose_estimator]: RANSAC: 202 inliers / 251, 24 iterations
[INFO] [1790552714.549425971] [pose_estimator]: RPE: trans 0.6736 | rot 0.01397 (0.566 deg)
Matched 227 keypoints
[INFO] [1790552714.660029679] [pose_estimator]: RANSAC: 188 inliers / 227, 19 iterations
[INFO] [1790552714.662087096] [pose_estimator]: RPE: trans 1.0807 | rot 0.04577 (1.854 deg)
Matched 253 keypoints
[INFO] [1790552714.786789471] [pose_estimator]: RANSAC: 223 inliers / 253, 11 iterations
[INFO] [1790552714.791260054] [pose_estimator]: RPE: trans 0.8732 | rot 0.02054 (0.832 deg)
Matched 262 keypoints
[INFO] [1790552714.912158762] [pose_estimator]: RANSAC: 215 inliers / 262, 21 iterations
[INFO] [1790552714.913211846] [pose_estimator]: RPE: trans 1.1036 | rot 0.03745 (1.517 deg)
Matched 292 keypoints
[INFO] [1790552715.031564054] [pose_estimator]: RANSAC: 248 inliers / 292, 15 iterations
[INFO] [1790552715.031739554] [pose_estimator]: RPE: trans 0.7850 | rot 0.01661 (0.673 deg)
Matched 312 keypoints
[INFO] [1790552715.162636679] [pose_estimator]: RANSAC: 266 inliers / 312, 15 iterations
[INFO] [1790552715.167401012] [pose_estimator]: RPE: trans 0.9977 | rot 0.02000 (0.810 deg)
Matched 296 keypoints
[INFO] [1790552715.300735888] [pose_estimator]: RANSAC: 252 inliers / 296, 15 iterations
[INFO] [1790552715.313607304] [pose_estimator]: RPE: trans 0.2490 | rot 0.00641 (0.260 deg)
Matched 305 keypoints
[INFO] [1790552715.432656304] [pose_estimator]: RANSAC: 258 inliers / 305, 16 iterations
[INFO] [1790552715.432825304] [pose_estimator]: RPE: trans 0.7924 | rot 0.02574 (1.043 deg)
Matched 344 keypoints
[INFO] [1790552715.552016263] [pose_estimator]: RANSAC: 314 inliers / 344, 8 iterations
[INFO] [1790552715.557019304] [pose_estimator]: RPE: trans 0.7821 | rot 0.01433 (0.581 deg)
Matched 328 keypoints
[INFO] [1790552715.676597763] [pose_estimator]: RANSAC: 279 inliers / 328, 15 iterations
[INFO] [1790552715.677813138] [pose_estimator]: RPE: trans 1.1349 | rot 0.02019 (0.818 deg)
Matched 289 keypoints
[INFO] [1790552715.799868304] [pose_estimator]: RANSAC: 254 inliers / 289, 11 iterations
[INFO] [1790552715.800026679] [pose_estimator]: RPE: trans 0.1094 | rot 0.00252 (0.102 deg)
Matched 299 keypoints
[INFO] [1790552715.926912054] [pose_estimator]: RANSAC: 256 inliers / 299, 14 iterations
[INFO] [1790552715.927086804] [pose_estimator]: RPE: trans 0.6278 | rot 0.02466 (0.999 deg)
Matched 283 keypoints
[INFO] [1790552716.041876638] [pose_estimator]: RANSAC: 227 inliers / 283, 25 iterations
[INFO] [1790552716.043544180] [pose_estimator]: RPE: trans 0.6897 | rot 0.03834 (1.553 deg)
Matched 306 keypoints
[INFO] [1790552716.172368805] [pose_estimator]: RANSAC: 263 inliers / 306, 17 iterations
[INFO] [1790552716.173754638] [pose_estimator]: RPE: trans 0.2676 | rot 0.00745 (0.302 deg)
Matched 340 keypoints
[INFO] [1790552716.301562263] [pose_estimator]: RANSAC: 289 inliers / 340, 15 iterations
[INFO] [1790552716.301725638] [pose_estimator]: RPE: trans 0.9962 | rot 0.01933 (0.783 deg)
Matched 287 keypoints
[INFO] [1790552716.424162055] [pose_estimator]: RANSAC: 237 inliers / 287, 19 iterations
[INFO] [1790552716.427539888] [pose_estimator]: RPE: trans 0.4500 | rot 0.01650 (0.668 deg)
Matched 322 keypoints
[INFO] [1790552716.563219721] [pose_estimator]: RANSAC: 284 inliers / 322, 11 iterations
[INFO] [1790552716.568738180] [pose_estimator]: RPE: trans 0.5359 | rot 0.00933 (0.378 deg)
Matched 294 keypoints
[INFO] [1790552716.689402597] [pose_estimator]: RANSAC: 245 inliers / 294, 18 iterations
[INFO] [1790552716.689598055] [pose_estimator]: RPE: trans 0.6278 | rot 0.01547 (0.627 deg)
Matched 272 keypoints
[INFO] [1790552716.803398805] [pose_estimator]: RANSAC: 252 inliers / 272, 6 iterations
[INFO] [1790552716.803581180] [pose_estimator]: RPE: trans 0.5258 | rot 0.02406 (0.975 deg)
Matched 302 keypoints
[INFO] [1790552716.924437763] [pose_estimator]: RANSAC: 262 inliers / 302, 12 iterations
[INFO] [1790552716.925043930] [pose_estimator]: RPE: trans 0.1945 | rot 0.00780 (0.316 deg)
Matched 281 keypoints
[INFO] [1790552717.072810555] [pose_estimator]: RANSAC: 231 inliers / 281, 20 iterations
[INFO] [1790552717.072996138] [pose_estimator]: RPE: trans 0.5256 | rot 0.02609 (1.057 deg)
Matched 315 keypoints
[INFO] [1790552717.193998972] [pose_estimator]: RANSAC: 259 inliers / 315, 20 iterations
[INFO] [1790552717.194171180] [pose_estimator]: RPE: trans 0.2312 | rot 0.00392 (0.159 deg)
Matched 291 keypoints
[INFO] [1790552717.325558222] [pose_estimator]: RANSAC: 257 inliers / 291, 10 iterations
[INFO] [1790552717.333205139] [pose_estimator]: RPE: trans 0.1628 | rot 0.00559 (0.226 deg)
Matched 301 keypoints
[INFO] [1790552717.459976930] [pose_estimator]: RANSAC: 261 inliers / 301, 12 iterations
[INFO] [1790552717.460143555] [pose_estimator]: RPE: trans 0.4131 | rot 0.01867 (0.756 deg)
Matched 324 keypoints
[INFO] [1790552717.597233722] [pose_estimator]: RANSAC: 282 inliers / 324, 12 iterations
[INFO] [1790552717.597403514] [pose_estimator]: RPE: trans 0.2271 | rot 0.00635 (0.257 deg)
Matched 333 keypoints
[INFO] [1790552717.738414889] [pose_estimator]: RANSAC: 291 inliers / 333, 12 iterations
[INFO] [1790552717.738760889] [pose_estimator]: RPE: trans 0.1796 | rot 0.00926 (0.375 deg)
Matched 304 keypoints
[INFO] [1790552717.866446305] [pose_estimator]: RANSAC: 261 inliers / 304, 17 iterations
[INFO] [1790552717.866608389] [pose_estimator]: RPE: trans 0.0566 | rot 0.00226 (0.091 deg)
Matched 349 keypoints
[INFO] [1790552717.983331375] [pose_estimator]: RANSAC: 315 inliers / 349, 8 iterations
[INFO] [1790552717.983631250] [pose_estimator]: RPE: trans 0.9044 | rot 0.02210 (0.895 deg)
Matched 346 keypoints
[INFO] [1790552718.097765291] [pose_estimator]: RANSAC: 303 inliers / 346, 11 iterations
[INFO] [1790552718.101512166] [pose_estimator]: RPE: trans 0.1634 | rot 0.00666 (0.270 deg)
Matched 333 keypoints
[INFO] [1790552718.232147083] [pose_estimator]: RANSAC: 298 inliers / 333, 9 iterations
[INFO] [1790552718.234273416] [pose_estimator]: RPE: trans 0.0939 | rot 0.00981 (0.397 deg)
Matched 337 keypoints
[INFO] [1790552718.362749291] [pose_estimator]: RANSAC: 282 inliers / 337, 17 iterations
[INFO] [1790552718.363403125] [pose_estimator]: RPE: trans 0.3756 | rot 0.01494 (0.605 deg)
Matched 338 keypoints
[INFO] [1790552718.480621125] [pose_estimator]: RANSAC: 296 inliers / 338, 11 iterations
[INFO] [1790552718.480796416] [pose_estimator]: RPE: trans 0.0191 | rot 0.00175 (0.071 deg)
Matched 347 keypoints
[INFO] [1790552718.612980000] [pose_estimator]: RANSAC: 305 inliers / 347, 11 iterations
[INFO] [1790552718.615211291] [pose_estimator]: RPE: trans 0.1367 | rot 0.00913 (0.370 deg)
Matched 340 keypoints
[INFO] [1790552718.742237167] [pose_estimator]: RANSAC: 304 inliers / 340, 9 iterations
[INFO] [1790552718.743612417] [pose_estimator]: RPE: trans 0.0744 | rot 0.00607 (0.246 deg)
Matched 378 keypoints
[INFO] [1790552718.873521333] [pose_estimator]: RANSAC: 313 inliers / 378, 19 iterations
[INFO] [1790552718.873753000] [pose_estimator]: RPE: trans 0.0555 | rot 0.00472 (0.191 deg)
Matched 388 keypoints
[INFO] [1790552718.997328958] [pose_estimator]: RANSAC: 328 inliers / 388, 23 iterations
[INFO] [1790552718.998576708] [pose_estimator]: RPE: trans 0.0953 | rot 0.00491 (0.199 deg)
Matched 340 keypoints
[INFO] [1790552719.134318583] [pose_estimator]: RANSAC: 309 inliers / 340, 9 iterations
[INFO] [1790552719.138564083] [pose_estimator]: RPE: trans 0.1358 | rot 0.01007 (0.408 deg)
Matched 411 keypoints
[INFO] [1790552719.273286875] [pose_estimator]: RANSAC: 363 inliers / 411, 13 iterations
[INFO] [1790552719.274446250] [pose_estimator]: RPE: trans 0.0449 | rot 0.00423 (0.171 deg)
Matched 405 keypoints
[INFO] [1790552719.404135417] [pose_estimator]: RANSAC: 350 inliers / 405, 13 iterations
[INFO] [1790552719.404615584] [pose_estimator]: RPE: trans 0.2095 | rot 0.02099 (0.850 deg)
Matched 387 keypoints
[INFO] [1790552719.550497125] [pose_estimator]: RANSAC: 332 inliers / 387, 14 iterations
[INFO] [1790552719.553194625] [pose_estimator]: RPE: trans 0.0490 | rot 0.01139 (0.462 deg)
Matched 359 keypoints
[INFO] [1790552719.680018542] [pose_estimator]: RANSAC: 323 inliers / 359, 9 iterations
[INFO] [1790552719.680191167] [pose_estimator]: RPE: trans 0.0229 | rot 0.00672 (0.272 deg)
Matched 366 keypoints
[INFO] [1790552719.802998167] [pose_estimator]: RANSAC: 312 inliers / 366, 15 iterations
[INFO] [1790552719.808189459] [pose_estimator]: RPE: trans 0.2060 | rot 0.01378 (0.558 deg)
Matched 329 keypoints
[INFO] [1790552719.957019959] [pose_estimator]: RANSAC: 275 inliers / 329, 23 iterations
[INFO] [1790552719.957179042] [pose_estimator]: RPE: trans 0.2616 | rot 0.04629 (1.876 deg)
Matched 314 keypoints
[INFO] [1790552720.083146792] [pose_estimator]: RANSAC: 267 inliers / 314, 15 iterations
[INFO] [1790552720.083302167] [pose_estimator]: RPE: trans 0.0793 | rot 0.00329 (0.133 deg)
Matched 352 keypoints
[INFO] [1790552720.202377209] [pose_estimator]: RANSAC: 298 inliers / 352, 16 iterations
[INFO] [1790552720.202553209] [pose_estimator]: RPE: trans 0.1473 | rot 0.00562 (0.228 deg)
Matched 338 keypoints
[INFO] [1790552720.355813876] [pose_estimator]: RANSAC: 292 inliers / 338, 13 iterations
[INFO] [1790552720.371771167] [pose_estimator]: RPE: trans 0.1943 | rot 0.02637 (1.068 deg)
Matched 314 keypoints
[INFO] [1790552720.504834251] [pose_estimator]: RANSAC: 273 inliers / 314, 12 iterations
[INFO] [1790552720.505014376] [pose_estimator]: RPE: trans 0.1355 | rot 0.01209 (0.490 deg)
Matched 338 keypoints
[INFO] [1790552720.625892417] [pose_estimator]: RANSAC: 299 inliers / 338, 10 iterations
[INFO] [1790552720.626057834] [pose_estimator]: RPE: trans 0.0331 | rot 0.00630 (0.255 deg)
Matched 328 keypoints
[INFO] [1790552720.749730334] [pose_estimator]: RANSAC: 279 inliers / 328, 15 iterations
[INFO] [1790552720.753472751] [pose_estimator]: RPE: trans 0.0815 | rot 0.00770 (0.312 deg)
Matched 286 keypoints
[INFO] [1790552720.876918084] [pose_estimator]: RANSAC: 242 inliers / 286, 16 iterations
[INFO] [1790552720.878762918] [pose_estimator]: RPE: trans 0.1395 | rot 0.01541 (0.624 deg)
Matched 336 keypoints
[INFO] [1790552721.003229876] [pose_estimator]: RANSAC: 285 inliers / 336, 15 iterations
[INFO] [1790552721.003407959] [pose_estimator]: RPE: trans 1.9856 | rot 0.01142 (0.463 deg)
Matched 309 keypoints
[INFO] [1790552721.126631584] [pose_estimator]: RANSAC: 258 inliers / 309, 18 iterations
[INFO] [1790552721.137736001] [pose_estimator]: RPE: trans 0.0787 | rot 0.00705 (0.286 deg)
Matched 279 keypoints
[INFO] [1790552721.260120293] [pose_estimator]: RANSAC: 244 inliers / 279, 11 iterations
[INFO] [1790552721.261829334] [pose_estimator]: RPE: trans 0.1770 | rot 0.01134 (0.460 deg)
Matched 288 keypoints
[INFO] [1790552721.379207334] [pose_estimator]: RANSAC: 256 inliers / 288, 10 iterations
[INFO] [1790552721.379400709] [pose_estimator]: RPE: trans 0.2916 | rot 0.01636 (0.663 deg)
Matched 311 keypoints
[INFO] [1790552721.496831710] [pose_estimator]: RANSAC: 266 inliers / 311, 14 iterations
[INFO] [1790552721.500502543] [pose_estimator]: RPE: trans 0.3739 | rot 0.02074 (0.840 deg)
Matched 266 keypoints
[INFO] [1790552721.624143085] [pose_estimator]: RANSAC: 211 inliers / 266, 28 iterations
[INFO] [1790552721.626828835] [pose_estimator]: RPE: trans 1.7070 | rot 0.05226 (2.117 deg)
Matched 257 keypoints
[INFO] [1790552721.748870668] [pose_estimator]: RANSAC: 229 inliers / 257, 10 iterations
[INFO] [1790552721.749057376] [pose_estimator]: RPE: trans 1.6213 | rot 0.01560 (0.632 deg)
Matched 282 keypoints
[INFO] [1790552721.862565960] [pose_estimator]: RANSAC: 239 inliers / 282, 15 iterations
[INFO] [1790552721.862737835] [pose_estimator]: RPE: trans 1.6215 | rot 0.02560 (1.037 deg)
Matched 282 keypoints
[INFO] [1790552721.997814751] [pose_estimator]: RANSAC: 240 inliers / 282, 15 iterations
[INFO] [1790552722.000182418] [pose_estimator]: RPE: trans 0.3616 | rot 0.00632 (0.256 deg)
Matched 257 keypoints
[INFO] [1790552722.116112335] [pose_estimator]: RANSAC: 220 inliers / 257, 14 iterations
[INFO] [1790552722.116918335] [pose_estimator]: RPE: trans 0.0486 | rot 0.00097 (0.039 deg)
Matched 259 keypoints
[INFO] [1790552722.236057835] [pose_estimator]: RANSAC: 233 inliers / 259, 9 iterations
[INFO] [1790552722.236236460] [pose_estimator]: RPE: trans 1.3270 | rot 0.01739 (0.705 deg)
Matched 272 keypoints
[INFO] [1790552722.354729085] [pose_estimator]: RANSAC: 237 inliers / 272, 12 iterations
[INFO] [1790552722.357333668] [pose_estimator]: RPE: trans 1.2824 | rot 0.02438 (0.988 deg)
Matched 273 keypoints
[INFO] [1790552722.482871043] [pose_estimator]: RANSAC: 227 inliers / 273, 18 iterations
[INFO] [1790552722.485716668] [pose_estimator]: RPE: trans 0.5966 | rot 0.00773 (0.313 deg)
Matched 264 keypoints
[INFO] [1790552722.611378627] [pose_estimator]: RANSAC: 225 inliers / 264, 15 iterations
[INFO] [1790552722.611558752] [pose_estimator]: RPE: trans 1.2815 | rot 0.02731 (1.107 deg)
Matched 246 keypoints
[INFO] [1790552722.726115085] [pose_estimator]: RANSAC: 221 inliers / 246, 9 iterations
[INFO] [1790552722.726297377] [pose_estimator]: RPE: trans 1.5058 | rot 0.03071 (1.244 deg)
Matched 255 keypoints
[INFO] [1790552722.839755585] [pose_estimator]: RANSAC: 225 inliers / 255, 11 iterations
[INFO] [1790552722.843318418] [pose_estimator]: RPE: trans 1.3044 | rot 0.02042 (0.827 deg)
Matched 245 keypoints
[INFO] [1790552722.969351252] [pose_estimator]: RANSAC: 208 inliers / 245, 15 iterations
[INFO] [1790552722.969517669] [pose_estimator]: RPE: trans 0.2021 | rot 0.00341 (0.138 deg)
Matched 229 keypoints
[INFO] [1790552723.093588044] [pose_estimator]: RANSAC: 202 inliers / 229, 11 iterations
[INFO] [1790552723.093767669] [pose_estimator]: RPE: trans 0.4545 | rot 0.00668 (0.271 deg)
Matched 239 keypoints
[INFO] [1790552723.204048544] [pose_estimator]: RANSAC: 206 inliers / 239, 13 iterations
[INFO] [1790552723.218766585] [pose_estimator]: RPE: trans 1.2274 | rot 0.03210 (1.301 deg)
Matched 265 keypoints
[INFO] [1790552723.338630585] [pose_estimator]: RANSAC: 212 inliers / 265, 26 iterations
[INFO] [1790552723.340119335] [pose_estimator]: RPE: trans 1.3458 | rot 0.03089 (1.251 deg)
Matched 248 keypoints
[INFO] [1790552723.471528752] [pose_estimator]: RANSAC: 205 inliers / 248, 19 iterations
[INFO] [1790552723.471680127] [pose_estimator]: RPE: trans 1.0575 | rot 0.03925 (1.590 deg)
Matched 245 keypoints
[INFO] [1790552723.582860752] [pose_estimator]: RANSAC: 209 inliers / 245, 14 iterations
[INFO] [1790552723.583043127] [pose_estimator]: RPE: trans 0.8980 | rot 0.01794 (0.727 deg)
Matched 230 keypoints
[INFO] [1790552723.701633836] [pose_estimator]: RANSAC: 203 inliers / 230, 11 iterations
[INFO] [1790552723.702028586] [pose_estimator]: RPE: trans 0.7434 | rot 0.01610 (0.652 deg)
Matched 228 keypoints
[INFO] [1790552723.817625377] [pose_estimator]: RANSAC: 194 inliers / 228, 15 iterations
[INFO] [1790552723.821206377] [pose_estimator]: RPE: trans 0.8829 | rot 0.02492 (1.010 deg)
Matched 248 keypoints
[INFO] [1790552723.936860961] [pose_estimator]: RANSAC: 215 inliers / 248, 16 iterations
[INFO] [1790552723.937054252] [pose_estimator]: RPE: trans 1.3455 | rot 0.03334 (1.351 deg)
Matched 227 keypoints
[INFO] [1790552724.054161419] [pose_estimator]: RANSAC: 199 inliers / 227, 11 iterations
[INFO] [1790552724.055225127] [pose_estimator]: RPE: trans 1.1046 | rot 0.03097 (1.255 deg)
Matched 246 keypoints
[INFO] [1790552724.201118294] [pose_estimator]: RANSAC: 229 inliers / 246, 6 iterations
[INFO] [1790552724.202044002] [pose_estimator]: RPE: trans 0.6058 | rot 0.00967 (0.392 deg)
Matched 230 keypoints
[INFO] [1790552724.316693503] [pose_estimator]: RANSAC: 194 inliers / 230, 16 iterations
[INFO] [1790552724.318656336] [pose_estimator]: RPE: trans 0.3614 | rot 0.00795 (0.322 deg)
Matched 213 keypoints
[INFO] [1790552724.431234919] [pose_estimator]: RANSAC: 189 inliers / 213, 10 iterations
[INFO] [1790552724.431400003] [pose_estimator]: RPE: trans 0.8735 | rot 0.01630 (0.660 deg)
Matched 210 keypoints
[INFO] [1790552724.542496003] [pose_estimator]: RANSAC: 189 inliers / 210, 9 iterations
[INFO] [1790552724.545967628] [pose_estimator]: RPE: trans 0.9466 | rot 0.01384 (0.561 deg)
Matched 229 keypoints
[INFO] [1790552724.682000669] [pose_estimator]: RANSAC: 191 inliers / 229, 18 iterations
[INFO] [1790552724.697310086] [pose_estimator]: RPE: trans 1.3844 | rot 0.07060 (2.861 deg)
Matched 223 keypoints
[INFO] [1790552724.813163711] [pose_estimator]: RANSAC: 186 inliers / 223, 19 iterations
[INFO] [1790552724.813343253] [pose_estimator]: RPE: trans 0.1561 | rot 0.00389 (0.158 deg)
Matched 224 keypoints
[INFO] [1790552724.929693711] [pose_estimator]: RANSAC: 210 inliers / 224, 6 iterations
[INFO] [1790552724.933433086] [pose_estimator]: RPE: trans 0.6656 | rot 0.01300 (0.527 deg)
Matched 209 keypoints
[INFO] [1790552725.052049753] [pose_estimator]: RANSAC: 176 inliers / 209, 16 iterations
[INFO] [1790552725.053643253] [pose_estimator]: RPE: trans 0.6778 | rot 0.01893 (0.767 deg)
Matched 207 keypoints
[INFO] [1790552725.170173753] [pose_estimator]: RANSAC: 187 inliers / 207, 8 iterations
[INFO] [1790552725.170351503] [pose_estimator]: RPE: trans 1.0495 | rot 0.01837 (0.744 deg)
Matched 192 keypoints
[INFO] [1790552725.279636920] [pose_estimator]: RANSAC: 176 inliers / 192, 7 iterations
[INFO] [1790552725.279795170] [pose_estimator]: RPE: trans 0.5218 | rot 0.00726 (0.294 deg)
Matched 218 keypoints
[INFO] [1790552725.394291628] [pose_estimator]: RANSAC: 192 inliers / 218, 11 iterations
[INFO] [1790552725.399214211] [pose_estimator]: RPE: trans 1.0141 | rot 0.01933 (0.783 deg)
Matched 220 keypoints
[INFO] [1790552725.522981628] [pose_estimator]: RANSAC: 193 inliers / 220, 16 iterations
[INFO] [1790552725.524744461] [pose_estimator]: RPE: trans 0.8195 | rot 0.02794 (1.132 deg)
Matched 215 keypoints
[INFO] [1790552725.633445170] [pose_estimator]: RANSAC: 186 inliers / 215, 13 iterations
[INFO] [1790552725.633644753] [pose_estimator]: RPE: trans 1.2189 | rot 0.03671 (1.487 deg)
Matched 211 keypoints
[INFO] [1790552725.772330628] [pose_estimator]: RANSAC: 199 inliers / 211, 5 iterations
[INFO] [1790552725.781199628] [pose_estimator]: RPE: trans 0.2620 | rot 0.00584 (0.237 deg)
Matched 223 keypoints
[INFO] [1790552725.897233920] [pose_estimator]: RANSAC: 202 inliers / 223, 11 iterations
[INFO] [1790552725.898971378] [pose_estimator]: RPE: trans 1.2468 | rot 0.05005 (2.028 deg)
Matched 223 keypoints
[INFO] [1790552726.010886795] [pose_estimator]: RANSAC: 197 inliers / 223, 10 iterations
[INFO] [1790552726.011068420] [pose_estimator]: RPE: trans 0.4929 | rot 0.00786 (0.318 deg)
Matched 230 keypoints
[INFO] [1790552726.117721878] [pose_estimator]: RANSAC: 207 inliers / 230, 9 iterations
[INFO] [1790552726.117898212] [pose_estimator]: RPE: trans 1.5542 | rot 0.01713 (0.694 deg)
Matched 215 keypoints
[INFO] [1790552726.224379628] [pose_estimator]: RANSAC: 197 inliers / 215, 7 iterations
[INFO] [1790552726.225478962] [pose_estimator]: RPE: trans 1.0881 | rot 0.02196 (0.890 deg)
Matched 207 keypoints
[INFO] [1790552726.453123795] [pose_estimator]: RANSAC: 188 inliers / 207, 8 iterations
[INFO] [1790552726.453293504] [pose_estimator]: RPE: trans 0.6784 | rot 0.01440 (0.584 deg)
Matched 204 keypoints
[INFO] [1790552726.558896295] [pose_estimator]: RANSAC: 183 inliers / 204, 9 iterations
[INFO] [1790552726.559076462] [pose_estimator]: RPE: trans 0.9608 | rot 0.02488 (1.008 deg)
Matched 197 keypoints
[INFO] [1790552726.675642254] [pose_estimator]: RANSAC: 174 inliers / 197, 10 iterations
[INFO] [1790552726.678110420] [pose_estimator]: RPE: trans 1.2002 | rot 0.03045 (1.234 deg)
Matched 220 keypoints
[INFO] [1790552726.788653920] [pose_estimator]: RANSAC: 200 inliers / 220, 8 iterations
[INFO] [1790552726.788836045] [pose_estimator]: RPE: trans 0.7961 | rot 0.01320 (0.535 deg)
Matched 215 keypoints
[INFO] [1790552726.918837962] [pose_estimator]: RANSAC: 188 inliers / 215, 19 iterations
[INFO] [1790552726.919036920] [pose_estimator]: RPE: trans 0.4167 | rot 0.00984 (0.398 deg)
Matched 219 keypoints
[INFO] [1790552727.029684712] [pose_estimator]: RANSAC: 198 inliers / 219, 8 iterations
[INFO] [1790552727.031822212] [pose_estimator]: RPE: trans 0.8153 | rot 0.01647 (0.667 deg)
Matched 196 keypoints
[INFO] [1790552727.144405004] [pose_estimator]: RANSAC: 171 inliers / 196, 12 iterations
[INFO] [1790552727.146761796] [pose_estimator]: RPE: trans 0.3475 | rot 0.00883 (0.358 deg)
Matched 232 keypoints
[INFO] [1790552727.261810212] [pose_estimator]: RANSAC: 217 inliers / 232, 6 iterations
[INFO] [1790552727.261995337] [pose_estimator]: RPE: trans 1.0076 | rot 0.01578 (0.639 deg)
Matched 224 keypoints
[INFO] [1790552727.377449296] [pose_estimator]: RANSAC: 205 inliers / 224, 7 iterations
[INFO] [1790552727.377619629] [pose_estimator]: RPE: trans 0.8303 | rot 0.01433 (0.581 deg)
Matched 244 keypoints
[INFO] [1790552727.494591254] [pose_estimator]: RANSAC: 226 inliers / 244, 7 iterations
[INFO] [1790552727.495035629] [pose_estimator]: RPE: trans 1.0852 | rot 0.01644 (0.666 deg)
Matched 221 keypoints
[INFO] [1790552727.609778129] [pose_estimator]: RANSAC: 191 inliers / 221, 13 iterations
[INFO] [1790552727.610677629] [pose_estimator]: RPE: trans 0.1692 | rot 0.00310 (0.126 deg)
Matched 233 keypoints
[INFO] [1790552727.732090129] [pose_estimator]: RANSAC: 218 inliers / 233, 6 iterations
[INFO] [1790552727.749151254] [pose_estimator]: RPE: trans 1.1694 | rot 0.01367 (0.554 deg)
Matched 228 keypoints
[INFO] [1790552727.872975879] [pose_estimator]: RANSAC: 205 inliers / 228, 9 iterations
[INFO] [1790552727.873148046] [pose_estimator]: RPE: trans 0.0838 | rot 0.00163 (0.066 deg)
Matched 231 keypoints
[INFO] [1790552727.985943338] [pose_estimator]: RANSAC: 207 inliers / 231, 9 iterations
[INFO] [1790552727.986732879] [pose_estimator]: RPE: trans 0.6532 | rot 0.01831 (0.742 deg)
Matched 234 keypoints
[INFO] [1790552728.100868129] [pose_estimator]: RANSAC: 214 inliers / 234, 7 iterations
[INFO] [1790552728.101705671] [pose_estimator]: RPE: trans 0.6138 | rot 0.01674 (0.678 deg)
Matched 243 keypoints
[INFO] [1790552728.215925171] [pose_estimator]: RANSAC: 219 inliers / 243, 9 iterations
[INFO] [1790552728.216136754] [pose_estimator]: RPE: trans 0.2984 | rot 0.00518 (0.210 deg)
Matched 239 keypoints
[INFO] [1790552728.354405421] [pose_estimator]: RANSAC: 212 inliers / 239, 10 iterations
[INFO] [1790552728.356274671] [pose_estimator]: RPE: trans 0.8730 | rot 0.01582 (0.641 deg)
Matched 246 keypoints
[INFO] [1790552728.479087130] [pose_estimator]: RANSAC: 210 inliers / 246, 14 iterations
[INFO] [1790552728.480846671] [pose_estimator]: RPE: trans 0.3066 | rot 0.00511 (0.207 deg)
Matched 269 keypoints
[INFO] [1790552728.623779671] [pose_estimator]: RANSAC: 224 inliers / 269, 18 iterations
[INFO] [1790552728.624053755] [pose_estimator]: RPE: trans 0.3163 | rot 0.00660 (0.267 deg)
Matched 279 keypoints
[INFO] [1790552728.754218296] [pose_estimator]: RANSAC: 243 inliers / 279, 12 iterations
[INFO] [1790552728.758861088] [pose_estimator]: RPE: trans 0.2834 | rot 0.00414 (0.168 deg)
Matched 257 keypoints
[INFO] [1790552728.879358005] [pose_estimator]: RANSAC: 222 inliers / 257, 13 iterations
[INFO] [1790552728.879527588] [pose_estimator]: RPE: trans 0.2348 | rot 0.00452 (0.183 deg)
Matched 257 keypoints
[INFO] [1790552728.994163213] [pose_estimator]: RANSAC: 225 inliers / 257, 11 iterations
[INFO] [1790552728.994425880] [pose_estimator]: RPE: trans 1.0397 | rot 0.02747 (1.113 deg)
Matched 288 keypoints
[INFO] [1790552729.112181213] [pose_estimator]: RANSAC: 245 inliers / 288, 15 iterations
[INFO] [1790552729.112376921] [pose_estimator]: RPE: trans 0.4130 | rot 0.00946 (0.383 deg)
Matched 315 keypoints
[INFO] [1790552729.256159505] [pose_estimator]: RANSAC: 282 inliers / 315, 9 iterations
[INFO] [1790552729.258680380] [pose_estimator]: RPE: trans 0.6400 | rot 0.01380 (0.559 deg)
Matched 281 keypoints
[INFO] [1790552729.376062505] [pose_estimator]: RANSAC: 244 inliers / 281, 12 iterations
[INFO] [1790552729.376248797] [pose_estimator]: RPE: trans 0.9903 | rot 0.02750 (1.114 deg)
Matched 292 keypoints
[INFO] [1790552729.490111380] [pose_estimator]: RANSAC: 256 inliers / 292, 11 iterations
[INFO] [1790552729.490286505] [pose_estimator]: RPE: trans 1.1687 | rot 0.03121 (1.265 deg)
Matched 279 keypoints
[INFO] [1790552729.606380005] [pose_estimator]: RANSAC: 249 inliers / 279, 9 iterations
[INFO] [1790552729.609936672] [pose_estimator]: RPE: trans 0.2008 | rot 0.00475 (0.193 deg)
Matched 322 keypoints
[INFO] [1790552729.740522172] [pose_estimator]: RANSAC: 298 inliers / 322, 6 iterations
[INFO] [1790552729.752109005] [pose_estimator]: RPE: trans 1.1667 | rot 0.01815 (0.735 deg)
Matched 307 keypoints
[INFO] [1790552729.873282547] [pose_estimator]: RANSAC: 279 inliers / 307, 8 iterations
[INFO] [1790552729.873471047] [pose_estimator]: RPE: trans 0.7111 | rot 0.01431 (0.580 deg)
Matched 330 keypoints
[INFO] [1790552729.991785089] [pose_estimator]: RANSAC: 302 inliers / 330, 7 iterations
[INFO] [1790552729.991971089] [pose_estimator]: RPE: trans 0.9296 | rot 0.01287 (0.522 deg)
Matched 328 keypoints
[INFO] [1790552730.112009505] [pose_estimator]: RANSAC: 282 inliers / 328, 13 iterations
[INFO] [1790552730.114417714] [pose_estimator]: RPE: trans 0.1230 | rot 0.00188 (0.076 deg)
Matched 355 keypoints
[INFO] [1790552730.249987005] [pose_estimator]: RANSAC: 318 inliers / 355, 9 iterations
[INFO] [1790552730.250161422] [pose_estimator]: RPE: trans 0.3219 | rot 0.00399 (0.162 deg)
Matched 310 keypoints
[INFO] [1790552730.380769047] [pose_estimator]: RANSAC: 264 inliers / 310, 15 iterations
[INFO] [1790552730.380947047] [pose_estimator]: RPE: trans 0.0358 | rot 0.00176 (0.071 deg)
Matched 313 keypoints
[INFO] [1790552730.498435672] [pose_estimator]: RANSAC: 270 inliers / 313, 13 iterations
[INFO] [1790552730.502348130] [pose_estimator]: RPE: trans 0.4706 | rot 0.01693 (0.686 deg)
Matched 330 keypoints
[INFO] [1790552730.639707964] [pose_estimator]: RANSAC: 283 inliers / 330, 14 iterations
[INFO] [1790552730.639905339] [pose_estimator]: RPE: trans 0.8656 | rot 0.02977 (1.206 deg)
Matched 348 keypoints
[INFO] [1790552730.763098881] [pose_estimator]: RANSAC: 296 inliers / 348, 15 iterations
[INFO] [1790552730.763276672] [pose_estimator]: RPE: trans 0.2052 | rot 0.00450 (0.182 deg)
Matched 348 keypoints
[INFO] [1790552730.887816339] [pose_estimator]: RANSAC: 306 inliers / 348, 11 iterations
[INFO] [1790552730.889727131] [pose_estimator]: RPE: trans 1.0503 | rot 0.03004 (1.217 deg)
Matched 358 keypoints
[INFO] [1790552731.014338464] [pose_estimator]: RANSAC: 311 inliers / 358, 12 iterations
[INFO] [1790552731.015334131] [pose_estimator]: RPE: trans 0.9867 | rot 0.03900 (1.580 deg)
Matched 413 keypoints
[INFO] [1790552731.143436422] [pose_estimator]: RANSAC: 365 inliers / 413, 10 iterations
[INFO] [1790552731.143635047] [pose_estimator]: RPE: trans 0.9110 | rot 0.01044 (0.423 deg)
Matched 379 keypoints
[INFO] [1790552731.265774506] [pose_estimator]: RANSAC: 328 inliers / 379, 13 iterations
[INFO] [1790552731.265952173] [pose_estimator]: RPE: trans 0.2704 | rot 0.00803 (0.325 deg)
Matched 424 keypoints
[INFO] [1790552731.391567214] [pose_estimator]: RANSAC: 388 inliers / 424, 10 iterations
[INFO] [1790552731.392159798] [pose_estimator]: RPE: trans 1.0275 | rot 0.01374 (0.557 deg)
Matched 429 keypoints
[INFO] [1790552731.518667881] [pose_estimator]: RANSAC: 365 inliers / 429, 15 iterations
[INFO] [1790552731.518892881] [pose_estimator]: RPE: trans 0.2633 | rot 0.00626 (0.254 deg)
Matched 456 keypoints
[INFO] [1790552731.650652131] [pose_estimator]: RANSAC: 363 inliers / 456, 27 iterations
[INFO] [1790552731.650829714] [pose_estimator]: RPE: trans 0.2832 | rot 0.00701 (0.284 deg)
Matched 409 keypoints
[INFO] [1790552731.780737798] [pose_estimator]: RANSAC: 353 inliers / 409, 16 iterations
[INFO] [1790552731.782717548] [pose_estimator]: RPE: trans 0.2590 | rot 0.00628 (0.254 deg)
Matched 411 keypoints
[INFO] [1790552731.910505964] [pose_estimator]: RANSAC: 334 inliers / 411, 22 iterations
[INFO] [1790552731.910692589] [pose_estimator]: RPE: trans 0.1096 | rot 0.00203 (0.082 deg)
Matched 413 keypoints
[INFO] [1790552732.044508131] [pose_estimator]: RANSAC: 333 inliers / 413, 24 iterations
[INFO] [1790552732.044681965] [pose_estimator]: RPE: trans 0.1436 | rot 0.00224 (0.091 deg)
Matched 444 keypoints
[INFO] [1790552732.173835048] [pose_estimator]: RANSAC: 363 inliers / 444, 21 iterations
[INFO] [1790552732.174526048] [pose_estimator]: RPE: trans 0.0295 | rot 0.00194 (0.079 deg)
Matched 443 keypoints
[INFO] [1790552732.303107465] [pose_estimator]: RANSAC: 366 inliers / 443, 19 iterations
[INFO] [1790552732.303282506] [pose_estimator]: RPE: trans 0.4671 | rot 0.00812 (0.329 deg)
Matched 382 keypoints
[INFO] [1790552732.427164840] [pose_estimator]: RANSAC: 330 inliers / 382, 13 iterations
[INFO] [1790552732.427352006] [pose_estimator]: RPE: trans 0.0340 | rot 0.00207 (0.084 deg)
Matched 424 keypoints
[INFO] [1790552732.555882548] [pose_estimator]: RANSAC: 361 inliers / 424, 15 iterations
[INFO] [1790552732.556083631] [pose_estimator]: RPE: trans 0.4215 | rot 0.00775 (0.314 deg)
Matched 434 keypoints
[INFO] [1790552732.689131173] [pose_estimator]: RANSAC: 368 inliers / 434, 15 iterations
[INFO] [1790552732.690249673] [pose_estimator]: RPE: trans 0.5323 | rot 0.00973 (0.394 deg)
Matched 404 keypoints
[INFO] [1790552732.829884798] [pose_estimator]: RANSAC: 345 inliers / 404, 14 iterations
[INFO] [1790552732.830070340] [pose_estimator]: RPE: trans 0.6615 | rot 0.01832 (0.742 deg)
Matched 411 keypoints
[INFO] [1790552732.960467632] [pose_estimator]: RANSAC: 362 inliers / 411, 11 iterations
[INFO] [1790552732.960648715] [pose_estimator]: RPE: trans 0.4047 | rot 0.00674 (0.273 deg)
Matched 425 keypoints
[INFO] [1790552733.087596673] [pose_estimator]: RANSAC: 370 inliers / 425, 12 iterations
[INFO] [1790552733.088676173] [pose_estimator]: RPE: trans 1.1102 | rot 0.01596 (0.647 deg)
Matched 409 keypoints
[INFO] [1790552733.216982715] [pose_estimator]: RANSAC: 348 inliers / 409, 15 iterations
[INFO] [1790552733.217171548] [pose_estimator]: RPE: trans 0.7456 | rot 0.02300 (0.932 deg)
Matched 413 keypoints
[INFO] [1790552733.347514840] [pose_estimator]: RANSAC: 350 inliers / 413, 15 iterations
[INFO] [1790552733.347684382] [pose_estimator]: RPE: trans 0.0377 | rot 0.00067 (0.027 deg)
Matched 401 keypoints
[INFO] [1790552733.481667965] [pose_estimator]: RANSAC: 341 inliers / 401, 15 iterations
[INFO] [1790552733.494073049] [pose_estimator]: RPE: trans 0.3441 | rot 0.00815 (0.330 deg)
Matched 396 keypoints
[INFO] [1790552733.643791007] [pose_estimator]: RANSAC: 347 inliers / 396, 11 iterations
[INFO] [1790552733.646467674] [pose_estimator]: RPE: trans 0.2362 | rot 0.00970 (0.393 deg)
Matched 461 keypoints
[INFO] [1790552733.783609340] [pose_estimator]: RANSAC: 397 inliers / 461, 13 iterations
[INFO] [1790552733.783778799] [pose_estimator]: RPE: trans 0.2647 | rot 0.00476 (0.193 deg)
Matched 466 keypoints
[INFO] [1790552733.910654382] [pose_estimator]: RANSAC: 415 inliers / 466, 10 iterations
[INFO] [1790552733.912454132] [pose_estimator]: RPE: trans 1.2027 | rot 0.02109 (0.854 deg)
Matched 469 keypoints
[INFO] [1790552734.059757924] [pose_estimator]: RANSAC: 403 inliers / 469, 14 iterations
[INFO] [1790552734.059918549] [pose_estimator]: RPE: trans 0.7917 | rot 0.01692 (0.686 deg)
Matched 447 keypoints
[INFO] [1790552734.184550257] [pose_estimator]: RANSAC: 384 inliers / 447, 14 iterations
[INFO] [1790552734.184800382] [pose_estimator]: RPE: trans 0.5878 | rot 0.01768 (0.716 deg)
Matched 456 keypoints
[INFO] [1790552734.315297049] [pose_estimator]: RANSAC: 402 inliers / 456, 11 iterations
[INFO] [1790552734.315474674] [pose_estimator]: RPE: trans 0.4801 | rot 0.00981 (0.397 deg)
Matched 466 keypoints
[INFO] [1790552734.459040507] [pose_estimator]: RANSAC: 390 inliers / 466, 18 iterations
[INFO] [1790552734.460961966] [pose_estimator]: RPE: trans 0.1267 | rot 0.00235 (0.095 deg)
Matched 437 keypoints
[INFO] [1790552734.607891966] [pose_estimator]: RANSAC: 370 inliers / 437, 17 iterations
[INFO] [1790552734.608060924] [pose_estimator]: RPE: trans 0.2273 | rot 0.00558 (0.226 deg)
Matched 431 keypoints
[INFO] [1790552734.729286507] [pose_estimator]: RANSAC: 367 inliers / 431, 15 iterations
[INFO] [1790552734.729457549] [pose_estimator]: RPE: trans 0.0838 | rot 0.00300 (0.121 deg)
Matched 479 keypoints
[INFO] [1790552734.877006341] [pose_estimator]: RANSAC: 418 inliers / 479, 13 iterations
[INFO] [1790552734.877209216] [pose_estimator]: RPE: trans 1.0880 | rot 0.02695 (1.092 deg)
Matched 464 keypoints
[INFO] [1790552735.008280049] [pose_estimator]: RANSAC: 402 inliers / 464, 13 iterations
[INFO] [1790552735.008450258] [pose_estimator]: RPE: trans 0.2039 | rot 0.00328 (0.133 deg)
Matched 424 keypoints
[INFO] [1790552735.144046133] [pose_estimator]: RANSAC: 354 inliers / 424, 18 iterations
[INFO] [1790552735.144238674] [pose_estimator]: RPE: trans 0.2173 | rot 0.00852 (0.345 deg)
Matched 438 keypoints
[INFO] [1790552735.271613466] [pose_estimator]: RANSAC: 382 inliers / 438, 12 iterations
[INFO] [1790552735.274286549] [pose_estimator]: RPE: trans 0.2353 | rot 0.00400 (0.162 deg)
Matched 448 keypoints
[INFO] [1790552735.406336799] [pose_estimator]: RANSAC: 396 inliers / 448, 10 iterations
[INFO] [1790552735.406617466] [pose_estimator]: RPE: trans 0.8965 | rot 0.01612 (0.653 deg)
Matched 452 keypoints
[INFO] [1790552735.534099883] [pose_estimator]: RANSAC: 403 inliers / 452, 10 iterations
[INFO] [1790552735.534299341] [pose_estimator]: RPE: trans 0.6461 | rot 0.00821 (0.333 deg)
Matched 464 keypoints
[INFO] [1790552735.659200133] [pose_estimator]: RANSAC: 382 inliers / 464, 20 iterations
[INFO] [1790552735.659768050] [pose_estimator]: RPE: trans 0.4071 | rot 0.00690 (0.279 deg)
Matched 457 keypoints
[INFO] [1790552735.868494508] [pose_estimator]: RANSAC: 400 inliers / 457, 11 iterations
[INFO] [1790552735.870883716] [pose_estimator]: RPE: trans 0.9943 | rot 0.01516 (0.614 deg)
Matched 457 keypoints
[INFO] [1790552736.000936841] [pose_estimator]: RANSAC: 395 inliers / 457, 13 iterations
[INFO] [1790552736.001115591] [pose_estimator]: RPE: trans 0.5385 | rot 0.01248 (0.506 deg)
Matched 491 keypoints
[INFO] [1790552736.135227716] [pose_estimator]: RANSAC: 434 inliers / 491, 11 iterations
[INFO] [1790552736.136825633] [pose_estimator]: RPE: trans 0.6011 | rot 0.00649 (0.263 deg)
Matched 465 keypoints
[INFO] [1790552736.293491550] [pose_estimator]: RANSAC: 401 inliers / 465, 13 iterations
[INFO] [1790552736.296258342] [pose_estimator]: RPE: trans 0.5901 | rot 0.01738 (0.704 deg)
Matched 459 keypoints
[INFO] [1790552736.452145508] [pose_estimator]: RANSAC: 402 inliers / 459, 11 iterations
[INFO] [1790552736.452338592] [pose_estimator]: RPE: trans 0.5015 | rot 0.01029 (0.417 deg)
Matched 501 keypoints
[INFO] [1790552736.600490092] [pose_estimator]: RANSAC: 450 inliers / 501, 9 iterations
[INFO] [1790552736.607289633] [pose_estimator]: RPE: trans 1.2227 | rot 0.02348 (0.951 deg)
Matched 495 keypoints
[INFO] [1790552736.781879967] [pose_estimator]: RANSAC: 419 inliers / 495, 16 iterations
[INFO] [1790552736.786740675] [pose_estimator]: RPE: trans 0.6667 | rot 0.01698 (0.688 deg)
Matched 487 keypoints
[INFO] [1790552736.921039800] [pose_estimator]: RANSAC: 414 inliers / 487, 15 iterations
[INFO] [1790552736.921212259] [pose_estimator]: RPE: trans 0.4082 | rot 0.00959 (0.389 deg)
Matched 518 keypoints
[INFO] [1790552737.055049134] [pose_estimator]: RANSAC: 446 inliers / 518, 13 iterations
[INFO] [1790552737.064864925] [pose_estimator]: RPE: trans 1.2614 | rot 0.01151 (0.466 deg)
Matched 481 keypoints
[INFO] [1790552737.203042967] [pose_estimator]: RANSAC: 408 inliers / 481, 15 iterations
[INFO] [1790552737.203225009] [pose_estimator]: RPE: trans 0.0824 | rot 0.00182 (0.074 deg)
Matched 538 keypoints
[INFO] [1790552737.345532717] [pose_estimator]: RANSAC: 475 inliers / 538, 10 iterations
[INFO] [1790552737.345735759] [pose_estimator]: RPE: trans 0.6758 | rot 0.01561 (0.632 deg)
Matched 529 keypoints
[INFO] [1790552737.494697175] [pose_estimator]: RANSAC: 452 inliers / 529, 14 iterations
[INFO] [1790552737.506837425] [pose_estimator]: RPE: trans 0.1916 | rot 0.00432 (0.175 deg)
Matched 495 keypoints
[INFO] [1790552737.656916634] [pose_estimator]: RANSAC: 428 inliers / 495, 13 iterations
[INFO] [1790552737.659986384] [pose_estimator]: RPE: trans 0.2717 | rot 0.00534 (0.216 deg)
Matched 554 keypoints
[INFO] [1790552737.823941676] [pose_estimator]: RANSAC: 485 inliers / 554, 11 iterations
[INFO] [1790552737.824129217] [pose_estimator]: RPE: trans 0.1854 | rot 0.00235 (0.095 deg)
Matched 550 keypoints
[INFO] [1790552737.967316551] [pose_estimator]: RANSAC: 475 inliers / 550, 13 iterations
[INFO] [1790552737.967660926] [pose_estimator]: RPE: trans 0.3397 | rot 0.00721 (0.292 deg)
Matched 547 keypoints
[INFO] [1790552738.115211926] [pose_estimator]: RANSAC: 484 inliers / 547, 10 iterations
[INFO] [1790552738.115383009] [pose_estimator]: RPE: trans 0.1886 | rot 0.00450 (0.182 deg)
Matched 550 keypoints
[INFO] [1790552738.286794718] [pose_estimator]: RANSAC: 497 inliers / 550, 8 iterations
[INFO] [1790552738.288465051] [pose_estimator]: RPE: trans 0.3438 | rot 0.00755 (0.306 deg)
Matched 533 keypoints
[INFO] [1790552738.429717134] [pose_estimator]: RANSAC: 461 inliers / 533, 13 iterations
[INFO] [1790552738.434103968] [pose_estimator]: RPE: trans 0.0180 | rot 0.00133 (0.054 deg)
Matched 596 keypoints
[INFO] [1790552738.574408884] [pose_estimator]: RANSAC: 532 inliers / 596, 9 iterations
[INFO] [1790552738.574576134] [pose_estimator]: RPE: trans 0.5404 | rot 0.01081 (0.438 deg)
Matched 618 keypoints
[INFO] [1790552738.740461759] [pose_estimator]: RANSAC: 558 inliers / 618, 8 iterations
[INFO] [1790552738.744737134] [pose_estimator]: RPE: trans 1.1299 | rot 0.01728 (0.700 deg)
Matched 560 keypoints
[INFO] [1790552738.888114218] [pose_estimator]: RANSAC: 501 inliers / 560, 9 iterations
[INFO] [1790552738.892574551] [pose_estimator]: RPE: trans 0.1750 | rot 0.00512 (0.207 deg)
Matched 585 keypoints
[INFO] [1790552739.029819218] [pose_estimator]: RANSAC: 504 inliers / 585, 17 iterations
[INFO] [1790552739.030007468] [pose_estimator]: RPE: trans 0.0318 | rot 0.00172 (0.070 deg)
Matched 611 keypoints
[INFO] [1790552739.172523593] [pose_estimator]: RANSAC: 560 inliers / 611, 7 iterations
[INFO] [1790552739.177674843] [pose_estimator]: RPE: trans 0.7994 | rot 0.00852 (0.345 deg)
Matched 580 keypoints
[INFO] [1790552739.317114010] [pose_estimator]: RANSAC: 501 inliers / 580, 13 iterations
[INFO] [1790552739.317361426] [pose_estimator]: RPE: trans 0.2567 | rot 0.00626 (0.254 deg)
Matched 597 keypoints
[INFO] [1790552739.462484093] [pose_estimator]: RANSAC: 535 inliers / 597, 9 iterations
[INFO] [1790552739.462689635] [pose_estimator]: RPE: trans 0.3976 | rot 0.01064 (0.431 deg)
Matched 592 keypoints
[INFO] [1790552739.607489635] [pose_estimator]: RANSAC: 525 inliers / 592, 11 iterations
[INFO] [1790552739.610231676] [pose_estimator]: RPE: trans 0.0348 | rot 0.00127 (0.051 deg)
Matched 619 keypoints
[INFO] [1790552739.755716552] [pose_estimator]: RANSAC: 548 inliers / 619, 10 iterations
[INFO] [1790552739.756918427] [pose_estimator]: RPE: trans 0.0315 | rot 0.00138 (0.056 deg)
Matched 617 keypoints
[INFO] [1790552739.970346927] [pose_estimator]: RANSAC: 535 inliers / 617, 12 iterations
[INFO] [1790552739.970530343] [pose_estimator]: RPE: trans 0.3291 | rot 0.01070 (0.434 deg)
Matched 597 keypoints
[INFO] [1790552740.111378552] [pose_estimator]: RANSAC: 508 inliers / 597, 15 iterations
[INFO] [1790552740.111971718] [pose_estimator]: RPE: trans 0.0505 | rot 0.00237 (0.096 deg)
Matched 721 keypoints
[INFO] [1790552740.262431635] [pose_estimator]: RANSAC: 645 inliers / 721, 9 iterations
[INFO] [1790552740.262611718] [pose_estimator]: RPE: trans 0.5024 | rot 0.00536 (0.217 deg)
Matched 668 keypoints
[INFO] [1790552740.404266260] [pose_estimator]: RANSAC: 587 inliers / 668, 11 iterations
[INFO] [1790552740.404451510] [pose_estimator]: RPE: trans 0.0590 | rot 0.00222 (0.090 deg)
Matched 747 keypoints
[INFO] [1790552740.549664844] [pose_estimator]: RANSAC: 676 inliers / 747, 8 iterations
[INFO] [1790552740.551418969] [pose_estimator]: RPE: trans 0.8960 | rot 0.01560 (0.632 deg)
Matched 657 keypoints
[INFO] [1790552740.704518094] [pose_estimator]: RANSAC: 554 inliers / 657, 16 iterations
[INFO] [1790552740.717051010] [pose_estimator]: RPE: trans 0.0597 | rot 0.00243 (0.099 deg)
Matched 597 keypoints
[INFO] [1790552740.868707219] [pose_estimator]: RANSAC: 502 inliers / 597, 17 iterations
[INFO] [1790552740.868889260] [pose_estimator]: RPE: trans 0.0286 | rot 0.00173 (0.070 deg)
Matched 670 keypoints
[INFO] [1790552741.012244344] [pose_estimator]: RANSAC: 586 inliers / 670, 11 iterations
[INFO] [1790552741.014638010] [pose_estimator]: RPE: trans 0.0258 | rot 0.00079 (0.032 deg)
Matched 667 keypoints
[INFO] [1790552741.160947969] [pose_estimator]: RANSAC: 555 inliers / 667, 18 iterations
[INFO] [1790552741.161117552] [pose_estimator]: RPE: trans 0.1375 | rot 0.00417 (0.169 deg)
Matched 654 keypoints
[INFO] [1790552741.307546344] [pose_estimator]: RANSAC: 541 inliers / 654, 19 iterations
[INFO] [1790552741.307715844] [pose_estimator]: RPE: trans 0.0975 | rot 0.00230 (0.093 deg)
Matched 676 keypoints
[INFO] [1790552741.452064761] [pose_estimator]: RANSAC: 597 inliers / 676, 10 iterations
[INFO] [1790552741.484159719] [pose_estimator]: RPE: trans 0.6642 | rot 0.00878 (0.356 deg)
Matched 640 keypoints
[INFO] [1790552741.635841594] [pose_estimator]: RANSAC: 518 inliers / 640, 23 iterations
[INFO] [1790552741.638224761] [pose_estimator]: RPE: trans 0.1182 | rot 0.00304 (0.123 deg)
Matched 647 keypoints
[INFO] [1790552741.832391678] [pose_estimator]: RANSAC: 547 inliers / 647, 19 iterations
[INFO] [1790552741.838921136] [pose_estimator]: RPE: trans 0.0328 | rot 0.00179 (0.072 deg)
Matched 677 keypoints
[INFO] [1790552741.982800428] [pose_estimator]: RANSAC: 568 inliers / 677, 17 iterations
[INFO] [1790552741.984346136] [pose_estimator]: RPE: trans 0.0086 | rot 0.00051 (0.021 deg)
Matched 669 keypoints
[INFO] [1790552742.140760178] [pose_estimator]: RANSAC: 567 inliers / 669, 15 iterations
[INFO] [1790552742.140967178] [pose_estimator]: RPE: trans 0.4387 | rot 0.01193 (0.483 deg)
Matched 641 keypoints
[INFO] [1790552742.289238344] [pose_estimator]: RANSAC: 537 inliers / 641, 17 iterations
[INFO] [1790552742.291230803] [pose_estimator]: RPE: trans 0.0486 | rot 0.00073 (0.030 deg)
Matched 637 keypoints
[INFO] [1790552742.574190303] [pose_estimator]: RANSAC: 546 inliers / 637, 14 iterations
[INFO] [1790552742.574370928] [pose_estimator]: RPE: trans 0.7465 | rot 0.01589 (0.644 deg)
Matched 564 keypoints
[INFO] [1790552742.729967595] [pose_estimator]: RANSAC: 472 inliers / 564, 18 iterations
[INFO] [1790552742.730439636] [pose_estimator]: RPE: trans 0.0704 | rot 0.00325 (0.132 deg)
Matched 630 keypoints
[INFO] [1790552742.888116678] [pose_estimator]: RANSAC: 522 inliers / 630, 19 iterations
[INFO] [1790552742.890349095] [pose_estimator]: RPE: trans 0.0303 | rot 0.00132 (0.053 deg)
Matched 642 keypoints
[INFO] [1790552743.080897095] [pose_estimator]: RANSAC: 517 inliers / 642, 24 iterations
[INFO] [1790552743.122964720] [pose_estimator]: RPE: trans 0.1328 | rot 0.00370 (0.150 deg)
Matched 664 keypoints
[INFO] [1790552743.300406220] [pose_estimator]: RANSAC: 538 inliers / 664, 23 iterations
[INFO] [1790552743.319790845] [pose_estimator]: RPE: trans 0.0930 | rot 0.00208 (0.084 deg)
Matched 669 keypoints
[INFO] [1790552743.496212095] [pose_estimator]: RANSAC: 556 inliers / 669, 18 iterations
[INFO] [1790552743.496399762] [pose_estimator]: RPE: trans 0.5057 | rot 0.00976 (0.396 deg)
Matched 639 keypoints
[INFO] [1790552743.640093053] [pose_estimator]: RANSAC: 527 inliers / 639, 20 iterations
[INFO] [1790552743.646524803] [pose_estimator]: RPE: trans 0.1604 | rot 0.00344 (0.139 deg)
Matched 647 keypoints
[INFO] [1790552743.820428095] [pose_estimator]: RANSAC: 548 inliers / 647, 15 iterations
[INFO] [1790552743.820702387] [pose_estimator]: RPE: trans 0.0707 | rot 0.00160 (0.065 deg)
Matched 641 keypoints
[INFO] [1790552743.968641970] [pose_estimator]: RANSAC: 504 inliers / 641, 30 iterations
[INFO] [1790552743.974091179] [pose_estimator]: RPE: trans 0.2660 | rot 0.00963 (0.390 deg)
Matched 649 keypoints
[INFO] [1790552744.283410095] [pose_estimator]: RANSAC: 532 inliers / 649, 22 iterations
[INFO] [1790552744.285394679] [pose_estimator]: RPE: trans 0.0433 | rot 0.00169 (0.069 deg)
Matched 623 keypoints
[INFO] [1790552744.449602762] [pose_estimator]: RANSAC: 507 inliers / 623, 22 iterations
[INFO] [1790552744.457871970] [pose_estimator]: RPE: trans 0.0782 | rot 0.00312 (0.127 deg)
Matched 706 keypoints
[INFO] [1790552744.649232846] [pose_estimator]: RANSAC: 589 inliers / 706, 18 iterations
[INFO] [1790552744.653017096] [pose_estimator]: RPE: trans 0.7397 | rot 0.01617 (0.655 deg)
Matched 672 keypoints
[INFO] [1790552744.812276721] [pose_estimator]: RANSAC: 575 inliers / 672, 14 iterations
[INFO] [1790552744.828367721] [pose_estimator]: RPE: trans 0.0921 | rot 0.00160 (0.065 deg)
Matched 662 keypoints
[INFO] [1790552745.053235096] [pose_estimator]: RANSAC: 564 inliers / 662, 15 iterations
[INFO] [1790552745.083516346] [pose_estimator]: RPE: trans 0.0327 | rot 0.00210 (0.085 deg)
Matched 674 keypoints
[INFO] [1790552745.251707263] [pose_estimator]: RANSAC: 580 inliers / 674, 14 iterations
[INFO] [1790552745.256970513] [pose_estimator]: RPE: trans 0.0225 | rot 0.00089 (0.036 deg)
Matched 725 keypoints
[INFO] [1790552745.412176596] [pose_estimator]: RANSAC: 614 inliers / 725, 15 iterations
[INFO] [1790552745.412424929] [pose_estimator]: RPE: trans 0.0501 | rot 0.00144 (0.058 deg)
Matched 693 keypoints
[INFO] [1790552745.565592429] [pose_estimator]: RANSAC: 600 inliers / 693, 13 iterations
[INFO] [1790552745.566105721] [pose_estimator]: RPE: trans 0.0256 | rot 0.00095 (0.039 deg)
Matched 668 keypoints
[INFO] [1790552745.728027638] [pose_estimator]: RANSAC: 570 inliers / 668, 18 iterations
[INFO] [1790552745.728319804] [pose_estimator]: RPE: trans 0.0165 | rot 0.00058 (0.023 deg)
Matched 729 keypoints
[INFO] [1790552745.895147346] [pose_estimator]: RANSAC: 634 inliers / 729, 12 iterations
[INFO] [1790552745.896242304] [pose_estimator]: RPE: trans 0.0384 | rot 0.00113 (0.046 deg)
Matched 760 keypoints
[INFO] [1790552746.058250221] [pose_estimator]: RANSAC: 649 inliers / 760, 14 iterations
[INFO] [1790552746.058472555] [pose_estimator]: RPE: trans 0.1554 | rot 0.00459 (0.186 deg)
Matched 721 keypoints
[INFO] [1790552746.215177805] [pose_estimator]: RANSAC: 603 inliers / 721, 19 iterations
[INFO] [1790552746.215361013] [pose_estimator]: RPE: trans 0.0733 | rot 0.00262 (0.106 deg)
Matched 688 keypoints
[INFO] [1790552746.359345055] [pose_estimator]: RANSAC: 560 inliers / 688, 22 iterations
[INFO] [1790552746.361214888] [pose_estimator]: RPE: trans 0.0907 | rot 0.00267 (0.108 deg)
Matched 629 keypoints
[INFO] [1790552746.556098763] [pose_estimator]: RANSAC: 528 inliers / 629, 17 iterations
[INFO] [1790552746.556369846] [pose_estimator]: RPE: trans 0.2257 | rot 0.01056 (0.428 deg)
Matched 742 keypoints
[INFO] [1790552746.722293597] [pose_estimator]: RANSAC: 615 inliers / 742, 19 iterations
[INFO] [1790552746.722462013] [pose_estimator]: RPE: trans 0.0810 | rot 0.00199 (0.081 deg)
Matched 685 keypoints
[INFO] [1790552746.881482097] [pose_estimator]: RANSAC: 582 inliers / 685, 15 iterations
[INFO] [1790552746.885354763] [pose_estimator]: RPE: trans 0.0324 | rot 0.00040 (0.016 deg)
Matched 676 keypoints
[INFO] [1790552747.039460430] [pose_estimator]: RANSAC: 557 inliers / 676, 20 iterations
[INFO] [1790552747.039675972] [pose_estimator]: RPE: trans 0.0697 | rot 0.00231 (0.094 deg)
Matched 657 keypoints
[INFO] [1790552747.185286847] [pose_estimator]: RANSAC: 574 inliers / 657, 12 iterations
[INFO] [1790552747.187295555] [pose_estimator]: RPE: trans 0.1358 | rot 0.00594 (0.241 deg)
Matched 602 keypoints
[INFO] [1790552747.331394972] [pose_estimator]: RANSAC: 516 inliers / 602, 14 iterations
[INFO] [1790552747.331610097] [pose_estimator]: RPE: trans 0.0105 | rot 0.00167 (0.068 deg)
Matched 717 keypoints
[INFO] [1790552747.497471680] [pose_estimator]: RANSAC: 614 inliers / 717, 14 iterations
[INFO] [1790552747.497653639] [pose_estimator]: RPE: trans 0.7067 | rot 0.00974 (0.395 deg)
Matched 631 keypoints
[INFO] [1790552747.643056014] [pose_estimator]: RANSAC: 539 inliers / 631, 17 iterations
[INFO] [1790552747.645738430] [pose_estimator]: RPE: trans 0.0443 | rot 0.00069 (0.028 deg)
Matched 670 keypoints
[INFO] [1790552747.792014639] [pose_estimator]: RANSAC: 575 inliers / 670, 16 iterations
[INFO] [1790552747.792218972] [pose_estimator]: RPE: trans 0.2526 | rot 0.00471 (0.191 deg)
Matched 649 keypoints
[INFO] [1790552747.931305264] [pose_estimator]: RANSAC: 550 inliers / 649, 15 iterations
[INFO] [1790552747.931487555] [pose_estimator]: RPE: trans 0.2416 | rot 0.00509 (0.206 deg)
Matched 585 keypoints
[INFO] [1790552748.074671125] [pose_estimator]: RANSAC: 493 inliers / 585, 16 iterations
[INFO] [1790552748.077318458] [pose_estimator]: RPE: trans 0.4400 | rot 0.00862 (0.349 deg)
Matched 558 keypoints
[INFO] [1790552748.250683083] [pose_estimator]: RANSAC: 478 inliers / 558, 17 iterations
[INFO] [1790552748.255761583] [pose_estimator]: RPE: trans 0.3463 | rot 0.01263 (0.511 deg)
Matched 492 keypoints
[INFO] [1790552748.418882875] [pose_estimator]: RANSAC: 420 inliers / 492, 14 iterations
[INFO] [1790552748.419063541] [pose_estimator]: RPE: trans 0.0142 | rot 0.00176 (0.071 deg)
Matched 569 keypoints
[INFO] [1790552748.562822000] [pose_estimator]: RANSAC: 482 inliers / 569, 17 iterations
[INFO] [1790552748.578512041] [pose_estimator]: RPE: trans 0.1412 | rot 0.00329 (0.133 deg)
Matched 522 keypoints
[INFO] [1790552748.740647250] [pose_estimator]: RANSAC: 445 inliers / 522, 15 iterations
[INFO] [1790552748.740830042] [pose_estimator]: RPE: trans 0.0157 | rot 0.00048 (0.019 deg)
Matched 539 keypoints
[INFO] [1790552748.878540292] [pose_estimator]: RANSAC: 456 inliers / 539, 16 iterations
[INFO] [1790552748.878747125] [pose_estimator]: RPE: trans 0.3811 | rot 0.00908 (0.368 deg)
Matched 556 keypoints
[INFO] [1790552749.020545417] [pose_estimator]: RANSAC: 479 inliers / 556, 13 iterations
[INFO] [1790552749.023760833] [pose_estimator]: RPE: trans 1.1161 | rot 0.02702 (1.095 deg)
Matched 571 keypoints
[INFO] [1790552749.166888083] [pose_estimator]: RANSAC: 459 inliers / 571, 25 iterations
[INFO] [1790552749.167070917] [pose_estimator]: RPE: trans 1.2687 | rot 0.04090 (1.657 deg)
Matched 587 keypoints
[INFO] [1790552749.334237750] [pose_estimator]: RANSAC: 505 inliers / 587, 13 iterations
[INFO] [1790552749.337171750] [pose_estimator]: RPE: trans 0.6367 | rot 0.00634 (0.257 deg)
Matched 534 keypoints
[INFO] [1790552749.479323542] [pose_estimator]: RANSAC: 455 inliers / 534, 15 iterations
[INFO] [1790552749.485281792] [pose_estimator]: RPE: trans 0.3896 | rot 0.00817 (0.331 deg)
Matched 619 keypoints
[INFO] [1790552749.628080959] [pose_estimator]: RANSAC: 500 inliers / 619, 24 iterations
[INFO] [1790552749.628258209] [pose_estimator]: RPE: trans 1.1622 | rot 0.02844 (1.152 deg)
Matched 591 keypoints
[INFO] [1790552749.763415750] [pose_estimator]: RANSAC: 500 inliers / 591, 16 iterations
[INFO] [1790552749.763583584] [pose_estimator]: RPE: trans 0.7010 | rot 0.00806 (0.327 deg)
Matched 573 keypoints
[INFO] [1790552749.913597167] [pose_estimator]: RANSAC: 497 inliers / 573, 12 iterations
[INFO] [1790552749.918994500] [pose_estimator]: RPE: trans 0.2553 | rot 0.00416 (0.169 deg)
Matched 523 keypoints
[INFO] [1790552750.061779250] [pose_estimator]: RANSAC: 456 inliers / 523, 12 iterations
[INFO] [1790552750.061967625] [pose_estimator]: RPE: trans 0.4216 | rot 0.00877 (0.355 deg)
Matched 612 keypoints
[INFO] [1790552750.203545959] [pose_estimator]: RANSAC: 521 inliers / 612, 15 iterations
[INFO] [1790552750.203775917] [pose_estimator]: RPE: trans 1.7238 | rot 0.01947 (0.789 deg)
Matched 512 keypoints
[INFO] [1790552750.347696792] [pose_estimator]: RANSAC: 436 inliers / 512, 15 iterations
[INFO] [1790552750.379063251] [pose_estimator]: RPE: trans 0.2636 | rot 0.00611 (0.247 deg)
Matched 492 keypoints
[INFO] [1790552750.523581626] [pose_estimator]: RANSAC: 410 inliers / 492, 18 iterations
[INFO] [1790552750.523753167] [pose_estimator]: RPE: trans 0.1088 | rot 0.00199 (0.080 deg)
Matched 441 keypoints
[INFO] [1790552750.666459626] [pose_estimator]: RANSAC: 368 inliers / 441, 18 iterations
[INFO] [1790552750.666656251] [pose_estimator]: RPE: trans 0.6582 | rot 0.02738 (1.109 deg)
Matched 495 keypoints
[INFO] [1790552750.811527043] [pose_estimator]: RANSAC: 439 inliers / 495, 10 iterations
[INFO] [1790552750.812660626] [pose_estimator]: RPE: trans 0.7644 | rot 0.00751 (0.304 deg)
Matched 443 keypoints
[INFO] [1790552750.954263293] [pose_estimator]: RANSAC: 373 inliers / 443, 16 iterations
[INFO] [1790552750.961616959] [pose_estimator]: RPE: trans 0.4884 | rot 0.01036 (0.420 deg)
Matched 448 keypoints
[INFO] [1790552751.094090543] [pose_estimator]: RANSAC: 365 inliers / 448, 22 iterations
[INFO] [1790552751.094273001] [pose_estimator]: RPE: trans 0.5716 | rot 0.00834 (0.338 deg)
Matched 459 keypoints
[INFO] [1790552751.234078668] [pose_estimator]: RANSAC: 395 inliers / 459, 20 iterations
[INFO] [1790552751.237579584] [pose_estimator]: RPE: trans 0.4787 | rot 0.00624 (0.253 deg)
Matched 443 keypoints
[INFO] [1790552751.380880168] [pose_estimator]: RANSAC: 354 inliers / 443, 26 iterations
[INFO] [1790552751.387458959] [pose_estimator]: RPE: trans 0.4880 | rot 0.00960 (0.389 deg)
Matched 409 keypoints
[INFO] [1790552751.522254335] [pose_estimator]: RANSAC: 342 inliers / 409, 18 iterations
[INFO] [1790552751.522430126] [pose_estimator]: RPE: trans 0.7957 | rot 0.01793 (0.726 deg)
Matched 378 keypoints
[INFO] [1790552751.649538251] [pose_estimator]: RANSAC: 306 inliers / 378, 23 iterations
[INFO] [1790552751.650045751] [pose_estimator]: RPE: trans 0.5429 | rot 0.00798 (0.323 deg)
Matched 345 keypoints
[INFO] [1790552751.781091585] [pose_estimator]: RANSAC: 294 inliers / 345, 15 iterations
[INFO] [1790552751.781278335] [pose_estimator]: RPE: trans 0.7983 | rot 0.01767 (0.716 deg)
Matched 373 keypoints
[INFO] [1790552751.909384168] [pose_estimator]: RANSAC: 305 inliers / 373, 21 iterations
[INFO] [1790552751.909555751] [pose_estimator]: RPE: trans 0.8754 | rot 0.00969 (0.393 deg)
Matched 333 keypoints
[INFO] [1790552752.033858251] [pose_estimator]: RANSAC: 279 inliers / 333, 17 iterations
[INFO] [1790552752.036788918] [pose_estimator]: RPE: trans 0.9842 | rot 0.01123 (0.455 deg)
Matched 283 keypoints
[INFO] [1790552752.175713543] [pose_estimator]: RANSAC: 222 inliers / 283, 30 iterations
[INFO] [1790552752.182134043] [pose_estimator]: RPE: trans 1.0223 | rot 0.01336 (0.541 deg)
Matched 294 keypoints
[INFO] [1790552752.308331710] [pose_estimator]: RANSAC: 227 inliers / 294, 35 iterations
[INFO] [1790552752.308515377] [pose_estimator]: RPE: trans 0.9419 | rot 0.01833 (0.743 deg)
Matched 297 keypoints
[INFO] [1790552752.430651168] [pose_estimator]: RANSAC: 248 inliers / 297, 29 iterations
[INFO] [1790552752.432389627] [pose_estimator]: RPE: trans 1.1970 | rot 0.01177 (0.477 deg)
Matched 275 keypoints
[INFO] [1790552752.556453210] [pose_estimator]: RANSAC: 233 inliers / 275, 15 iterations
[INFO] [1790552752.561819002] [pose_estimator]: RPE: trans 1.2353 | rot 0.01737 (0.704 deg)
Matched 296 keypoints
[INFO] [1790552752.701457502] [pose_estimator]: RANSAC: 243 inliers / 296, 20 iterations
[INFO] [1790552752.701641168] [pose_estimator]: RPE: trans 1.2142 | rot 0.01079 (0.437 deg)
Matched 330 keypoints
[INFO] [1790552752.821060377] [pose_estimator]: RANSAC: 262 inliers / 330, 27 iterations
[INFO] [1790552752.821256918] [pose_estimator]: RPE: trans 1.0656 | rot 0.01154 (0.468 deg)
Matched 293 keypoints
[INFO] [1790552752.947296377] [pose_estimator]: RANSAC: 248 inliers / 293, 16 iterations
[INFO] [1790552752.949480252] [pose_estimator]: RPE: trans 1.1609 | rot 0.00927 (0.376 deg)
Matched 330 keypoints
[INFO] [1790552753.076601377] [pose_estimator]: RANSAC: 270 inliers / 330, 21 iterations
[INFO] [1790552753.076755210] [pose_estimator]: RPE: trans 1.1193 | rot 0.00711 (0.288 deg)
Matched 293 keypoints
[INFO] [1790552753.208076252] [pose_estimator]: RANSAC: 240 inliers / 293, 21 iterations
[INFO] [1790552753.208255085] [pose_estimator]: RPE: trans 0.6528 | rot 0.00744 (0.302 deg)
Matched 279 keypoints
[INFO] [1790552753.324372877] [pose_estimator]: RANSAC: 221 inliers / 279, 28 iterations
[INFO] [1790552753.324812919] [pose_estimator]: RPE: trans 0.4071 | rot 0.01189 (0.482 deg)
Matched 325 keypoints
[INFO] [1790552753.443014419] [pose_estimator]: RANSAC: 288 inliers / 325, 10 iterations
[INFO] [1790552753.443574544] [pose_estimator]: RPE: trans 0.5020 | rot 0.00639 (0.259 deg)
Matched 256 keypoints
[INFO] [1790552753.574304002] [pose_estimator]: RANSAC: 196 inliers / 256, 37 iterations
[INFO] [1790552753.574486627] [pose_estimator]: RPE: trans 0.2334 | rot 0.00822 (0.333 deg)
Matched 309 keypoints
[INFO] [1790552753.694386919] [pose_estimator]: RANSAC: 262 inliers / 309, 15 iterations
[INFO] [1790552753.694572044] [pose_estimator]: RPE: trans 0.8418 | rot 0.01455 (0.589 deg)
Matched 255 keypoints
[INFO] [1790552753.819834169] [pose_estimator]: RANSAC: 209 inliers / 255, 21 iterations
[INFO] [1790552753.820380502] [pose_estimator]: RPE: trans 0.2556 | rot 0.00902 (0.365 deg)
Matched 255 keypoints
[INFO] [1790552753.942772544] [pose_estimator]: RANSAC: 211 inliers / 255, 21 iterations
[INFO] [1790552753.948576919] [pose_estimator]: RPE: trans 0.2736 | rot 0.00553 (0.224 deg)
Matched 226 keypoints
[INFO] [1790552754.063451836] [pose_estimator]: RANSAC: 181 inliers / 226, 25 iterations
[INFO] [1790552754.063628711] [pose_estimator]: RPE: trans 0.2166 | rot 0.01186 (0.480 deg)
Matched 235 keypoints
[INFO] [1790552754.179863419] [pose_estimator]: RANSAC: 173 inliers / 235, 52 iterations
[INFO] [1790552754.182035669] [pose_estimator]: RPE: trans 0.2485 | rot 0.01104 (0.447 deg)
Matched 210 keypoints
[INFO] [1790552754.326003086] [pose_estimator]: RANSAC: 173 inliers / 210, 20 iterations
[INFO] [1790552754.332202794] [pose_estimator]: RPE: trans 0.0327 | rot 0.00043 (0.017 deg)
Matched 224 keypoints
[INFO] [1790552754.464567919] [pose_estimator]: RANSAC: 183 inliers / 224, 46 iterations
[INFO] [1790552754.464761628] [pose_estimator]: RPE: trans 0.2314 | rot 0.00417 (0.169 deg)
Matched 207 keypoints
[INFO] [1790552754.574145044] [pose_estimator]: RANSAC: 172 inliers / 207, 18 iterations
[INFO] [1790552754.574319211] [pose_estimator]: RPE: trans 0.0782 | rot 0.00452 (0.183 deg)
Matched 234 keypoints
[INFO] [1790552754.703754253] [pose_estimator]: RANSAC: 194 inliers / 234, 19 iterations
[INFO] [1790552754.706127961] [pose_estimator]: RPE: trans 0.0731 | rot 0.00297 (0.120 deg)
Matched 178 keypoints
[INFO] [1790552754.821442544] [pose_estimator]: RANSAC: 148 inliers / 178, 18 iterations
[INFO] [1790552754.821613128] [pose_estimator]: RPE: trans 0.1448 | rot 0.00619 (0.251 deg)
Matched 241 keypoints
[INFO] [1790552754.954548086] [pose_estimator]: RANSAC: 208 inliers / 241, 13 iterations
[INFO] [1790552754.954702836] [pose_estimator]: RPE: trans 0.3664 | rot 0.01016 (0.411 deg)
Matched 190 keypoints
[INFO] [1790552755.075073503] [pose_estimator]: RANSAC: 152 inliers / 190, 26 iterations
[INFO] [1790552755.075262545] [pose_estimator]: RPE: trans 0.0322 | rot 0.00136 (0.055 deg)
Matched 235 keypoints
[INFO] [1790552755.198600670] [pose_estimator]: RANSAC: 187 inliers / 235, 28 iterations
[INFO] [1790552755.204440336] [pose_estimator]: RPE: trans 0.2527 | rot 0.00830 (0.336 deg)
Matched 230 keypoints
[INFO] [1790552755.324950170] [pose_estimator]: RANSAC: 195 inliers / 230, 15 iterations
[INFO] [1790552755.325132170] [pose_estimator]: RPE: trans 0.1531 | rot 0.00872 (0.353 deg)
Matched 218 keypoints
[INFO] [1790552755.435280045] [pose_estimator]: RANSAC: 184 inliers / 218, 16 iterations
[INFO] [1790552755.435448836] [pose_estimator]: RPE: trans 0.1211 | rot 0.00496 (0.201 deg)
Matched 188 keypoints
[INFO] [1790552755.550035253] [pose_estimator]: RANSAC: 146 inliers / 188, 33 iterations
[INFO] [1790552755.553000003] [pose_estimator]: RPE: trans 0.1912 | rot 0.01473 (0.597 deg)
Matched 188 keypoints
[INFO] [1790552755.685793712] [pose_estimator]: RANSAC: 146 inliers / 188, 33 iterations
[INFO] [1790552755.687149087] [pose_estimator]: RPE: trans 0.2343 | rot 0.02505 (1.015 deg)
Matched 237 keypoints
[INFO] [1790552755.806873003] [pose_estimator]: RANSAC: 196 inliers / 237, 19 iterations
[INFO] [1790552755.807050670] [pose_estimator]: RPE: trans 0.3497 | rot 0.03063 (1.241 deg)
Matched 301 keypoints
[INFO] [1790552755.928566128] [pose_estimator]: RANSAC: 252 inliers / 301, 18 iterations
[INFO] [1790552755.931373753] [pose_estimator]: RPE: trans 0.3837 | rot 0.01014 (0.411 deg)
Matched 266 keypoints
[INFO] [1790552756.055848045] [pose_estimator]: RANSAC: 209 inliers / 266, 30 iterations
[INFO] [1790552756.056015462] [pose_estimator]: RPE: trans 0.1943 | rot 0.00938 (0.380 deg)
Matched 324 keypoints
[INFO] [1790552756.178716503] [pose_estimator]: RANSAC: 252 inliers / 324, 33 iterations
[INFO] [1790552756.178962962] [pose_estimator]: RPE: trans 0.4719 | rot 0.01830 (0.741 deg)
Matched 288 keypoints
[INFO] [1790552756.302078462] [pose_estimator]: RANSAC: 221 inliers / 288, 36 iterations
[INFO] [1790552756.302253295] [pose_estimator]: RPE: trans 0.0639 | rot 0.00305 (0.123 deg)
Matched 271 keypoints
[INFO] [1790552756.419796462] [pose_estimator]: RANSAC: 207 inliers / 271, 38 iterations
[INFO] [1790552756.422820462] [pose_estimator]: RPE: trans 0.0747 | rot 0.00547 (0.222 deg)
Matched 368 keypoints
[INFO] [1790552756.550230504] [pose_estimator]: RANSAC: 288 inliers / 368, 31 iterations
[INFO] [1790552756.550400462] [pose_estimator]: RPE: trans 0.6446 | rot 0.01188 (0.481 deg)
Matched 331 keypoints
[INFO] [1790552756.672964920] [pose_estimator]: RANSAC: 263 inliers / 331, 35 iterations
[INFO] [1790552756.673135379] [pose_estimator]: RPE: trans 0.3554 | rot 0.01251 (0.507 deg)
Matched 292 keypoints
[INFO] [1790552756.796158462] [pose_estimator]: RANSAC: 218 inliers / 292, 62 iterations
[INFO] [1790552756.804427962] [pose_estimator]: RPE: trans 0.1241 | rot 0.00472 (0.191 deg)
Matched 239 keypoints
[INFO] [1790552756.926246087] [pose_estimator]: RANSAC: 164 inliers / 239, 92 iterations
[INFO] [1790552756.926401670] [pose_estimator]: RPE: trans 0.3251 | rot 0.01551 (0.628 deg)
Matched 196 keypoints
[INFO] [1790552757.054968087] [pose_estimator]: RANSAC: 123 inliers / 196, 218 iterations
[INFO] [1790552757.055155212] [pose_estimator]: RPE: trans 0.0384 | rot 0.00184 (0.074 deg)
Matched 187 keypoints
[INFO] [1790552757.186642462] [pose_estimator]: RANSAC: 124 inliers / 187, 121 iterations
[INFO] [1790552757.187360504] [pose_estimator]: RPE: trans 0.3700 | rot 0.01239 (0.502 deg)
Matched 163 keypoints
[INFO] [1790552757.315426921] [pose_estimator]: RANSAC: 116 inliers / 163, 68 iterations
[INFO] [1790552757.322075796] [pose_estimator]: RPE: trans 1.1072 | rot 0.06403 (2.594 deg)
Matched 149 keypoints
[INFO] [1790552757.432927212] [pose_estimator]: RANSAC: 124 inliers / 149, 20 iterations
[INFO] [1790552757.433092921] [pose_estimator]: RPE: trans 1.1877 | rot 0.06121 (2.480 deg)
Matched 152 keypoints
[INFO] [1790552757.539341462] [pose_estimator]: RANSAC: 111 inliers / 152, 63 iterations
[INFO] [1790552757.539541796] [pose_estimator]: RPE: trans 1.1527 | rot 0.09985 (4.046 deg)
Matched 174 keypoints
[INFO] [1790552757.644671004] [pose_estimator]: RANSAC: 148 inliers / 174, 15 iterations
[INFO] [1790552757.655365379] [pose_estimator]: RPE: trans 1.0596 | rot 0.02423 (0.982 deg)
Matched 137 keypoints
[INFO] [1790552757.852282129] [pose_estimator]: RANSAC: 103 inliers / 137, 43 iterations
[INFO] [1790552757.852488713] [pose_estimator]: RPE: trans 1.0817 | rot 0.06260 (2.536 deg)
Matched 145 keypoints
[INFO] [1790552757.958544796] [pose_estimator]: RANSAC: 108 inliers / 145, 53 iterations
[INFO] [1790552757.958711213] [pose_estimator]: RPE: trans 1.2338 | rot 0.06572 (2.663 deg)
Matched 155 keypoints
[INFO] [1790552758.082721421] [pose_estimator]: RANSAC: 131 inliers / 155, 16 iterations
[INFO] [1790552758.093111379] [pose_estimator]: RPE: trans 1.1030 | rot 0.02359 (0.956 deg)
Matched 155 keypoints
[INFO] [1790552758.227293713] [pose_estimator]: RANSAC: 128 inliers / 155, 19 iterations
[INFO] [1790552758.238506088] [pose_estimator]: RPE: trans 0.8208 | rot 0.02060 (0.835 deg)
Matched 152 keypoints
[INFO] [1790552758.351651963] [pose_estimator]: RANSAC: 118 inliers / 152, 33 iterations
[INFO] [1790552758.351841588] [pose_estimator]: RPE: trans 1.0641 | rot 0.07517 (3.046 deg)
Matched 163 keypoints
[INFO] [1790552758.468558380] [pose_estimator]: RANSAC: 133 inliers / 163, 22 iterations
[INFO] [1790552758.468742880] [pose_estimator]: RPE: trans 1.2223 | rot 0.03401 (1.378 deg)
Matched 145 keypoints
[INFO] [1790552758.579787463] [pose_estimator]: RANSAC: 121 inliers / 145, 18 iterations
[INFO] [1790552758.583488255] [pose_estimator]: RPE: trans 1.0879 | rot 0.04982 (2.019 deg)
Matched 147 keypoints
[INFO] [1790552758.727722213] [pose_estimator]: RANSAC: 117 inliers / 147, 27 iterations
[INFO] [1790552758.727894171] [pose_estimator]: RPE: trans 0.0530 | rot 0.00170 (0.069 deg)
Matched 185 keypoints
[INFO] [1790552758.833780005] [pose_estimator]: RANSAC: 152 inliers / 185, 20 iterations
[INFO] [1790552758.833965796] [pose_estimator]: RPE: trans 0.5641 | rot 0.02218 (0.899 deg)
Matched 240 keypoints
[INFO] [1790552758.941630213] [pose_estimator]: RANSAC: 214 inliers / 240, 10 iterations
[INFO] [1790552758.944818005] [pose_estimator]: RPE: trans 1.3973 | rot 0.01737 (0.704 deg)
Matched 237 keypoints
[INFO] [1790552759.067381171] [pose_estimator]: RANSAC: 211 inliers / 237, 10 iterations
[INFO] [1790552759.067837588] [pose_estimator]: RPE: trans 0.1792 | rot 0.00571 (0.231 deg)
Matched 262 keypoints
[INFO] [1790552759.185904755] [pose_estimator]: RANSAC: 235 inliers / 262, 9 iterations
[INFO] [1790552759.186085838] [pose_estimator]: RPE: trans 1.2803 | rot 0.02705 (1.096 deg)
Matched 275 keypoints
[INFO] [1790552759.300075588] [pose_estimator]: RANSAC: 240 inliers / 275, 12 iterations
[INFO] [1790552759.300230338] [pose_estimator]: RPE: trans 1.2969 | rot 0.03162 (1.281 deg)
Matched 275 keypoints
[INFO] [1790552759.416446130] [pose_estimator]: RANSAC: 229 inliers / 275, 18 iterations
[INFO] [1790552759.419518213] [pose_estimator]: RPE: trans 0.6614 | rot 0.02938 (1.190 deg)
Matched 309 keypoints
[INFO] [1790552759.548634463] [pose_estimator]: RANSAC: 272 inliers / 309, 11 iterations
[INFO] [1790552759.551146297] [pose_estimator]: RPE: trans 0.2341 | rot 0.00487 (0.197 deg)
Matched 383 keypoints
[INFO] [1790552759.678054297] [pose_estimator]: RANSAC: 321 inliers / 383, 17 iterations
[INFO] [1790552759.678254797] [pose_estimator]: RPE: trans 0.0923 | rot 0.00230 (0.093 deg)
Matched 342 keypoints
[INFO] [1790552759.802346088] [pose_estimator]: RANSAC: 300 inliers / 342, 11 iterations
[INFO] [1790552759.806170422] [pose_estimator]: RPE: trans 0.0641 | rot 0.00197 (0.080 deg)
Matched 364 keypoints
[INFO] [1790552759.955210255] [pose_estimator]: RANSAC: 330 inliers / 364, 8 iterations
[INFO] [1790552759.969412297] [pose_estimator]: RPE: trans 0.5632 | rot 0.01270 (0.515 deg)
Matched 388 keypoints
[INFO] [1790552760.092999089] [pose_estimator]: RANSAC: 343 inliers / 388, 13 iterations
[INFO] [1790552760.093190505] [pose_estimator]: RPE: trans 1.2569 | rot 0.01551 (0.628 deg)
Matched 359 keypoints
[INFO] [1790552760.215827130] [pose_estimator]: RANSAC: 327 inliers / 359, 11 iterations
[INFO] [1790552760.216028630] [pose_estimator]: RPE: trans 0.5447 | rot 0.01447 (0.586 deg)
Matched 363 keypoints
[INFO] [1790552760.338552172] [pose_estimator]: RANSAC: 304 inliers / 363, 17 iterations
[INFO] [1790552760.338730464] [pose_estimator]: RPE: trans 0.2668 | rot 0.00490 (0.198 deg)
Matched 336 keypoints
[INFO] [1790552760.468760505] [pose_estimator]: RANSAC: 306 inliers / 336, 8 iterations
[INFO] [1790552760.468958089] [pose_estimator]: RPE: trans 0.4248 | rot 0.00851 (0.345 deg)
Matched 373 keypoints
[INFO] [1790552760.588976172] [pose_estimator]: RANSAC: 321 inliers / 373, 13 iterations
[INFO] [1790552760.590546464] [pose_estimator]: RPE: trans 1.6215 | rot 0.02953 (1.196 deg)
Matched 317 keypoints
[INFO] [1790552760.710752131] [pose_estimator]: RANSAC: 271 inliers / 317, 14 iterations
[INFO] [1790552760.713162422] [pose_estimator]: RPE: trans 0.3413 | rot 0.00874 (0.354 deg)
Matched 305 keypoints
[INFO] [1790552760.884219881] [pose_estimator]: RANSAC: 271 inliers / 305, 10 iterations
[INFO] [1790552760.884789881] [pose_estimator]: RPE: trans 0.1587 | rot 0.00550 (0.223 deg)
Matched 360 keypoints
[INFO] [1790552761.006783006] [pose_estimator]: RANSAC: 312 inliers / 360, 13 iterations
[INFO] [1790552761.007016131] [pose_estimator]: RPE: trans 0.4807 | rot 0.00981 (0.397 deg)
Matched 354 keypoints
[INFO] [1790552761.151556381] [pose_estimator]: RANSAC: 313 inliers / 354, 10 iterations
[INFO] [1790552761.151821214] [pose_estimator]: RPE: trans 0.1400 | rot 0.00499 (0.202 deg)
Matched 361 keypoints
[INFO] [1790552761.285502173] [pose_estimator]: RANSAC: 307 inliers / 361, 15 iterations
[INFO] [1790552761.285763423] [pose_estimator]: RPE: trans 0.2293 | rot 0.01127 (0.456 deg)
Matched 342 keypoints
[INFO] [1790552761.414737589] [pose_estimator]: RANSAC: 301 inliers / 342, 11 iterations
[INFO] [1790552761.414924131] [pose_estimator]: RPE: trans 0.3220 | rot 0.01060 (0.429 deg)
Matched 401 keypoints
[INFO] [1790552761.545118548] [pose_estimator]: RANSAC: 350 inliers / 401, 12 iterations
[INFO] [1790552761.545292006] [pose_estimator]: RPE: trans 0.2406 | rot 0.00479 (0.194 deg)
Matched 359 keypoints
[INFO] [1790552761.665033298] [pose_estimator]: RANSAC: 315 inliers / 359, 12 iterations
[INFO] [1790552761.665177006] [pose_estimator]: RPE: trans 0.3065 | rot 0.00775 (0.314 deg)
Matched 382 keypoints
[INFO] [1790552761.791175756] [pose_estimator]: RANSAC: 330 inliers / 382, 13 iterations
[INFO] [1790552761.791329548] [pose_estimator]: RPE: trans 0.2524 | rot 0.00766 (0.310 deg)
Matched 358 keypoints
[INFO] [1790552761.907020298] [pose_estimator]: RANSAC: 325 inliers / 358, 10 iterations
[INFO] [1790552761.907172339] [pose_estimator]: RPE: trans 0.4155 | rot 0.00638 (0.258 deg)
Matched 370 keypoints
[INFO] [1790552762.025176298] [pose_estimator]: RANSAC: 335 inliers / 370, 8 iterations
[INFO] [1790552762.025330631] [pose_estimator]: RPE: trans 0.8918 | rot 0.01301 (0.527 deg)
Matched 373 keypoints
[INFO] [1790552762.143857131] [pose_estimator]: RANSAC: 341 inliers / 373, 8 iterations
[INFO] [1790552762.144008090] [pose_estimator]: RPE: trans 0.5161 | rot 0.00711 (0.288 deg)
Matched 353 keypoints
[INFO] [1790552762.263401756] [pose_estimator]: RANSAC: 316 inliers / 353, 9 iterations
[INFO] [1790552762.263567298] [pose_estimator]: RPE: trans 0.5483 | rot 0.00215 (0.087 deg)
Matched 350 keypoints
[INFO] [1790552762.389353506] [pose_estimator]: RANSAC: 315 inliers / 350, 9 iterations
[INFO] [1790552762.389504090] [pose_estimator]: RPE: trans 0.1707 | rot 0.00496 (0.201 deg)
Matched 341 keypoints
[INFO] [1790552762.509797298] [pose_estimator]: RANSAC: 311 inliers / 341, 8 iterations
[INFO] [1790552762.509937756] [pose_estimator]: RPE: trans 0.5033 | rot 0.00605 (0.245 deg)
Matched 405 keypoints
[INFO] [1790552762.629731631] [pose_estimator]: RANSAC: 367 inliers / 405, 8 iterations
[INFO] [1790552762.629890173] [pose_estimator]: RPE: trans 1.9842 | rot 0.01499 (0.607 deg)
Matched 362 keypoints
[INFO] [1790552762.748675507] [pose_estimator]: RANSAC: 299 inliers / 362, 19 iterations
[INFO] [1790552762.748831340] [pose_estimator]: RPE: trans 0.6130 | rot 0.01863 (0.755 deg)
Matched 395 keypoints
[INFO] [1790552762.884634382] [pose_estimator]: RANSAC: 359 inliers / 395, 8 iterations
[INFO] [1790552762.884800715] [pose_estimator]: RPE: trans 1.9051 | rot 0.01662 (0.673 deg)
Matched 366 keypoints
[INFO] [1790552763.006982882] [pose_estimator]: RANSAC: 337 inliers / 366, 7 iterations
[INFO] [1790552763.007144382] [pose_estimator]: RPE: trans 0.4231 | rot 0.00889 (0.360 deg)
Matched 355 keypoints
[INFO] [1790552763.126644507] [pose_estimator]: RANSAC: 319 inliers / 355, 11 iterations
[INFO] [1790552763.126849090] [pose_estimator]: RPE: trans 0.4418 | rot 0.01034 (0.419 deg)
Matched 365 keypoints
[INFO] [1790552763.248104048] [pose_estimator]: RANSAC: 337 inliers / 365, 7 iterations
[INFO] [1790552763.248244215] [pose_estimator]: RPE: trans 0.5453 | rot 0.01627 (0.659 deg)
Matched 353 keypoints
[INFO] [1790552763.447027757] [pose_estimator]: RANSAC: 326 inliers / 353, 7 iterations
[INFO] [1790552763.447192549] [pose_estimator]: RPE: trans 0.3838 | rot 0.01431 (0.580 deg)
Matched 337 keypoints
[INFO] [1790552763.567685674] [pose_estimator]: RANSAC: 301 inliers / 337, 9 iterations
[INFO] [1790552763.567827715] [pose_estimator]: RPE: trans 0.1080 | rot 0.00363 (0.147 deg)
Matched 367 keypoints
[INFO] [1790552763.687674424] [pose_estimator]: RANSAC: 335 inliers / 367, 9 iterations
[INFO] [1790552763.687806007] [pose_estimator]: RPE: trans 0.4446 | rot 0.01371 (0.556 deg)
Matched 324 keypoints
[INFO] [1790552763.805605799] [pose_estimator]: RANSAC: 284 inliers / 324, 11 iterations
[INFO] [1790552763.805743549] [pose_estimator]: RPE: trans 0.3026 | rot 0.00807 (0.327 deg)
Matched 322 keypoints
[INFO] [1790552763.926432549] [pose_estimator]: RANSAC: 298 inliers / 322, 6 iterations
[INFO] [1790552763.926575257] [pose_estimator]: RPE: trans 0.5397 | rot 0.01526 (0.618 deg)
Matched 313 keypoints
[INFO] [1790552764.044497924] [pose_estimator]: RANSAC: 289 inliers / 313, 7 iterations
[INFO] [1790552764.044664007] [pose_estimator]: RPE: trans 0.2317 | rot 0.00664 (0.269 deg)
Matched 361 keypoints
[INFO] [1790552764.173317007] [pose_estimator]: RANSAC: 324 inliers / 361, 11 iterations
[INFO] [1790552764.173468591] [pose_estimator]: RPE: trans 0.1503 | rot 0.00289 (0.117 deg)
Matched 369 keypoints
[INFO] [1790552764.294690966] [pose_estimator]: RANSAC: 322 inliers / 369, 12 iterations
[INFO] [1790552764.294842132] [pose_estimator]: RPE: trans 0.4593 | rot 0.01499 (0.607 deg)
Matched 326 keypoints
[INFO] [1790552764.412623716] [pose_estimator]: RANSAC: 297 inliers / 326, 8 iterations
[INFO] [1790552764.412776716] [pose_estimator]: RPE: trans 0.3575 | rot 0.01153 (0.467 deg)
Matched 348 keypoints
[INFO] [1790552764.546003424] [pose_estimator]: RANSAC: 299 inliers / 348, 14 iterations
[INFO] [1790552764.546149257] [pose_estimator]: RPE: trans 0.9743 | rot 0.02479 (1.005 deg)
Matched 329 keypoints
[INFO] [1790552764.672270007] [pose_estimator]: RANSAC: 297 inliers / 329, 8 iterations
[INFO] [1790552764.672455799] [pose_estimator]: RPE: trans 0.1881 | rot 0.00388 (0.157 deg)
Matched 365 keypoints
[INFO] [1790552764.792919466] [pose_estimator]: RANSAC: 328 inliers / 365, 9 iterations
[INFO] [1790552764.793075841] [pose_estimator]: RPE: trans 0.2691 | rot 0.00660 (0.267 deg)
Matched 350 keypoints
[INFO] [1790552764.921549466] [pose_estimator]: RANSAC: 318 inliers / 350, 8 iterations
[INFO] [1790552764.921712466] [pose_estimator]: RPE: trans 0.3851 | rot 0.00627 (0.254 deg)
Matched 380 keypoints
[INFO] [1790552765.045980841] [pose_estimator]: RANSAC: 330 inliers / 380, 12 iterations
[INFO] [1790552765.046143008] [pose_estimator]: RPE: trans 0.9557 | rot 0.02222 (0.900 deg)
Matched 357 keypoints
[INFO] [1790552765.167305924] [pose_estimator]: RANSAC: 309 inliers / 357, 13 iterations
[INFO] [1790552765.167471799] [pose_estimator]: RPE: trans 0.4554 | rot 0.00728 (0.295 deg)
Matched 363 keypoints
[INFO] [1790552765.294808591] [pose_estimator]: RANSAC: 321 inliers / 363, 10 iterations
[INFO] [1790552765.294982758] [pose_estimator]: RPE: trans 1.4590 | rot 0.01402 (0.568 deg)
Matched 366 keypoints
[INFO] [1790552765.420819216] [pose_estimator]: RANSAC: 329 inliers / 366, 9 iterations
[INFO] [1790552765.421014008] [pose_estimator]: RPE: trans 0.5251 | rot 0.01134 (0.459 deg)
Matched 334 keypoints
[INFO] [1790552765.539086550] [pose_estimator]: RANSAC: 306 inliers / 334, 7 iterations
[INFO] [1790552765.539275133] [pose_estimator]: RPE: trans 0.4028 | rot 0.00404 (0.164 deg)
Matched 355 keypoints
[INFO] [1790552765.661837925] [pose_estimator]: RANSAC: 327 inliers / 355, 7 iterations
[INFO] [1790552765.662012508] [pose_estimator]: RPE: trans 0.5173 | rot 0.00953 (0.386 deg)
Matched 381 keypoints
[INFO] [1790552765.792099466] [pose_estimator]: RANSAC: 336 inliers / 381, 11 iterations
[INFO] [1790552765.792279966] [pose_estimator]: RPE: trans 0.5569 | rot 0.01098 (0.445 deg)
Matched 374 keypoints
[INFO] [1790552765.915986258] [pose_estimator]: RANSAC: 331 inliers / 374, 10 iterations
[INFO] [1790552765.916155550] [pose_estimator]: RPE: trans 0.6574 | rot 0.01423 (0.576 deg)
Matched 368 keypoints
[INFO] [1790552766.038181341] [pose_estimator]: RANSAC: 313 inliers / 368, 15 iterations
[INFO] [1790552766.038332675] [pose_estimator]: RPE: trans 1.7865 | rot 0.01376 (0.558 deg)
